-- phpMyAdmin SQL Dump
-- version 3.5.8.1deb1
-- http://www.phpmyadmin.net
--
-- Host: localhost
-- Generation Time: Aug 09, 2013 at 04:46 PM
-- Server version: 5.5.32-0ubuntu0.13.04.1
-- PHP Version: 5.4.9-4ubuntu2.2

SET SQL_MODE="NO_AUTO_VALUE_ON_ZERO";
SET time_zone = "+00:00";


/*!40101 SET @OLD_CHARACTER_SET_CLIENT=@@CHARACTER_SET_CLIENT */;
/*!40101 SET @OLD_CHARACTER_SET_RESULTS=@@CHARACTER_SET_RESULTS */;
/*!40101 SET @OLD_COLLATION_CONNECTION=@@COLLATION_CONNECTION */;
/*!40101 SET NAMES utf8 */;

--
-- Database: `dsa_map`
--

-- --------------------------------------------------------

--
-- Table structure for table `category`
--

CREATE TABLE IF NOT EXISTS `category` (
  `id` int(3) unsigned NOT NULL AUTO_INCREMENT,
  `name` varchar(20) NOT NULL,
  `sequence` int(3) NOT NULL,
  PRIMARY KEY (`id`),
  KEY `sequence` (`sequence`)
) ENGINE=MyISAM  DEFAULT CHARSET=utf8 AUTO_INCREMENT=19 ;

--
-- Dumping data for table `category`
--

INSERT INTO `category` (`id`, `name`, `sequence`) VALUES
(7, 'Seen', 1),
(8, 'Meere', 0),
(9, 'Ebenen', 0),
(10, 'Sümpfe', 1),
(11, 'Wälder', 2),
(13, 'Wüsten', 3),
(14, 'A - E', 0),
(15, 'F - J', 1),
(16, 'K - O', 2),
(17, 'P - T', 3),
(18, 'U - Z', 4);

-- --------------------------------------------------------

--
-- Table structure for table `city`
--

CREATE TABLE IF NOT EXISTS `city` (
  `id` int(3) unsigned NOT NULL AUTO_INCREMENT,
  `name` varchar(50) NOT NULL,
  `picturePath` varchar(30) NOT NULL,
  `picturePathAlt` varchar(30) NOT NULL,
  `id_category` int(3) unsigned NOT NULL,
  PRIMARY KEY (`id`),
  KEY `name` (`name`),
  KEY `id_category` (`id_category`)
) ENGINE=MyISAM  DEFAULT CHARSET=utf8 AUTO_INCREMENT=111 ;

--
-- Dumping data for table `city`
--

INSERT INTO `city` (`id`, `name`, `picturePath`, `picturePathAlt`, `id_category`) VALUES
(2, 'Paavi', 'geo/city_2.png', 'geo_alt/city_2.png', 17),
(3, 'Eestiva', 'geo/city_3.png', 'geo_alt/city_3.png', 14),
(4, 'Bjaldorn', 'geo/city_4.png', 'geo_alt/city_4.png', 14),
(5, 'Farlorn', 'geo/city_5.png', 'geo_alt/city_5.png', 15),
(6, 'Gerasim', 'geo/city_6.png', 'geo_alt/city_6.png', 15),
(7, 'Oblarasim', 'geo/city_7.png', 'geo_alt/city_7.png', 16),
(8, 'Notmark', 'geo/city_8.png', 'geo_alt/city_8.png', 16),
(9, 'Ouvenmas', 'geo/city_9.png', 'geo_alt/city_9.png', 16),
(10, 'Neersand', 'geo/city_10.png', 'geo_alt/city_10.png', 16),
(11, 'Festum', 'geo/city_11.png', 'geo_alt/city_11.png', 15),
(12, 'Vallusa', 'geo/city_12.png', 'geo_alt/city_12.png', 18),
(13, 'Norburg', 'geo/city_13.png', 'geo_alt/city_13.png', 16),
(14, 'Firunen', 'geo/city_14.png', 'geo_alt/city_14.png', 15),
(15, 'Rodebrannt', 'geo/city_15.png', 'geo_alt/city_15.png', 17),
(16, 'Riva', 'geo/city_16.png', 'geo_alt/city_16.png', 17),
(17, 'Leskari', 'geo/city_17.png', 'geo_alt/city_17.png', 16),
(18, 'Enqui', 'geo/city_18.png', 'geo_alt/city_18.png', 14),
(19, 'Kvirasim', 'geo/city_19.png', 'geo_alt/city_19.png', 16),
(20, 'Olport', 'geo/city_20.png', 'geo_alt/city_20.png', 16),
(21, 'Tiefhusen', 'geo/city_21.png', 'geo_alt/city_21.png', 17),
(22, 'Tjolmar', 'geo/city_22.png', 'geo_alt/city_22.png', 17),
(23, 'Lowangen', 'geo/city_23.png', 'geo_alt/city_23.png', 16),
(24, 'Baliho', 'geo/city_24.png', 'geo_alt/city_24.png', 14),
(25, 'Donnerbach', 'geo/city_25.png', 'geo_alt/city_25.png', 14),
(26, 'Gashok', 'geo/city_26.png', 'geo_alt/city_26.png', 15),
(27, 'Trallop', 'geo/city_27.png', 'geo_alt/city_27.png', 17),
(28, 'Uhdenberg', 'geo/city_28.png', 'geo_alt/city_28.png', 18),
(29, 'Prem', 'geo/city_29.png', 'geo_alt/city_29.png', 17),
(30, 'Waskir', 'geo/city_30.png', 'geo_alt/city_30.png', 18),
(31, 'Thorwal', 'geo/city_31.png', 'geo_alt/city_31.png', 17),
(32, 'Phexcaer', 'geo/city_32.png', 'geo_alt/city_32.png', 17),
(33, 'Mendena', 'geo/city_33.png', 'geo_alt/city_33.png', 16),
(34, 'Ilsur', 'geo/city_34.png', 'geo_alt/city_34.png', 15),
(35, 'Eslamsbrück', 'geo/city_35.png', 'geo_alt/city_35.png', 14),
(36, 'Ysilia', 'geo/city_36.png', 'geo_alt/city_36.png', 18),
(37, 'Perainefurten', 'geo/city_37.png', 'geo_alt/city_37.png', 17),
(38, 'Beilunk', 'geo/city_38.png', 'geo_alt/city_38.png', 14),
(39, 'Warunk', 'geo/city_39.png', 'geo_alt/city_39.png', 18),
(40, 'Salza', 'geo/city_40.png', 'geo_alt/city_40.png', 17),
(41, 'Kendrar', 'geo/city_41.png', 'geo_alt/city_41.png', 16),
(42, 'Andergast', 'geo/city_42.png', 'geo_alt/city_42.png', 14),
(43, 'Nostria', 'geo/city_43.png', 'geo_alt/city_43.png', 16),
(44, 'Joborn', 'geo/city_44.png', 'geo_alt/city_44.png', 15),
(45, 'Havena', 'geo/city_45.png', 'geo_alt/city_45.png', 15),
(46, 'Angbar', 'geo/city_46.png', 'geo_alt/city_46.png', 14),
(47, 'Ferdok', 'geo/city_47.png', 'geo_alt/city_47.png', 15),
(48, 'Gratenfels', 'geo/city_48.png', 'geo_alt/city_48.png', 15),
(49, 'Winhall', 'geo/city_49.png', 'geo_alt/city_49.png', 18),
(50, 'Honingen', 'geo/city_50.png', 'geo_alt/city_50.png', 15),
(51, 'Abilacht', 'geo/city_51.png', 'geo_alt/city_51.png', 14),
(52, 'Albenhus', 'geo/city_52.png', 'geo_alt/city_52.png', 14),
(53, 'Elenvina', 'geo/city_53.png', 'geo_alt/city_53.png', 14),
(54, 'Kyndoch', 'geo/city_54.png', 'geo_alt/city_54.png', 16),
(55, 'Harben', 'geo/city_55.png', 'geo_alt/city_55.png', 15),
(56, 'Grangor', 'geo/city_56.png', 'geo_alt/city_56.png', 15),
(57, 'Xorlosch', 'geo/city_57.png', 'geo_alt/city_57.png', 18),
(58, 'Punin', 'geo/city_58.png', 'geo_alt/city_58.png', 17),
(59, 'Ragath', 'geo/city_59.png', 'geo_alt/city_59.png', 17),
(60, 'Vinsalt', 'geo/city_60.png', 'geo_alt/city_60.png', 18),
(61, 'Bethana', 'geo/city_61.png', 'geo_alt/city_61.png', 14),
(62, 'Kuslik', 'geo/city_62.png', 'geo_alt/city_62.png', 16),
(63, 'Arivor', 'geo/city_63.png', 'geo_alt/city_63.png', 14),
(64, 'Belhanka', 'geo/city_64.png', 'geo_alt/city_64.png', 14),
(65, 'Silas', 'geo/city_65.png', 'geo_alt/city_65.png', 17),
(66, 'Methumis', 'geo/city_66.png', 'geo_alt/city_66.png', 16),
(67, 'Mengbilla', 'geo/city_67.png', 'geo_alt/city_67.png', 16),
(68, 'Drôl', 'geo/city_68.png', 'geo_alt/city_68.png', 14),
(69, 'Neetha', 'geo/city_69.png', 'geo_alt/city_69.png', 16),
(70, 'Teremon', 'geo/city_70.png', 'geo_alt/city_70.png', 17),
(71, 'Chorhop', 'geo/city_71.png', 'geo_alt/city_71.png', 14),
(72, 'Port Corrad', 'geo/city_72.png', 'geo_alt/city_72.png', 17),
(73, 'Selem', 'geo/city_73.png', 'geo_alt/city_73.png', 17),
(74, 'Mirham', 'geo/city_74.png', 'geo_alt/city_74.png', 16),
(75, 'Al''Anfa', 'geo/city_75.png', 'geo_alt/city_75.png', 14),
(76, 'Brabak', 'geo/city_76.png', 'geo_alt/city_76.png', 14),
(77, 'Hôt-Alem', 'geo/city_77.png', 'geo_alt/city_77.png', 15),
(78, 'Sylla', 'geo/city_78.png', 'geo_alt/city_78.png', 17),
(79, 'Charypso', 'geo/city_79.png', 'geo_alt/city_79.png', 14),
(80, 'Altaia', 'geo/city_80.png', 'geo_alt/city_80.png', 14),
(81, 'Keft', 'geo/city_81.png', 'geo_alt/city_81.png', 16),
(82, 'Unau', 'geo/city_82.png', 'geo_alt/city_82.png', 18),
(83, 'Kannemunde', 'geo/city_83.png', 'geo_alt/city_83.png', 16),
(84, 'Thalusa', 'geo/city_84.png', 'geo_alt/city_84.png', 17),
(85, 'Khunchom', 'geo/city_85.png', 'geo_alt/city_85.png', 16),
(86, 'Mherwed', 'geo/city_86.png', 'geo_alt/city_86.png', 16),
(87, 'Rashdul', 'geo/city_87.png', 'geo_alt/city_87.png', 17),
(88, 'Anchopal', 'geo/city_88.png', 'geo_alt/city_88.png', 14),
(89, 'Fasar', 'geo/city_89.png', 'geo_alt/city_89.png', 15),
(90, 'Zorgan', 'geo/city_90.png', 'geo_alt/city_90.png', 18),
(91, 'Elburum', 'geo/city_91.png', 'geo_alt/city_91.png', 14),
(92, 'Llanka', 'geo/city_92.png', 'geo_alt/city_92.png', 16),
(93, 'Perricum', 'geo/city_93.png', 'geo_alt/city_93.png', 17),
(94, 'Baburin', 'geo/city_94.png', 'geo_alt/city_94.png', 14),
(95, 'Tuzak', 'geo/city_95.png', 'geo_alt/city_95.png', 17),
(96, 'Sinoda', 'geo/city_96.png', 'geo_alt/city_96.png', 17),
(97, 'Boran', 'geo/city_97.png', 'geo_alt/city_97.png', 14),
(98, 'Jergan', 'geo/city_98.png', 'geo_alt/city_98.png', 15),
(99, 'Eslamsgrund', 'geo/city_99.png', 'geo_alt/city_99.png', 14),
(100, 'Gareth', 'geo/city_100.png', 'geo_alt/city_100.png', 15),
(101, 'Wehrheim', 'geo/city_101.png', 'geo_alt/city_101.png', 18),
(102, 'Rommilys', 'geo/city_102.png', 'geo_alt/city_102.png', 17),
(103, 'Zwerch', 'geo/city_103.png', 'geo_alt/city_103.png', 18),
(104, 'Eslamsroden', 'geo/city_104.png', 'geo_alt/city_104.png', 14),
(105, 'Greifenfurt', 'geo/city_105.png', 'geo_alt/city_105.png', 15),
(106, 'Frisov', 'geo/city_106.png', '', 15),
(107, 'Port Stoerrebrandt', 'geo/city_107.png', '', 17),
(108, 'Rethis', 'geo/city_108.png', '', 17),
(109, 'Khefu', 'geo/city_109.png', '', 16);

-- --------------------------------------------------------

--
-- Table structure for table `city_color`
--

CREATE TABLE IF NOT EXISTS `city_color` (
  `id_city` int(3) unsigned NOT NULL,
  `id_color` int(3) unsigned NOT NULL,
  KEY `id_city` (`id_city`),
  KEY `id_color` (`id_color`)
) ENGINE=MyISAM DEFAULT CHARSET=utf8;

--
-- Dumping data for table `city_color`
--

INSERT INTO `city_color` (`id_city`, `id_color`) VALUES
(2, 104),
(2, 109),
(2, 110),
(2, 121),
(3, 130),
(3, 131),
(3, 132),
(4, 179),
(4, 183),
(4, 184),
(5, 103),
(5, 106),
(6, 234),
(6, 235),
(6, 236),
(7, 161),
(7, 162),
(7, 164),
(7, 173),
(7, 174),
(8, 240),
(8, 241),
(8, 243),
(8, 244),
(8, 245),
(8, 247),
(9, 278),
(9, 280),
(9, 303),
(9, 304),
(10, 548),
(10, 549),
(10, 550),
(10, 552),
(10, 554),
(10, 565),
(10, 571),
(10, 576),
(10, 590),
(11, 581),
(11, 582),
(11, 584),
(11, 585),
(11, 586),
(11, 587),
(11, 592),
(11, 596),
(11, 599),
(11, 603),
(11, 615),
(12, 686),
(12, 687),
(12, 688),
(12, 691),
(12, 694),
(12, 696),
(12, 710),
(12, 711),
(12, 714),
(12, 715),
(13, 284),
(13, 288),
(13, 289),
(13, 306),
(13, 307),
(13, 310),
(14, 441),
(14, 449),
(14, 469),
(15, 376),
(15, 378),
(15, 385),
(16, 211),
(16, 212),
(16, 213),
(16, 217),
(16, 225),
(16, 226),
(16, 229),
(17, 87),
(17, 88),
(17, 90),
(17, 91),
(17, 92),
(18, 270),
(18, 273),
(18, 292),
(19, 275),
(19, 277),
(19, 279),
(19, 293),
(19, 294),
(19, 295),
(19, 299),
(19, 302),
(19, 305),
(20, 334),
(20, 335),
(21, 486),
(21, 488),
(21, 491),
(21, 496),
(21, 497),
(21, 502),
(21, 507),
(21, 511),
(21, 513),
(22, 356),
(22, 362),
(22, 366),
(22, 367),
(22, 368),
(22, 369),
(22, 380),
(22, 384),
(22, 388),
(23, 611),
(23, 620),
(23, 621),
(23, 624),
(23, 626),
(23, 629),
(23, 636),
(23, 644),
(24, 699),
(24, 700),
(24, 702),
(25, 516),
(25, 519),
(25, 538),
(25, 541),
(25, 542),
(26, 532),
(26, 533),
(26, 534),
(27, 614),
(27, 618),
(28, 498),
(28, 499),
(28, 503),
(28, 508),
(28, 524),
(29, 705),
(29, 708),
(30, 512),
(30, 514),
(30, 515),
(30, 517),
(30, 529),
(30, 531),
(30, 536),
(31, 703),
(31, 704),
(32, 575),
(32, 579),
(33, 806),
(33, 808),
(33, 809),
(33, 811),
(33, 812),
(34, 771),
(34, 772),
(34, 774),
(34, 775),
(34, 779),
(34, 785),
(34, 787),
(35, 781),
(35, 782),
(36, 750),
(36, 751),
(37, 660),
(37, 666),
(37, 667),
(37, 668),
(37, 678),
(38, 872),
(38, 873),
(38, 875),
(38, 898),
(38, 899),
(39, 833),
(39, 835),
(39, 837),
(39, 845),
(40, 797),
(40, 799),
(40, 800),
(40, 801),
(40, 803),
(41, 777),
(41, 780),
(42, 757),
(42, 758),
(42, 762),
(42, 766),
(43, 860),
(43, 861),
(43, 862),
(43, 866),
(44, 767),
(44, 768),
(44, 769),
(44, 770),
(45, 931),
(45, 934),
(46, 852),
(46, 854),
(46, 865),
(47, 913),
(47, 914),
(47, 915),
(47, 916),
(47, 917),
(47, 921),
(47, 929),
(47, 930),
(48, 863),
(48, 864),
(48, 869),
(48, 870),
(48, 874),
(48, 886),
(48, 892),
(49, 839),
(49, 840),
(49, 841),
(49, 851),
(50, 900),
(50, 904),
(50, 905),
(50, 908),
(51, 920),
(51, 924),
(52, 983),
(52, 984),
(52, 985),
(52, 986),
(52, 987),
(52, 988),
(53, 1012),
(53, 1013),
(54, 977),
(54, 979),
(55, 1036),
(55, 1037),
(55, 1042),
(55, 1043),
(56, 1057),
(56, 1065),
(56, 1066),
(56, 1069),
(56, 1070),
(57, 978),
(57, 980),
(57, 982),
(58, 1038),
(58, 1039),
(58, 1044),
(59, 1014),
(59, 1015),
(59, 1016),
(59, 1017),
(59, 1018),
(59, 1020),
(60, 1104),
(60, 1106),
(60, 1107),
(60, 1112),
(60, 1127),
(61, 1119),
(61, 1120),
(62, 1133),
(62, 1134),
(62, 1135),
(62, 1148),
(63, 1137),
(63, 1138),
(63, 1141),
(63, 1142),
(64, 1185),
(64, 1188),
(65, 1163),
(65, 1165),
(66, 1181),
(66, 1182),
(67, 1343),
(67, 1344),
(67, 1352),
(67, 1353),
(68, 1290),
(68, 1299),
(68, 1300),
(68, 1303),
(68, 1304),
(68, 1306),
(68, 1310),
(68, 1311),
(68, 1317),
(68, 1318),
(68, 1319),
(69, 1236),
(69, 1237),
(70, 1226),
(71, 1461),
(71, 1462),
(71, 1464),
(72, 1374),
(72, 1375),
(72, 1377),
(72, 1378),
(72, 1383),
(72, 1384),
(72, 1390),
(72, 1395),
(72, 1396),
(72, 1404),
(72, 1411),
(72, 1418),
(72, 1419),
(72, 1420),
(72, 1423),
(72, 1424),
(72, 1425),
(72, 1435),
(73, 1405),
(73, 1406),
(73, 1407),
(73, 1408),
(73, 1409),
(73, 1413),
(73, 1414),
(73, 1415),
(74, 1474),
(74, 1476),
(74, 1477),
(74, 1478),
(74, 1479),
(74, 1480),
(74, 1481),
(74, 1482),
(74, 1483),
(74, 1484),
(74, 1488),
(75, 1492),
(75, 1494),
(75, 1495),
(75, 1499),
(76, 1554),
(76, 1555),
(76, 1558),
(76, 1559),
(77, 1573),
(77, 1574),
(77, 1575),
(77, 1576),
(77, 1579),
(77, 1582),
(77, 1585),
(77, 1587),
(77, 1590),
(78, 1525),
(78, 1528),
(78, 1532),
(78, 1537),
(79, 1545),
(79, 1546),
(79, 1547),
(79, 1548),
(80, 1560),
(80, 1562),
(81, 1225),
(82, 1308),
(83, 1326),
(83, 1331),
(83, 1332),
(83, 1333),
(83, 1334),
(83, 1335),
(83, 1336),
(83, 1339),
(83, 1340),
(83, 1341),
(83, 1342),
(84, 1263),
(84, 1264),
(84, 1265),
(84, 1266),
(84, 1270),
(84, 1274),
(84, 1280),
(84, 1281),
(84, 1294),
(85, 1149),
(85, 1150),
(85, 1151),
(85, 1152),
(85, 1153),
(85, 1154),
(85, 1157),
(85, 1159),
(85, 1167),
(85, 1168),
(86, 1184),
(86, 1186),
(86, 1189),
(86, 1195),
(86, 1203),
(86, 1204),
(87, 1192),
(87, 1193),
(87, 1194),
(87, 1197),
(87, 1198),
(87, 1200),
(87, 1201),
(87, 1205),
(87, 1208),
(88, 1108),
(88, 1109),
(89, 1075),
(89, 1076),
(89, 1077),
(89, 1078),
(90, 1040),
(90, 1041),
(90, 1047),
(90, 1048),
(91, 1033),
(91, 1049),
(91, 1050),
(91, 1051),
(92, 1005),
(92, 1006),
(92, 1010),
(92, 1011),
(93, 945),
(93, 946),
(93, 947),
(93, 948),
(93, 949),
(93, 950),
(93, 951),
(93, 953),
(93, 954),
(93, 960),
(93, 962),
(93, 965),
(93, 966),
(93, 967),
(94, 991),
(94, 992),
(94, 998),
(94, 999),
(95, 1227),
(95, 1228),
(95, 1230),
(95, 1233),
(96, 1322),
(96, 1324),
(96, 1337),
(96, 1338),
(97, 1161),
(97, 1162),
(97, 1164),
(97, 1166),
(97, 1175),
(97, 1176),
(98, 1029),
(98, 1030),
(98, 1031),
(98, 1032),
(98, 1034),
(99, 959),
(99, 961),
(100, 890),
(100, 894),
(100, 909),
(101, 805),
(101, 807),
(102, 868),
(102, 871),
(102, 895),
(103, 853),
(103, 855),
(104, 792),
(104, 794),
(105, 789),
(105, 791),
(105, 793),
(105, 795),
(106, 56),
(106, 61),
(106, 62),
(106, 65),
(106, 69),
(106, 70),
(106, 72),
(107, 1640),
(107, 1648),
(107, 1650),
(107, 1655),
(107, 1660),
(108, 1241),
(108, 1242),
(108, 1246),
(109, 1572),
(109, 1578),
(109, 1581),
(109, 1584);

-- --------------------------------------------------------

--
-- Table structure for table `city_content`
--

CREATE TABLE IF NOT EXISTS `city_content` (
  `id` int(11) NOT NULL AUTO_INCREMENT,
  `id_city` int(11) NOT NULL,
  `title` varchar(50) NOT NULL,
  `content` varchar(500) NOT NULL,
  `time` int(11) DEFAULT NULL,
  `overwrite` int(1) NOT NULL DEFAULT '1' COMMENT '1: nur akuteller eintrag',
  PRIMARY KEY (`id`),
  KEY `id_city` (`id_city`)
) ENGINE=MyISAM  DEFAULT CHARSET=utf8 AUTO_INCREMENT=68 ;

--
-- Dumping data for table `city_content`
--

INSERT INTO `city_content` (`id`, `id_city`, `title`, `content`, `time`, `overwrite`) VALUES
(1, 2, 'Hauptname', 'Paavi', NULL, 1),
(3, 2, 'Einwohnerzahl', '5500', 1018, 1),
(4, 2, 'Einwohnerzahl', '1600', 1021, 1),
(5, 2, 'Einwohnerzahl', '789', 1006, 1),
(6, 2, 'Tempel', 'Efferd * Travia * Nagrach * Ingerimm * Phex * Firun (im Umland versteckt)', NULL, 1),
(7, 2, 'Tempel', 'Efferd * Travia * Nagrach * Firun (im Umland versteckt)', 1019, 1),
(8, 106, 'Hauptname', 'Frisov', 930, 1),
(9, 79, 'Hauptname', 'Charypso', 499, 1),
(10, 79, 'Einwohnerzahl', '1900', NULL, 1),
(11, 79, 'Tempel', 'Efferd (Schlecht erhalten) * Phex (Schlecht erhalten)', NULL, 1),
(12, 79, 'Beschrieb', 'Wer Al`anfa für den Gipfel an Grausamkeit hält, muss sich in dieser Piratenstadt eines Besseren belehren lassen.', NULL, 1),
(13, 107, 'Hauptname', 'Port Stoerrebrandt', 966, 1),
(14, 107, 'Einwohnerzahl', '700', 966, 1),
(15, 107, 'Tempel', 'Rondra * Swafnir * Travia', 966, 1),
(16, 107, 'Beschrieb', 'Diese Hafenstadt ist die einzige sichere Anlaufstelle im ganzen Waldinselgebiet. Kein wunder, dass in dieser Stadt die Loyalität zum Hause Stoerrebrandt so gross ist... ', 966, 1),
(17, 107, 'Gründungsdatum', '966', 966, 1),
(18, 107, 'Geschichte', 'Das Stadtgebiet wurde von Vikko Stoerrebrandt gegen ein Dutzend Metallwaffen den Miniwatu abgekauft.', 966, 1),
(19, 109, 'Hauptname', 'Khefu', NULL, 1),
(20, 109, 'Einwohnerzahl', '1300', NULL, 1),
(21, 109, 'Tempel', '<b>Boron</b> * Rondra * Praios * Efferd * Rastullah', NULL, 1),
(22, 109, 'Besondere Orte', 'Der schwimmenden Markt (Ein Markt, welcher auf Booten im Fluss ist.)', NULL, 1),
(23, 109, 'Beschrieb', '"Oh, Khefu, Stolz der Vergangenheit und Hoffnung der Zukunft!" In dieser Stadt ist ein gemisch zwischen allen Rassen und Nationalitäten, stets auf der Suche nach einem guten Geschäft. ', NULL, 1),
(24, 3, 'Hauptname', 'Eestiva', NULL, 1),
(25, 3, 'Besondere Orte', 'Ifirn Tempel (Ein wunderbarer Tempel, bestehend aus einem Schwanensee mit Ifirn-Seerosen. In der mitte des Sees steht ein weissgetünchter "Tempel", die Schwanen Niststätte.', NULL, 1),
(26, 76, 'Hauptname', 'Brabak', -762, 1),
(27, 76, 'Gründungsdatum', '-762', -762, 1),
(28, 76, 'Tempel', '<b>Efferd</b> * Phex * Rahja * Boron (Puriner Zweig mit Al`anfanischer Liturgie)', -762, 1),
(29, 76, 'Einwohnerzahl', '3501', 1026, 1),
(30, 76, 'Akademien', 'Die Dunkle Halle der Geister (Beschwörung, Geisterwesen, Dämonisch / schwarz)', 200, 1),
(31, 76, 'Beschrieb', 'Die grosse Toleranz und Libertinität lockt viele umstritene Philosophen, verfolgte Freidenker, obskure Prediger und ruchlose Schwarzmagier her.', NULL, 1),
(32, 76, 'Geschichte', 'Brabak und Hôt-Alem bilden zusammen das Gouvernement Brbakien.', 336, 0),
(33, 76, 'Geschichte', 'Der Gouverneur Thiralion di Sylphur wird als Ariakon I. König. Brabak wird somit unabhängig.', 849, 0),
(34, 76, 'Geschichte', 'Krieg zwischen Brabak und Al`anfa um H`Rabaal.', 944, 0),
(35, 76, 'Geschichte', 'Brabak gewinnt den Krieg gegen Al`anfa um H`Rabaal.', 947, 0),
(36, 71, 'Hauptname', 'Corapia', -875, 1),
(37, 71, 'Geschichte', 'Corapia sagt sich vom Mittelreich los.', 866, 0),
(38, 71, 'Hauptname', 'Chorhop', 961, 1),
(39, 71, 'Geschichte', 'Corapia wird vom Kalifat erobert und in Chorhop umbenannt.', 961, 0),
(40, 71, 'Einwohnerzahl', '1350', NULL, 1),
(41, 71, 'Tempel', '<b>Phex</b> * Rastullah * Boron (Al`Anfaner Ritus)', NULL, 1),
(42, 71, 'Beschrieb', 'Phex wird hier alle Ehre erteilt: Die Wett- und Glücksspielleidenschaft ist hier sprichwörtlich. Für nördliche Schiffsfahrer ist dies vor einer 600 Meilenlangen Dschungelküste südwärts die letzte Sichere Anlegestelle.', NULL, 1),
(43, 71, 'Geschichte', 'Die Stadt Corapia wurde von flüchtigen tulamidischen Rebellen gegen das Diamantene Sultanat gegründet.', -875, 0),
(44, 2, 'Geschichte', 'Aus dem nordbardischen Handeslposten entsteht eine Stadt.', 930, 0),
(45, 2, 'Beschrieb', 'Der norbardische Handelsposten liegt an der Mündung der Letta. Er ist umgeben von Eiswüste.', NULL, 1),
(46, 2, 'Beschrieb', 'Die wichtige Hafen- und Handelsstadt liegt an der Mündung der Letta. Sie ist umgeben von Eiswüste. ', 930, 1),
(47, 2, 'Geschichte', 'Ein Goldrausch lockt viele Leute her.', 1018, 0),
(48, 2, 'Beschrieb', 'Die wichtige Hafen- und Handelsstadt liegt an der Mündung der Letta. Sie ist umgeben von Eiswüste. Vorallem im Stadtteil Goldgrund herrscht ein rauhes Umgangsklima.', 1018, 1),
(49, 106, 'Tempel', 'Efferd (Schrein)', 930, 1),
(50, 71, 'Geschichte', 'Einführung der Grossen Lotterie (jährliches auslosen der neuen Oberhäupter der Stadt.)', 907, 0),
(51, 76, 'Einwohnerzahl', '2950', 1006, 1),
(52, 71, 'Gründungsdatum', '-875', -875, 1),
(53, 79, 'Synonym', 'Stadt der schwarzen Schlange', NULL, 0),
(54, 79, 'Geschichte', 'Tulamidische Zedrakken entdecken die Tempelstadt und Dämonenhöhle As Shabija al`Charypsodor', -1000, 0),
(55, 79, 'Hauptname', 'As Shabija al`Charypsodor', -1000, 1),
(56, 79, 'Geschichte', 'Syllanische Siedler gründen die Stadt Charypso', 499, 1),
(57, 79, 'Gründungsdatum', '499', 499, 1),
(58, 79, 'Geschichte', 'Zerstörung der Stadt durch die Waldmenschen', 802, 0),
(59, 79, 'Geschichte', 'Neuaufbau der Stadt durch Syllaner', 854, 0),
(60, 79, 'Beschrieb', 'Wer Al`anfa für den Gipfel an Grausamkeit hält, muss sich in dieser Piratenstadt eines Besseren belehren lassen. Längst nicht alle Ruinen sind neu Aufgebaut worden und die neu aufgebauten sehen immer noch wie Ruinen aus.', 854, 1),
(61, 106, 'Einwohnerzahl', '50', 930, 1),
(62, 106, 'Beschrieb', 'Frisov ist eher ein Stützpunkt der Walfänger aus Paavi als eine richtige Stadt. Im einzigen Gasthof, der Schänke zum Wildfang, ist auch nur etwas los, wenn Walfangschiffe angelegt haben.', 930, 1),
(63, 109, 'Synonym', 'Smaragd des Südens', NULL, 0),
(64, 3, 'Tempel', 'Ifrin', NULL, 1),
(65, 3, 'Einwohnerzahl', '600', NULL, 1),
(66, 3, 'Beschrieb', 'Im Winter befinden sich hier doppelt so viele Einwohner, da die Nomaden der Umgebung ihr Winterlager aufschlagen. Geprägt wird die Stimmung von der bezuberneden Umgebung des Ifirn Tempels.', NULL, 1),
(67, 4, 'Hauptname', 'Bjaldorn', NULL, 1);

-- --------------------------------------------------------

--
-- Table structure for table `color`
--

CREATE TABLE IF NOT EXISTS `color` (
  `id` int(3) unsigned NOT NULL AUTO_INCREMENT,
  `r` int(3) NOT NULL,
  `g` int(3) NOT NULL,
  `b` int(3) NOT NULL,
  PRIMARY KEY (`id`),
  KEY `r` (`r`),
  KEY `g` (`g`),
  KEY `b` (`b`)
) ENGINE=MyISAM  DEFAULT CHARSET=utf8 AUTO_INCREMENT=1677 ;

--
-- Dumping data for table `color`
--

INSERT INTO `color` (`id`, `r`, `g`, `b`) VALUES
(1, 69, 3, 0),
(2, 198, 6, 0),
(3, 201, 6, 0),
(4, 87, 3, 0),
(5, 204, 96, 0),
(6, 207, 96, 0),
(7, 210, 96, 0),
(8, 204, 6, 0),
(9, 78, 3, 0),
(10, 213, 96, 0),
(11, 216, 96, 0),
(12, 219, 96, 0),
(13, 222, 96, 0),
(14, 120, 135, 0),
(15, 123, 135, 0),
(16, 18, 102, 0),
(17, 21, 102, 0),
(18, 81, 3, 0),
(19, 228, 96, 0),
(20, 126, 135, 0),
(21, 129, 135, 0),
(22, 231, 96, 0),
(23, 132, 135, 0),
(24, 234, 96, 0),
(25, 237, 96, 0),
(26, 240, 96, 0),
(27, 135, 135, 0),
(28, 243, 96, 0),
(29, 246, 96, 0),
(30, 249, 96, 0),
(31, 252, 96, 0),
(32, 243, 141, 0),
(33, 0, 99, 0),
(34, 246, 141, 0),
(35, 249, 141, 0),
(36, 252, 141, 0),
(37, 255, 141, 0),
(38, 0, 144, 0),
(39, 3, 144, 0),
(40, 21, 78, 0),
(41, 252, 75, 0),
(42, 12, 99, 0),
(43, 6, 144, 0),
(44, 18, 99, 0),
(45, 18, 78, 0),
(46, 255, 75, 0),
(47, 75, 3, 0),
(48, 117, 102, 0),
(49, 9, 144, 0),
(50, 12, 144, 0),
(51, 15, 144, 0),
(52, 18, 144, 0),
(53, 21, 144, 0),
(54, 120, 102, 0),
(55, 24, 144, 0),
(56, 138, 135, 0),
(57, 33, 102, 0),
(58, 27, 144, 0),
(59, 141, 135, 0),
(60, 144, 135, 0),
(61, 24, 99, 0),
(62, 147, 135, 0),
(63, 150, 135, 0),
(64, 153, 135, 0),
(65, 156, 135, 0),
(66, 48, 99, 0),
(67, 30, 144, 0),
(68, 159, 135, 0),
(69, 54, 99, 0),
(70, 45, 99, 0),
(71, 162, 135, 0),
(72, 165, 135, 0),
(73, 33, 144, 0),
(74, 39, 99, 0),
(75, 36, 144, 0),
(76, 39, 144, 0),
(77, 42, 144, 0),
(78, 45, 144, 0),
(79, 168, 135, 0),
(80, 48, 144, 0),
(81, 63, 99, 0),
(82, 207, 6, 0),
(83, 51, 144, 0),
(84, 54, 144, 0),
(85, 57, 144, 0),
(86, 210, 6, 0),
(87, 60, 144, 0),
(88, 63, 144, 0),
(89, 66, 144, 0),
(90, 93, 105, 0),
(91, 96, 105, 0),
(92, 69, 144, 0),
(93, 99, 3, 0),
(94, 213, 6, 0),
(95, 69, 99, 0),
(96, 72, 144, 0),
(97, 216, 6, 0),
(98, 219, 6, 0),
(99, 222, 6, 0),
(100, 102, 105, 0),
(101, 225, 6, 0),
(102, 75, 144, 0),
(103, 78, 144, 0),
(104, 81, 144, 0),
(105, 228, 6, 0),
(106, 108, 105, 0),
(107, 39, 105, 0),
(108, 231, 6, 0),
(109, 114, 105, 0),
(110, 84, 144, 0),
(111, 87, 144, 0),
(112, 234, 6, 0),
(113, 237, 6, 0),
(114, 240, 6, 0),
(115, 243, 6, 0),
(116, 246, 6, 0),
(117, 90, 144, 0),
(118, 93, 144, 0),
(119, 96, 144, 0),
(120, 99, 144, 0),
(121, 102, 144, 0),
(122, 63, 93, 0),
(123, 66, 93, 0),
(124, 105, 144, 0),
(125, 249, 6, 0),
(126, 252, 6, 0),
(127, 255, 6, 0),
(128, 0, 9, 0),
(129, 3, 9, 0),
(130, 108, 144, 0),
(131, 111, 144, 0),
(132, 135, 105, 0),
(133, 6, 9, 0),
(134, 114, 144, 0),
(135, 9, 9, 0),
(136, 12, 9, 0),
(137, 15, 9, 0),
(138, 18, 9, 0),
(139, 21, 9, 0),
(140, 24, 9, 0),
(141, 144, 39, 0),
(142, 117, 144, 0),
(143, 93, 3, 0),
(144, 120, 144, 0),
(145, 123, 144, 0),
(146, 126, 144, 0),
(147, 129, 144, 0),
(148, 132, 144, 0),
(149, 135, 144, 0),
(150, 90, 3, 0),
(151, 138, 144, 0),
(152, 141, 144, 0),
(153, 144, 144, 0),
(154, 147, 144, 0),
(155, 36, 9, 0),
(156, 27, 9, 0),
(157, 30, 9, 0),
(158, 39, 9, 0),
(159, 33, 9, 0),
(160, 42, 9, 0),
(161, 150, 144, 0),
(162, 180, 105, 0),
(163, 153, 144, 0),
(164, 156, 144, 0),
(165, 45, 9, 0),
(166, 54, 9, 0),
(167, 150, 39, 0),
(168, 147, 39, 0),
(169, 48, 9, 0),
(170, 57, 9, 0),
(171, 51, 9, 0),
(172, 159, 144, 0),
(173, 162, 144, 0),
(174, 165, 144, 0),
(175, 60, 9, 0),
(176, 63, 9, 0),
(177, 168, 144, 0),
(178, 171, 144, 0),
(179, 174, 144, 0),
(180, 177, 144, 0),
(181, 180, 144, 0),
(182, 183, 144, 0),
(183, 186, 144, 0),
(184, 201, 105, 0),
(185, 66, 9, 0),
(186, 84, 9, 0),
(187, 69, 9, 0),
(188, 72, 9, 0),
(189, 75, 9, 0),
(190, 87, 9, 0),
(191, 189, 144, 0),
(192, 192, 144, 0),
(193, 78, 9, 0),
(194, 90, 9, 0),
(195, 81, 9, 0),
(196, 195, 144, 0),
(197, 198, 144, 0),
(198, 201, 144, 0),
(199, 204, 144, 0),
(200, 207, 144, 0),
(201, 210, 144, 0),
(202, 213, 144, 0),
(203, 216, 144, 0),
(204, 219, 144, 0),
(205, 189, 135, 0),
(206, 192, 135, 0),
(207, 222, 144, 0),
(208, 225, 144, 0),
(209, 228, 144, 0),
(210, 3, 108, 0),
(211, 24, 201, 0),
(212, 27, 201, 0),
(213, 30, 201, 0),
(214, 234, 144, 0),
(215, 237, 144, 0),
(216, 240, 144, 0),
(217, 33, 201, 0),
(218, 246, 144, 0),
(219, 249, 144, 0),
(220, 252, 144, 0),
(221, 219, 105, 0),
(222, 204, 135, 0),
(223, 207, 135, 0),
(224, 255, 144, 0),
(225, 36, 201, 0),
(226, 39, 201, 0),
(227, 3, 147, 0),
(228, 6, 147, 0),
(229, 42, 201, 0),
(230, 12, 147, 0),
(231, 15, 147, 0),
(232, 18, 147, 0),
(233, 21, 147, 0),
(234, 24, 147, 0),
(235, 66, 108, 0),
(236, 27, 147, 0),
(237, 30, 147, 0),
(238, 33, 147, 0),
(239, 36, 147, 0),
(240, 39, 147, 0),
(241, 42, 147, 0),
(242, 45, 147, 0),
(243, 48, 147, 0),
(244, 87, 108, 0),
(245, 90, 108, 0),
(246, 51, 147, 0),
(247, 54, 147, 0),
(248, 57, 147, 0),
(249, 60, 147, 0),
(250, 63, 147, 0),
(251, 66, 147, 0),
(252, 222, 135, 0),
(253, 225, 135, 0),
(254, 228, 135, 0),
(255, 69, 147, 0),
(256, 234, 135, 0),
(257, 72, 147, 0),
(258, 75, 147, 0),
(259, 78, 147, 0),
(260, 246, 135, 0),
(261, 81, 147, 0),
(262, 84, 147, 0),
(263, 252, 135, 0),
(264, 87, 147, 0),
(265, 99, 9, 0),
(266, 102, 9, 0),
(267, 93, 9, 0),
(268, 90, 147, 0),
(269, 96, 9, 0),
(270, 93, 147, 0),
(271, 96, 147, 0),
(272, 195, 135, 0),
(273, 144, 108, 0),
(274, 0, 138, 0),
(275, 99, 147, 0),
(276, 102, 147, 0),
(277, 156, 108, 0),
(278, 105, 147, 0),
(279, 108, 147, 0),
(280, 159, 108, 0),
(281, 111, 147, 0),
(282, 114, 147, 0),
(283, 117, 147, 0),
(284, 45, 201, 0),
(285, 123, 147, 0),
(286, 3, 138, 0),
(287, 126, 147, 0),
(288, 48, 201, 0),
(289, 51, 201, 0),
(290, 156, 39, 0),
(291, 132, 147, 0),
(292, 135, 147, 0),
(293, 138, 147, 0),
(294, 189, 108, 0),
(295, 141, 147, 0),
(296, 144, 147, 0),
(297, 147, 147, 0),
(298, 150, 147, 0),
(299, 153, 147, 0),
(300, 21, 138, 0),
(301, 156, 147, 0),
(302, 159, 147, 0),
(303, 24, 138, 0),
(304, 162, 147, 0),
(305, 165, 147, 0),
(306, 54, 201, 0),
(307, 57, 201, 0),
(308, 171, 147, 0),
(309, 174, 147, 0),
(310, 60, 201, 0),
(311, 18, 186, 0),
(312, 21, 186, 0),
(313, 24, 186, 0),
(314, 27, 186, 0),
(315, 30, 186, 0),
(316, 189, 147, 0),
(317, 192, 147, 0),
(318, 195, 147, 0),
(319, 33, 186, 0),
(320, 186, 147, 0),
(321, 201, 147, 0),
(322, 204, 147, 0),
(323, 36, 186, 0),
(324, 210, 147, 0),
(325, 51, 138, 0),
(326, 213, 147, 0),
(327, 216, 147, 0),
(328, 219, 147, 0),
(329, 162, 105, 0),
(330, 222, 147, 0),
(331, 225, 147, 0),
(332, 228, 147, 0),
(333, 231, 147, 0),
(334, 234, 147, 0),
(335, 9, 111, 0),
(336, 237, 147, 0),
(337, 57, 138, 0),
(338, 105, 9, 0),
(339, 240, 147, 0),
(340, 243, 147, 0),
(341, 69, 138, 0),
(342, 108, 9, 0),
(343, 75, 138, 0),
(344, 246, 147, 0),
(345, 249, 147, 0),
(346, 252, 147, 0),
(347, 255, 147, 0),
(348, 81, 138, 0),
(349, 0, 150, 0),
(350, 3, 150, 0),
(351, 39, 186, 0),
(352, 9, 150, 0),
(353, 90, 138, 0),
(354, 93, 138, 0),
(355, 42, 186, 0),
(356, 12, 150, 0),
(357, 15, 150, 0),
(358, 45, 186, 0),
(359, 48, 186, 0),
(360, 51, 186, 0),
(361, 27, 150, 0),
(362, 30, 150, 0),
(363, 33, 150, 0),
(364, 102, 138, 0),
(365, 54, 186, 0),
(366, 36, 150, 0),
(367, 6, 135, 0),
(368, 0, 135, 0),
(369, 51, 111, 0),
(370, 39, 150, 0),
(371, 42, 150, 0),
(372, 45, 150, 0),
(373, 48, 150, 0),
(374, 117, 138, 0),
(375, 51, 150, 0),
(376, 54, 150, 0),
(377, 120, 138, 0),
(378, 84, 111, 0),
(379, 123, 138, 0),
(380, 57, 150, 0),
(381, 105, 102, 0),
(382, 129, 138, 0),
(383, 114, 138, 0),
(384, 126, 138, 0),
(385, 60, 150, 0),
(386, 108, 102, 0),
(387, 132, 138, 0),
(388, 135, 138, 0),
(389, 138, 138, 0),
(390, 141, 138, 0),
(391, 144, 138, 0),
(392, 63, 150, 0),
(393, 147, 138, 0),
(394, 150, 138, 0),
(395, 66, 150, 0),
(396, 153, 138, 0),
(397, 69, 150, 0),
(398, 72, 150, 0),
(399, 75, 150, 0),
(400, 78, 150, 0),
(401, 159, 138, 0),
(402, 81, 150, 0),
(403, 84, 150, 0),
(404, 87, 150, 0),
(405, 90, 150, 0),
(406, 93, 150, 0),
(407, 174, 138, 0),
(408, 177, 138, 0),
(409, 96, 150, 0),
(410, 99, 150, 0),
(411, 180, 138, 0),
(412, 183, 138, 0),
(413, 102, 150, 0),
(414, 105, 150, 0),
(415, 108, 150, 0),
(416, 111, 150, 0),
(417, 114, 150, 0),
(418, 117, 150, 0),
(419, 120, 150, 0),
(420, 123, 150, 0),
(421, 198, 138, 0),
(422, 201, 138, 0),
(423, 57, 186, 0),
(424, 90, 204, 0),
(425, 93, 204, 0),
(426, 135, 150, 0),
(427, 207, 138, 0),
(428, 210, 138, 0),
(429, 24, 150, 0),
(430, 138, 150, 0),
(431, 141, 150, 0),
(432, 144, 150, 0),
(433, 96, 204, 0),
(434, 150, 150, 0),
(435, 153, 150, 0),
(436, 156, 150, 0),
(437, 159, 150, 0),
(438, 162, 150, 0),
(439, 165, 150, 0),
(440, 168, 150, 0),
(441, 171, 150, 0),
(442, 228, 45, 0),
(443, 231, 45, 0),
(444, 111, 9, 0),
(445, 174, 150, 0),
(446, 207, 147, 0),
(447, 177, 150, 0),
(448, 180, 150, 0),
(449, 222, 111, 0),
(450, 183, 150, 0),
(451, 114, 9, 0),
(452, 186, 150, 0),
(453, 189, 150, 0),
(454, 99, 204, 0),
(455, 102, 204, 0),
(456, 105, 204, 0),
(457, 201, 150, 0),
(458, 204, 150, 0),
(459, 207, 150, 0),
(460, 210, 150, 0),
(461, 213, 150, 0),
(462, 216, 150, 0),
(463, 219, 150, 0),
(464, 222, 150, 0),
(465, 237, 138, 0),
(466, 225, 150, 0),
(467, 228, 150, 0),
(468, 108, 204, 0),
(469, 234, 150, 0),
(470, 126, 150, 0),
(471, 237, 150, 0),
(472, 243, 138, 0),
(473, 240, 150, 0),
(474, 243, 150, 0),
(475, 246, 150, 0),
(476, 249, 150, 0),
(477, 252, 150, 0),
(478, 111, 204, 0),
(479, 234, 45, 0),
(480, 114, 204, 0),
(481, 3, 153, 0),
(482, 117, 204, 0),
(483, 120, 204, 0),
(484, 117, 9, 0),
(485, 120, 9, 0),
(486, 12, 153, 0),
(487, 255, 138, 0),
(488, 42, 135, 0),
(489, 123, 204, 0),
(490, 18, 153, 0),
(491, 21, 153, 0),
(492, 126, 204, 0),
(493, 27, 153, 0),
(494, 30, 153, 0),
(495, 33, 153, 0),
(496, 36, 153, 0),
(497, 27, 114, 0),
(498, 99, 219, 0),
(499, 102, 219, 0),
(500, 6, 141, 0),
(501, 45, 153, 0),
(502, 48, 153, 0),
(503, 105, 219, 0),
(504, 51, 153, 0),
(505, 54, 153, 0),
(506, 57, 153, 0),
(507, 9, 141, 0),
(508, 108, 219, 0),
(509, 60, 153, 0),
(510, 63, 153, 0),
(511, 66, 153, 0),
(512, 69, 153, 0),
(513, 21, 141, 0),
(514, 51, 114, 0),
(515, 72, 153, 0),
(516, 135, 204, 0),
(517, 24, 141, 0),
(518, 78, 153, 0),
(519, 78, 201, 0),
(520, 123, 9, 0),
(521, 126, 9, 0),
(522, 129, 9, 0),
(523, 132, 9, 0),
(524, 111, 219, 0),
(525, 240, 138, 0),
(526, 141, 204, 0),
(527, 144, 204, 0),
(528, 147, 204, 0),
(529, 93, 153, 0),
(530, 111, 102, 0),
(531, 30, 141, 0),
(532, 96, 153, 0),
(533, 150, 204, 0),
(534, 78, 114, 0),
(535, 60, 186, 0),
(536, 102, 153, 0),
(537, 63, 186, 0),
(538, 84, 201, 0),
(539, 66, 186, 0),
(540, 153, 204, 0),
(541, 156, 204, 0),
(542, 159, 204, 0),
(543, 135, 9, 0),
(544, 138, 9, 0),
(545, 18, 141, 0),
(546, 69, 186, 0),
(547, 162, 204, 0),
(548, 117, 153, 0),
(549, 120, 153, 0),
(550, 123, 153, 0),
(551, 147, 111, 0),
(552, 102, 114, 0),
(553, 150, 111, 0),
(554, 105, 114, 0),
(555, 72, 186, 0),
(556, 75, 186, 0),
(557, 126, 153, 0),
(558, 129, 153, 0),
(559, 132, 153, 0),
(560, 114, 102, 0),
(561, 33, 141, 0),
(562, 78, 186, 0),
(563, 15, 141, 0),
(564, 165, 204, 0),
(565, 141, 153, 0),
(566, 240, 45, 0),
(567, 144, 153, 0),
(568, 147, 153, 0),
(569, 168, 204, 0),
(570, 171, 204, 0),
(571, 117, 114, 0),
(572, 156, 153, 0),
(573, 159, 153, 0),
(574, 162, 153, 0),
(575, 165, 153, 0),
(576, 141, 114, 0),
(577, 108, 114, 0),
(578, 168, 153, 0),
(579, 138, 114, 0),
(580, 174, 204, 0),
(581, 66, 219, 0),
(582, 69, 219, 0),
(583, 156, 114, 0),
(584, 72, 219, 0),
(585, 75, 219, 0),
(586, 78, 219, 0),
(587, 81, 219, 0),
(588, 183, 153, 0),
(589, 186, 153, 0),
(590, 189, 153, 0),
(591, 192, 153, 0),
(592, 84, 219, 0),
(593, 198, 153, 0),
(594, 201, 153, 0),
(595, 183, 204, 0),
(596, 87, 219, 0),
(597, 210, 153, 0),
(598, 213, 153, 0),
(599, 90, 219, 0),
(600, 219, 153, 0),
(601, 222, 153, 0),
(602, 189, 204, 0),
(603, 93, 219, 0),
(604, 192, 204, 0),
(605, 231, 153, 0),
(606, 192, 114, 0),
(607, 135, 153, 0),
(608, 63, 141, 0),
(609, 195, 204, 0),
(610, 81, 186, 0),
(611, 123, 201, 0),
(612, 198, 204, 0),
(613, 201, 204, 0),
(614, 204, 204, 0),
(615, 96, 219, 0),
(616, 210, 204, 0),
(617, 87, 186, 0),
(618, 132, 201, 0),
(619, 213, 204, 0),
(620, 135, 201, 0),
(621, 138, 201, 0),
(622, 216, 204, 0),
(623, 9, 156, 0),
(624, 141, 201, 0),
(625, 12, 156, 0),
(626, 144, 201, 0),
(627, 96, 186, 0),
(628, 99, 186, 0),
(629, 147, 201, 0),
(630, 69, 141, 0),
(631, 15, 156, 0),
(632, 18, 156, 0),
(633, 21, 156, 0),
(634, 24, 156, 0),
(635, 27, 156, 0),
(636, 150, 201, 0),
(637, 33, 156, 0),
(638, 36, 156, 0),
(639, 102, 186, 0),
(640, 105, 186, 0),
(641, 45, 156, 0),
(642, 84, 141, 0),
(643, 48, 156, 0),
(644, 153, 201, 0),
(645, 219, 204, 0),
(646, 159, 54, 0),
(647, 222, 204, 0),
(648, 225, 204, 0),
(649, 228, 204, 0),
(650, 231, 204, 0),
(651, 66, 156, 0),
(652, 69, 156, 0),
(653, 234, 204, 0),
(654, 99, 141, 0),
(655, 102, 3, 0),
(656, 75, 156, 0),
(657, 237, 204, 0),
(658, 240, 204, 0),
(659, 243, 204, 0),
(660, 246, 204, 0),
(661, 249, 204, 0),
(662, 252, 204, 0),
(663, 255, 204, 0),
(664, 0, 207, 0),
(665, 3, 207, 0),
(666, 159, 201, 0),
(667, 6, 207, 0),
(668, 165, 201, 0),
(669, 9, 207, 0),
(670, 12, 207, 0),
(671, 15, 207, 0),
(672, 18, 207, 0),
(673, 21, 207, 0),
(674, 24, 207, 0),
(675, 27, 207, 0),
(676, 30, 207, 0),
(677, 33, 207, 0),
(678, 36, 207, 0),
(679, 39, 207, 0),
(680, 42, 207, 0),
(681, 45, 207, 0),
(682, 48, 207, 0),
(683, 51, 207, 0),
(684, 54, 207, 0),
(685, 57, 207, 0),
(686, 177, 210, 0),
(687, 180, 210, 0),
(688, 183, 210, 0),
(689, 141, 9, 0),
(690, 69, 207, 0),
(691, 186, 210, 0),
(692, 141, 156, 0),
(693, 162, 36, 0),
(694, 189, 210, 0),
(695, 72, 207, 0),
(696, 192, 210, 0),
(697, 147, 156, 0),
(698, 150, 156, 0),
(699, 75, 207, 0),
(700, 78, 207, 0),
(701, 81, 207, 0),
(702, 195, 201, 0),
(703, 159, 156, 0),
(704, 99, 117, 0),
(705, 162, 156, 0),
(706, 84, 207, 0),
(707, 105, 117, 0),
(708, 102, 117, 0),
(709, 18, 117, 0),
(710, 195, 210, 0),
(711, 198, 210, 0),
(712, 90, 207, 0),
(713, 117, 117, 0),
(714, 201, 210, 0),
(715, 204, 210, 0),
(716, 96, 207, 0),
(717, 99, 207, 0),
(718, 102, 207, 0),
(719, 105, 207, 0),
(720, 189, 156, 0),
(721, 192, 156, 0),
(722, 108, 207, 0),
(723, 111, 207, 0),
(724, 165, 141, 0),
(725, 114, 207, 0),
(726, 117, 207, 0),
(727, 171, 141, 0),
(728, 207, 156, 0),
(729, 210, 156, 0),
(730, 174, 141, 0),
(731, 120, 207, 0),
(732, 123, 207, 0),
(733, 216, 156, 0),
(734, 159, 141, 0),
(735, 126, 207, 0),
(736, 129, 207, 0),
(737, 132, 207, 0),
(738, 228, 156, 0),
(739, 135, 207, 0),
(740, 138, 207, 0),
(741, 141, 207, 0),
(742, 234, 156, 0),
(743, 144, 207, 0),
(744, 147, 207, 0),
(745, 150, 207, 0),
(746, 147, 9, 0),
(747, 183, 36, 0),
(748, 246, 156, 0),
(749, 153, 207, 0),
(750, 156, 207, 0),
(751, 159, 207, 0),
(752, 255, 156, 0),
(753, 162, 207, 0),
(754, 3, 159, 0),
(755, 153, 117, 0),
(756, 6, 159, 0),
(757, 198, 141, 0),
(758, 183, 117, 0),
(759, 165, 207, 0),
(760, 168, 207, 0),
(761, 135, 210, 0),
(762, 15, 159, 0),
(763, 138, 210, 0),
(764, 141, 210, 0),
(765, 144, 210, 0),
(766, 18, 159, 0),
(767, 21, 159, 0),
(768, 24, 159, 0),
(769, 192, 117, 0),
(770, 201, 141, 0),
(771, 171, 207, 0),
(772, 174, 207, 0),
(773, 177, 207, 0),
(774, 216, 201, 0),
(775, 219, 201, 0),
(776, 210, 117, 0),
(777, 36, 159, 0),
(778, 180, 207, 0),
(779, 222, 201, 0),
(780, 213, 117, 0),
(781, 183, 207, 0),
(782, 228, 201, 0),
(783, 45, 159, 0),
(784, 186, 207, 0),
(785, 189, 207, 0),
(786, 234, 117, 0),
(787, 234, 201, 0),
(788, 192, 207, 0),
(789, 195, 207, 0),
(790, 198, 207, 0),
(791, 240, 201, 0),
(792, 201, 207, 0),
(793, 204, 207, 0),
(794, 249, 201, 0),
(795, 252, 201, 0),
(796, 207, 207, 0),
(797, 69, 159, 0),
(798, 210, 207, 0),
(799, 75, 159, 0),
(800, 6, 120, 0),
(801, 78, 159, 0),
(802, 12, 120, 0),
(803, 9, 120, 0),
(804, 213, 207, 0),
(805, 147, 210, 0),
(806, 219, 207, 0),
(807, 3, 204, 0),
(808, 6, 204, 0),
(809, 222, 207, 0),
(810, 90, 159, 0),
(811, 12, 204, 0),
(812, 15, 204, 0),
(813, 213, 36, 0),
(814, 39, 120, 0),
(815, 225, 207, 0),
(816, 150, 210, 0),
(817, 96, 159, 0),
(818, 228, 207, 0),
(819, 231, 207, 0),
(820, 234, 207, 0),
(821, 237, 207, 0),
(822, 240, 207, 0),
(823, 243, 207, 0),
(824, 246, 207, 0),
(825, 249, 207, 0),
(826, 252, 207, 0),
(827, 255, 207, 0),
(828, 0, 210, 0),
(829, 3, 210, 0),
(830, 6, 210, 0),
(831, 9, 210, 0),
(832, 12, 210, 0),
(833, 15, 210, 0),
(834, 18, 210, 0),
(835, 21, 204, 0),
(836, 21, 210, 0),
(837, 153, 210, 0),
(838, 24, 210, 0),
(839, 27, 210, 0),
(840, 30, 210, 0),
(841, 30, 204, 0),
(842, 156, 210, 0),
(843, 234, 54, 0),
(844, 237, 54, 0),
(845, 18, 204, 0),
(846, 234, 141, 0),
(847, 156, 159, 0),
(848, 240, 54, 0),
(849, 87, 153, 0),
(850, 159, 210, 0),
(851, 39, 210, 0),
(852, 42, 210, 0),
(853, 162, 210, 0),
(854, 39, 204, 0),
(855, 165, 210, 0),
(856, 51, 210, 0),
(857, 177, 156, 0),
(858, 54, 210, 0),
(859, 168, 210, 0),
(860, 180, 159, 0),
(861, 111, 120, 0),
(862, 183, 159, 0),
(863, 60, 210, 0),
(864, 63, 210, 0),
(865, 36, 204, 0),
(866, 114, 120, 0),
(867, 102, 159, 0),
(868, 171, 210, 0),
(869, 51, 204, 0),
(870, 69, 210, 0),
(871, 57, 204, 0),
(872, 60, 204, 0),
(873, 72, 210, 0),
(874, 63, 204, 0),
(875, 66, 204, 0),
(876, 201, 159, 0),
(877, 147, 120, 0),
(878, 249, 54, 0),
(879, 252, 54, 0),
(880, 204, 159, 0),
(881, 171, 159, 0),
(882, 174, 159, 0),
(883, 174, 210, 0),
(884, 255, 54, 0),
(885, 48, 159, 0),
(886, 45, 204, 0),
(887, 144, 159, 0),
(888, 132, 159, 0),
(889, 135, 159, 0),
(890, 75, 210, 0),
(891, 78, 210, 0),
(892, 42, 204, 0),
(893, 123, 159, 0),
(894, 72, 204, 0),
(895, 48, 204, 0),
(896, 210, 159, 0),
(897, 180, 156, 0),
(898, 75, 204, 0),
(899, 78, 204, 0),
(900, 81, 210, 0),
(901, 177, 159, 0),
(902, 219, 159, 0),
(903, 171, 120, 0),
(904, 84, 210, 0),
(905, 87, 204, 0),
(906, 72, 48, 0),
(907, 0, 159, 0),
(908, 84, 204, 0),
(909, 69, 204, 0),
(910, 225, 159, 0),
(911, 228, 159, 0),
(912, 231, 159, 0),
(913, 234, 159, 0),
(914, 237, 159, 0),
(915, 195, 120, 0),
(916, 198, 120, 0),
(917, 240, 159, 0),
(918, 243, 159, 0),
(919, 246, 159, 0),
(920, 249, 159, 0),
(921, 213, 120, 0),
(922, 252, 159, 0),
(923, 78, 48, 0),
(924, 210, 120, 0),
(925, 255, 159, 0),
(926, 0, 162, 0),
(927, 87, 48, 0),
(928, 225, 120, 0),
(929, 3, 162, 0),
(930, 231, 120, 0),
(931, 6, 162, 0),
(932, 87, 210, 0),
(933, 90, 210, 0),
(934, 243, 120, 0),
(935, 15, 162, 0),
(936, 93, 210, 0),
(937, 96, 210, 0),
(938, 24, 162, 0),
(939, 27, 162, 0),
(940, 99, 210, 0),
(941, 33, 162, 0),
(942, 36, 162, 0),
(943, 102, 210, 0),
(944, 42, 162, 0),
(945, 45, 162, 0),
(946, 48, 162, 0),
(947, 51, 162, 0),
(948, 27, 123, 0),
(949, 30, 123, 0),
(950, 33, 123, 0),
(951, 36, 123, 0),
(952, 39, 123, 0),
(953, 42, 123, 0),
(954, 45, 123, 0),
(955, 48, 123, 0),
(956, 54, 162, 0),
(957, 117, 48, 0),
(958, 57, 162, 0),
(959, 60, 162, 0),
(960, 57, 123, 0),
(961, 60, 123, 0),
(962, 63, 162, 0),
(963, 66, 162, 0),
(964, 69, 162, 0),
(965, 72, 162, 0),
(966, 75, 162, 0),
(967, 78, 162, 0),
(968, 81, 162, 0),
(969, 84, 162, 0),
(970, 87, 162, 0),
(971, 12, 57, 0),
(972, 216, 54, 0),
(973, 90, 162, 0),
(974, 84, 57, 0),
(975, 93, 162, 0),
(976, 96, 162, 0),
(977, 99, 162, 0),
(978, 102, 162, 0),
(979, 99, 123, 0),
(980, 102, 123, 0),
(981, 105, 162, 0),
(982, 108, 162, 0),
(983, 111, 162, 0),
(984, 114, 123, 0),
(985, 114, 162, 0),
(986, 120, 123, 0),
(987, 123, 123, 0),
(988, 117, 162, 0),
(989, 120, 162, 0),
(990, 123, 162, 0),
(991, 126, 162, 0),
(992, 129, 162, 0),
(993, 120, 186, 0),
(994, 123, 186, 0),
(995, 126, 186, 0),
(996, 132, 162, 0),
(997, 135, 162, 0),
(998, 135, 123, 0),
(999, 138, 123, 0),
(1000, 138, 162, 0),
(1001, 141, 162, 0),
(1002, 144, 162, 0),
(1003, 129, 186, 0),
(1004, 105, 210, 0),
(1005, 159, 123, 0),
(1006, 150, 162, 0),
(1007, 153, 162, 0),
(1008, 156, 162, 0),
(1009, 159, 162, 0),
(1010, 171, 123, 0),
(1011, 162, 162, 0),
(1012, 165, 162, 0),
(1013, 177, 123, 0),
(1014, 168, 162, 0),
(1015, 171, 162, 0),
(1016, 174, 162, 0),
(1017, 189, 123, 0),
(1018, 192, 123, 0),
(1019, 177, 162, 0),
(1020, 180, 162, 0),
(1021, 183, 162, 0),
(1022, 186, 162, 0),
(1023, 189, 162, 0),
(1024, 192, 162, 0),
(1025, 195, 162, 0),
(1026, 198, 162, 0),
(1027, 201, 162, 0),
(1028, 132, 186, 0),
(1029, 135, 186, 0),
(1030, 138, 186, 0),
(1031, 141, 186, 0),
(1032, 144, 186, 0),
(1033, 204, 162, 0),
(1034, 147, 186, 0),
(1035, 150, 186, 0),
(1036, 207, 162, 0),
(1037, 210, 162, 0),
(1038, 213, 162, 0),
(1039, 216, 162, 0),
(1040, 219, 162, 0),
(1041, 222, 162, 0),
(1042, 243, 123, 0),
(1043, 246, 123, 0),
(1044, 249, 123, 0),
(1045, 108, 210, 0),
(1046, 111, 210, 0),
(1047, 237, 123, 0),
(1048, 240, 123, 0),
(1049, 222, 123, 0),
(1050, 0, 126, 0),
(1051, 231, 162, 0),
(1052, 201, 123, 0),
(1053, 114, 210, 0),
(1054, 117, 210, 0),
(1055, 240, 162, 0),
(1056, 243, 162, 0),
(1057, 246, 162, 0),
(1058, 249, 162, 0),
(1059, 252, 162, 0),
(1060, 255, 162, 0),
(1061, 0, 165, 0),
(1062, 3, 165, 0),
(1063, 6, 165, 0),
(1064, 9, 165, 0),
(1065, 12, 165, 0),
(1066, 42, 126, 0),
(1067, 15, 165, 0),
(1068, 120, 210, 0),
(1069, 51, 126, 0),
(1070, 21, 165, 0),
(1071, 24, 165, 0),
(1072, 27, 165, 0),
(1073, 30, 165, 0),
(1074, 33, 165, 0),
(1075, 123, 210, 0),
(1076, 126, 210, 0),
(1077, 39, 165, 0),
(1078, 69, 126, 0),
(1079, 42, 165, 0),
(1080, 75, 126, 0),
(1081, 78, 126, 0),
(1082, 45, 165, 0),
(1083, 48, 165, 0),
(1084, 51, 165, 0),
(1085, 54, 165, 0),
(1086, 57, 165, 0),
(1087, 60, 165, 0),
(1088, 63, 165, 0),
(1089, 66, 165, 0),
(1090, 69, 165, 0),
(1091, 72, 165, 0),
(1092, 75, 165, 0),
(1093, 78, 165, 0),
(1094, 81, 165, 0),
(1095, 84, 165, 0),
(1096, 174, 30, 0),
(1097, 177, 30, 0),
(1098, 228, 75, 0),
(1099, 87, 165, 0),
(1100, 90, 165, 0),
(1101, 93, 165, 0),
(1102, 129, 210, 0),
(1103, 153, 186, 0),
(1104, 99, 165, 0),
(1105, 132, 210, 0),
(1106, 132, 126, 0),
(1107, 105, 165, 0),
(1108, 108, 165, 0),
(1109, 141, 126, 0),
(1110, 111, 165, 0),
(1111, 114, 165, 0),
(1112, 117, 165, 0),
(1113, 255, 30, 0),
(1114, 156, 186, 0),
(1115, 126, 126, 0),
(1116, 123, 165, 0),
(1117, 126, 165, 0),
(1118, 159, 186, 0),
(1119, 162, 126, 0),
(1120, 129, 165, 0),
(1121, 120, 165, 0),
(1122, 132, 165, 0),
(1123, 135, 165, 0),
(1124, 159, 48, 0),
(1125, 138, 165, 0),
(1126, 141, 165, 0),
(1127, 177, 126, 0),
(1128, 15, 18, 0),
(1129, 144, 165, 0),
(1130, 162, 186, 0),
(1131, 165, 186, 0),
(1132, 168, 186, 0),
(1133, 147, 165, 0),
(1134, 183, 126, 0),
(1135, 150, 165, 0),
(1136, 153, 165, 0),
(1137, 156, 165, 0),
(1138, 159, 165, 0),
(1139, 171, 186, 0),
(1140, 174, 186, 0),
(1141, 192, 126, 0),
(1142, 195, 126, 0),
(1143, 165, 165, 0),
(1144, 162, 165, 0),
(1145, 177, 186, 0),
(1146, 180, 186, 0),
(1147, 204, 126, 0),
(1148, 186, 126, 0),
(1149, 183, 186, 0),
(1150, 186, 186, 0),
(1151, 171, 165, 0),
(1152, 189, 186, 0),
(1153, 192, 186, 0),
(1154, 210, 126, 0),
(1155, 246, 75, 0),
(1156, 174, 165, 0),
(1157, 177, 165, 0),
(1158, 180, 165, 0),
(1159, 213, 126, 0),
(1160, 189, 126, 0),
(1161, 195, 186, 0),
(1162, 198, 186, 0),
(1163, 183, 165, 0),
(1164, 201, 186, 0),
(1165, 219, 126, 0),
(1166, 204, 186, 0),
(1167, 186, 165, 0),
(1168, 222, 126, 0),
(1169, 189, 165, 0),
(1170, 192, 165, 0),
(1171, 195, 165, 0),
(1172, 198, 165, 0),
(1173, 192, 30, 0),
(1174, 201, 165, 0),
(1175, 207, 186, 0),
(1176, 210, 186, 0),
(1177, 213, 186, 0),
(1178, 204, 165, 0),
(1179, 108, 3, 0),
(1180, 216, 186, 0),
(1181, 207, 165, 0),
(1182, 243, 126, 0),
(1183, 210, 165, 0),
(1184, 213, 165, 0),
(1185, 216, 165, 0),
(1186, 249, 126, 0),
(1187, 219, 165, 0),
(1188, 252, 126, 0),
(1189, 219, 186, 0),
(1190, 222, 165, 0),
(1191, 222, 186, 0),
(1192, 225, 165, 0),
(1193, 3, 129, 0),
(1194, 225, 186, 0),
(1195, 228, 186, 0),
(1196, 198, 30, 0),
(1197, 231, 186, 0),
(1198, 234, 186, 0),
(1199, 183, 27, 0),
(1200, 6, 129, 0),
(1201, 228, 165, 0),
(1202, 186, 27, 0),
(1203, 231, 165, 0),
(1204, 9, 129, 0),
(1205, 234, 165, 0),
(1206, 189, 27, 0),
(1207, 237, 165, 0),
(1208, 12, 129, 0),
(1209, 192, 27, 0),
(1210, 195, 27, 0),
(1211, 198, 27, 0),
(1212, 201, 27, 0),
(1213, 237, 186, 0),
(1214, 204, 27, 0),
(1215, 240, 165, 0),
(1216, 240, 186, 0),
(1217, 207, 27, 0),
(1218, 243, 165, 0),
(1219, 210, 27, 0),
(1220, 246, 165, 0),
(1221, 24, 33, 0),
(1222, 249, 165, 0),
(1223, 213, 27, 0),
(1224, 216, 27, 0),
(1225, 207, 30, 0),
(1226, 63, 39, 0),
(1227, 243, 186, 0),
(1228, 246, 186, 0),
(1229, 222, 27, 0),
(1230, 249, 186, 0),
(1231, 225, 27, 0),
(1232, 252, 186, 0),
(1233, 255, 186, 0),
(1234, 252, 165, 0),
(1235, 228, 27, 0),
(1236, 255, 165, 0),
(1237, 33, 129, 0),
(1238, 231, 27, 0),
(1239, 234, 27, 0),
(1240, 0, 168, 0),
(1241, 237, 27, 0),
(1242, 240, 27, 0),
(1243, 243, 27, 0),
(1244, 210, 30, 0),
(1245, 246, 27, 0),
(1246, 111, 3, 0),
(1247, 0, 189, 0),
(1248, 3, 189, 0),
(1249, 3, 168, 0),
(1250, 6, 168, 0),
(1251, 6, 189, 0),
(1252, 9, 189, 0),
(1253, 249, 27, 0),
(1254, 12, 189, 0),
(1255, 15, 189, 0),
(1256, 18, 189, 0),
(1257, 252, 27, 0),
(1258, 255, 27, 0),
(1259, 21, 189, 0),
(1260, 0, 30, 0),
(1261, 24, 189, 0),
(1262, 9, 168, 0),
(1263, 12, 168, 0),
(1264, 48, 129, 0),
(1265, 51, 129, 0),
(1266, 15, 168, 0),
(1267, 27, 189, 0),
(1268, 30, 189, 0),
(1269, 33, 189, 0),
(1270, 18, 168, 0),
(1271, 36, 189, 0),
(1272, 3, 213, 0),
(1273, 24, 168, 0),
(1274, 54, 129, 0),
(1275, 3, 30, 0),
(1276, 6, 213, 0),
(1277, 30, 168, 0),
(1278, 6, 30, 0),
(1279, 9, 30, 0),
(1280, 69, 129, 0),
(1281, 33, 168, 0),
(1282, 12, 30, 0),
(1283, 15, 30, 0),
(1284, 36, 168, 0),
(1285, 45, 129, 0),
(1286, 45, 189, 0),
(1287, 39, 168, 0),
(1288, 114, 3, 0),
(1289, 48, 189, 0),
(1290, 51, 189, 0),
(1291, 45, 168, 0),
(1292, 48, 168, 0),
(1293, 51, 168, 0),
(1294, 54, 168, 0),
(1295, 9, 213, 0),
(1296, 12, 213, 0),
(1297, 60, 189, 0),
(1298, 15, 213, 0),
(1299, 18, 213, 0),
(1300, 162, 216, 0),
(1301, 165, 216, 0),
(1302, 168, 216, 0),
(1303, 171, 216, 0),
(1304, 174, 216, 0),
(1305, 84, 189, 0),
(1306, 177, 216, 0),
(1307, 180, 216, 0),
(1308, 213, 30, 0),
(1309, 93, 189, 0),
(1310, 27, 213, 0),
(1311, 183, 216, 0),
(1312, 186, 216, 0),
(1313, 75, 168, 0),
(1314, 105, 189, 0),
(1315, 33, 213, 0),
(1316, 189, 216, 0),
(1317, 192, 216, 0),
(1318, 195, 216, 0),
(1319, 198, 216, 0),
(1320, 123, 189, 0),
(1321, 201, 216, 0),
(1322, 129, 189, 0),
(1323, 132, 189, 0),
(1324, 135, 189, 0),
(1325, 204, 216, 0),
(1326, 96, 39, 0),
(1327, 96, 168, 0),
(1328, 141, 189, 0),
(1329, 207, 216, 0),
(1330, 147, 189, 0),
(1331, 27, 60, 0),
(1332, 150, 129, 0),
(1333, 102, 168, 0),
(1334, 105, 168, 0),
(1335, 108, 168, 0),
(1336, 153, 129, 0),
(1337, 150, 189, 0),
(1338, 153, 189, 0),
(1339, 111, 168, 0),
(1340, 162, 129, 0),
(1341, 114, 168, 0),
(1342, 117, 168, 0),
(1343, 45, 213, 0),
(1344, 48, 213, 0),
(1345, 45, 60, 0),
(1346, 162, 189, 0),
(1347, 165, 189, 0),
(1348, 168, 189, 0),
(1349, 171, 189, 0),
(1350, 51, 213, 0),
(1351, 177, 189, 0),
(1352, 54, 213, 0),
(1353, 57, 213, 0),
(1354, 60, 213, 0),
(1355, 189, 189, 0),
(1356, 192, 189, 0),
(1357, 63, 213, 0),
(1358, 66, 213, 0),
(1359, 201, 189, 0),
(1360, 204, 189, 0),
(1361, 207, 189, 0),
(1362, 210, 189, 0),
(1363, 210, 216, 0),
(1364, 213, 216, 0),
(1365, 69, 213, 0),
(1366, 216, 216, 0),
(1367, 225, 189, 0),
(1368, 228, 189, 0),
(1369, 249, 48, 0),
(1370, 219, 216, 0),
(1371, 222, 216, 0),
(1372, 237, 189, 0),
(1373, 240, 189, 0),
(1374, 225, 216, 0),
(1375, 228, 216, 0),
(1376, 249, 189, 0),
(1377, 231, 216, 0),
(1378, 234, 216, 0),
(1379, 237, 216, 0),
(1380, 72, 216, 0),
(1381, 3, 192, 0),
(1382, 240, 216, 0),
(1383, 243, 216, 0),
(1384, 246, 216, 0),
(1385, 249, 216, 0),
(1386, 252, 216, 0),
(1387, 201, 168, 0),
(1388, 21, 192, 0),
(1389, 81, 213, 0),
(1390, 255, 216, 0),
(1391, 0, 219, 0),
(1392, 33, 192, 0),
(1393, 36, 192, 0),
(1394, 75, 216, 0),
(1395, 3, 219, 0),
(1396, 93, 213, 0),
(1397, 45, 192, 0),
(1398, 78, 216, 0),
(1399, 81, 216, 0),
(1400, 54, 192, 0),
(1401, 57, 192, 0),
(1402, 84, 216, 0),
(1403, 96, 213, 0),
(1404, 99, 213, 0),
(1405, 69, 192, 0),
(1406, 87, 216, 0),
(1407, 90, 216, 0),
(1408, 93, 216, 0),
(1409, 96, 216, 0),
(1410, 99, 216, 0),
(1411, 102, 213, 0),
(1412, 102, 216, 0),
(1413, 105, 216, 0),
(1414, 108, 216, 0),
(1415, 111, 216, 0),
(1416, 114, 216, 0),
(1417, 105, 213, 0),
(1418, 108, 213, 0),
(1419, 111, 213, 0),
(1420, 6, 219, 0),
(1421, 9, 219, 0),
(1422, 117, 216, 0),
(1423, 117, 213, 0),
(1424, 12, 219, 0),
(1425, 15, 219, 0),
(1426, 18, 219, 0),
(1427, 21, 219, 0),
(1428, 123, 216, 0),
(1429, 126, 216, 0),
(1430, 24, 219, 0),
(1431, 27, 219, 0),
(1432, 126, 213, 0),
(1433, 120, 216, 0),
(1434, 129, 216, 0),
(1435, 129, 213, 0),
(1436, 30, 219, 0),
(1437, 33, 219, 0),
(1438, 132, 213, 0),
(1439, 135, 213, 0),
(1440, 138, 213, 0),
(1441, 36, 219, 0),
(1442, 39, 219, 0),
(1443, 132, 216, 0),
(1444, 135, 216, 0),
(1445, 138, 216, 0),
(1446, 144, 213, 0),
(1447, 147, 213, 0),
(1448, 42, 219, 0),
(1449, 45, 219, 0),
(1450, 141, 216, 0),
(1451, 150, 213, 0),
(1452, 144, 216, 0),
(1453, 147, 216, 0),
(1454, 150, 216, 0),
(1455, 153, 216, 0),
(1456, 156, 216, 0),
(1457, 195, 192, 0),
(1458, 159, 216, 0),
(1459, 48, 219, 0),
(1460, 51, 219, 0),
(1461, 54, 219, 0),
(1462, 162, 213, 0),
(1463, 57, 219, 0),
(1464, 60, 219, 0),
(1465, 63, 219, 0),
(1466, 174, 213, 0),
(1467, 177, 213, 0),
(1468, 180, 213, 0),
(1469, 183, 213, 0),
(1470, 186, 213, 0),
(1471, 39, 51, 0),
(1472, 42, 51, 0),
(1473, 45, 51, 0),
(1474, 189, 213, 0),
(1475, 144, 3, 0),
(1476, 192, 213, 0),
(1477, 195, 213, 0),
(1478, 198, 213, 0),
(1479, 201, 213, 0),
(1480, 204, 213, 0),
(1481, 207, 213, 0),
(1482, 210, 213, 0),
(1483, 213, 213, 0),
(1484, 216, 213, 0),
(1485, 219, 213, 0),
(1486, 222, 213, 0),
(1487, 225, 213, 0),
(1488, 228, 213, 0),
(1489, 231, 213, 0),
(1490, 234, 213, 0),
(1491, 237, 213, 0),
(1492, 240, 213, 0),
(1493, 243, 213, 0),
(1494, 246, 213, 0),
(1495, 249, 213, 0),
(1496, 252, 213, 0),
(1497, 255, 213, 0),
(1498, 57, 51, 0),
(1499, 0, 216, 0),
(1500, 3, 216, 0),
(1501, 60, 51, 0),
(1502, 54, 195, 0),
(1503, 57, 195, 0),
(1504, 60, 195, 0),
(1505, 63, 195, 0),
(1506, 66, 195, 0),
(1507, 69, 195, 0),
(1508, 72, 195, 0),
(1509, 75, 195, 0),
(1510, 78, 195, 0),
(1511, 87, 51, 0),
(1512, 81, 195, 0),
(1513, 84, 195, 0),
(1514, 87, 195, 0),
(1515, 90, 195, 0),
(1516, 93, 195, 0),
(1517, 99, 51, 0),
(1518, 207, 210, 0),
(1519, 210, 210, 0),
(1520, 213, 210, 0),
(1521, 216, 210, 0),
(1522, 219, 210, 0),
(1523, 111, 195, 0),
(1524, 114, 195, 0),
(1525, 222, 210, 0),
(1526, 120, 195, 0),
(1527, 123, 195, 0),
(1528, 225, 210, 0),
(1529, 129, 195, 0),
(1530, 132, 195, 0),
(1531, 6, 216, 0),
(1532, 228, 210, 0),
(1533, 231, 210, 0),
(1534, 141, 195, 0),
(1535, 144, 195, 0),
(1536, 9, 216, 0),
(1537, 234, 210, 0),
(1538, 12, 216, 0),
(1539, 237, 210, 0),
(1540, 153, 195, 0),
(1541, 156, 195, 0),
(1542, 159, 195, 0),
(1543, 162, 195, 0),
(1544, 165, 195, 0),
(1545, 168, 195, 0),
(1546, 171, 195, 0),
(1547, 174, 195, 0),
(1548, 177, 195, 0),
(1549, 180, 195, 0),
(1550, 183, 195, 0),
(1551, 186, 195, 0),
(1552, 15, 216, 0),
(1553, 189, 195, 0),
(1554, 18, 216, 0),
(1555, 21, 216, 0),
(1556, 198, 195, 0),
(1557, 201, 195, 0),
(1558, 24, 216, 0),
(1559, 27, 216, 0),
(1560, 210, 195, 0),
(1561, 213, 195, 0),
(1562, 216, 195, 0),
(1563, 219, 195, 0),
(1564, 30, 216, 0),
(1565, 225, 195, 0),
(1566, 228, 195, 0),
(1567, 231, 195, 0),
(1568, 234, 195, 0),
(1569, 237, 195, 0),
(1570, 240, 195, 0),
(1571, 243, 195, 0),
(1572, 174, 51, 0),
(1573, 33, 216, 0),
(1574, 240, 210, 0),
(1575, 36, 216, 0),
(1576, 39, 216, 0),
(1577, 255, 195, 0),
(1578, 42, 216, 0),
(1579, 45, 216, 0),
(1580, 246, 210, 0),
(1581, 48, 216, 0),
(1582, 249, 210, 0),
(1583, 192, 51, 0),
(1584, 51, 216, 0),
(1585, 54, 216, 0),
(1586, 255, 210, 0),
(1587, 57, 216, 0),
(1588, 60, 216, 0),
(1589, 63, 216, 0),
(1590, 66, 216, 0),
(1591, 69, 216, 0),
(1592, 0, 213, 0),
(1593, 39, 198, 0),
(1594, 42, 198, 0),
(1595, 45, 198, 0),
(1596, 48, 198, 0),
(1597, 51, 198, 0),
(1598, 54, 198, 0),
(1599, 57, 198, 0),
(1600, 60, 198, 0),
(1601, 63, 198, 0),
(1602, 66, 198, 0),
(1603, 69, 198, 0),
(1604, 72, 198, 0),
(1605, 75, 198, 0),
(1606, 78, 198, 0),
(1607, 81, 198, 0),
(1608, 84, 198, 0),
(1609, 87, 198, 0),
(1610, 90, 198, 0),
(1611, 93, 198, 0),
(1612, 96, 198, 0),
(1613, 99, 198, 0),
(1614, 102, 198, 0),
(1615, 105, 198, 0),
(1616, 108, 198, 0),
(1617, 111, 198, 0),
(1618, 114, 198, 0),
(1619, 117, 198, 0),
(1620, 120, 198, 0),
(1621, 123, 198, 0),
(1622, 126, 198, 0),
(1623, 129, 198, 0),
(1624, 132, 198, 0),
(1625, 135, 198, 0),
(1626, 138, 198, 0),
(1627, 141, 198, 0),
(1628, 144, 198, 0),
(1629, 147, 198, 0),
(1630, 150, 198, 0),
(1631, 153, 198, 0),
(1632, 156, 198, 0),
(1633, 159, 198, 0),
(1634, 162, 198, 0),
(1635, 165, 198, 0),
(1636, 168, 198, 0),
(1637, 171, 198, 0),
(1638, 174, 198, 0),
(1639, 177, 198, 0),
(1640, 45, 54, 0),
(1641, 180, 198, 0),
(1642, 183, 198, 0),
(1643, 186, 198, 0),
(1644, 189, 198, 0),
(1645, 192, 198, 0),
(1646, 195, 198, 0),
(1647, 198, 198, 0),
(1648, 201, 198, 0),
(1649, 204, 198, 0),
(1650, 207, 198, 0),
(1651, 210, 198, 0),
(1652, 213, 198, 0),
(1653, 246, 66, 0),
(1654, 216, 198, 0),
(1655, 219, 198, 0),
(1656, 222, 198, 0),
(1657, 0, 69, 0),
(1658, 225, 198, 0),
(1659, 228, 198, 0),
(1660, 231, 198, 0),
(1661, 234, 198, 0),
(1662, 237, 198, 0),
(1663, 240, 198, 0),
(1664, 243, 198, 0),
(1665, 246, 198, 0),
(1666, 249, 198, 0),
(1667, 252, 198, 0),
(1668, 255, 198, 0),
(1669, 0, 201, 0),
(1670, 3, 201, 0),
(1671, 6, 201, 0),
(1672, 9, 201, 0),
(1673, 12, 201, 0),
(1674, 15, 201, 0),
(1675, 18, 201, 0),
(1676, 21, 201, 0);

-- --------------------------------------------------------

--
-- Table structure for table `culture`
--

CREATE TABLE IF NOT EXISTS `culture` (
  `id` int(3) unsigned NOT NULL AUTO_INCREMENT,
  `name` varchar(50) DEFAULT NULL,
  `id_mode` int(3) unsigned DEFAULT NULL,
  `picturePath` varchar(30) NOT NULL,
  `picturePathAlt` varchar(30) NOT NULL,
  `picturePathSel` varchar(30) NOT NULL,
  `display` tinyint(1) NOT NULL DEFAULT '1',
  PRIMARY KEY (`id`),
  KEY `name` (`name`),
  KEY `id_mode` (`id_mode`),
  KEY `display` (`display`)
) ENGINE=MyISAM  DEFAULT CHARSET=utf8 AUTO_INCREMENT=73 ;

--
-- Dumping data for table `culture`
--

INSERT INTO `culture` (`id`, `name`, `id_mode`, `picturePath`, `picturePathAlt`, `picturePathSel`, `display`) VALUES
(1, 'Mittelländische Städte', 16, 'culture/culture_1.png', 'culture_alt/culture_1.png', '', 1),
(2, 'Mittelländische Landbevölkerung', 16, 'culture/culture_2.png', '', '', 1),
(3, 'Andergast und Nostria', 16, 'culture/culture_3.png', '', '', 1),
(4, 'Bornland', 16, 'culture/culture_4.png', '', '', 1),
(5, 'Svelltal und Nordlande', 16, 'culture/culture_5.png', '', '', 1),
(6, 'Almada', 16, 'culture/culture_6.png', '', '', 1),
(7, 'Horasreich', 16, 'culture/culture_7.png', '', '', 1),
(8, 'Zyklopeninseln', 16, 'culture/culture_8.png', '', '', 1),
(9, 'Amazonenburg', 16, 'culture/culture_9.png', '', '', 1),
(10, 'Aranien', 16, 'culture/culture_10.png', '', '', 1),
(11, 'Mhanadistan', 16, 'culture/culture_11.png', '', '', 1),
(12, 'Tulamidische Stadtstaaten', 16, 'culture/culture_12.png', 'culture_alt/culture_12.png', '', 1),
(13, 'Novadi', 16, 'culture/culture_13.png', 'culture_alt/culture_13.png', '', 1),
(14, 'Ferkina', 16, 'culture/culture_14.png', '', '', 1),
(15, 'Zahori', 16, 'culture/culture_15.png', '', '', 1),
(16, 'Thorwal', 16, 'culture/culture_16.png', 'culture_alt/culture_16.png', '', 1),
(17, 'Gjalskerland', 16, 'culture/culture_17.png', '', '', 1),
(18, 'Fjarninger', 16, 'culture/culture_18.png', '', '', 1),
(19, 'Dschungelstämme', 16, 'culture/culture_19.png', '', '', 1),
(20, 'Darna', 16, 'culture/culture_20.png', '', '', 1),
(21, 'Verlorene Stämme', 16, 'culture/culture_21.png', '', '', 1),
(22, 'Waldinsel-Utulus', 16, 'culture/culture_22.png', '', '', 1),
(23, 'Miniwatu', 16, 'culture/culture_23.png', '', '', 1),
(24, 'Tocamuyac', 16, 'culture/culture_24.png', '', '', 1),
(25, 'Maraskan', 16, 'culture/culture_25.png', '', '', 1),
(26, 'Südaventurien', 16, 'culture/culture_26.png', '', '', 1),
(27, 'Bukanier', 16, 'culture/culture_27.png', '', '', 1),
(28, 'Nivesenstämme', 16, 'culture/culture_28.png', '', '', 1),
(29, 'Nuanaä-Lie', 16, 'culture/culture_29.png', '', '', 1),
(30, 'Norbardensippe', 16, 'culture/culture_30.png', '', '', 1),
(31, 'Trollzacken', 16, 'culture/culture_31.png', '', '', 1),
(32, 'Auelfische Sippe', 17, 'culture/culture_32.png', '', '', 1),
(33, 'Elfische Siedlung', 17, 'culture/culture_33.png', '', '', 1),
(34, 'Steppenelfische Sippe', 17, 'culture/culture_34.png', '', '', 1),
(35, 'Waldelfische Sippe', 17, 'culture/culture_35.png', '', '', 1),
(36, 'Firnelfische Sippe', 17, 'culture/culture_36.png', '', '', 1),
(37, 'Ambosszwerge', 18, 'culture/culture_37.png', '', '', 1),
(38, 'Erzzwerge', 18, 'culture/culture_38.png', 'culture_alt/culture_38.png', '', 1),
(39, 'Hügelzwerge', 18, 'culture/culture_39.png', '', '', 1),
(40, 'Brillantzwerge', 18, 'culture/culture_40.png', '', '', 1),
(41, 'Brobim', 18, 'culture/culture_41.png', '', '', 1),
(42, 'Orkland', 19, 'culture/culture_42.png', '', '', 1),
(43, 'Yurach', 19, 'culture/culture_43.png', '', '', 1),
(44, 'Svellttal-Besatzer', 19, 'culture/culture_44.png', '', '', 1),
(45, 'Goblinstamm', 20, 'culture/culture_45.png', '', '', 1),
(46, 'Goblinbande', 20, 'culture/culture_46.png', '', '', 1),
(47, 'Festumer Ghetto', 20, 'culture/culture_47.png', 'culture_alt/culture_47.png', '', 1),
(48, 'Archaische Achaz', 21, 'culture/culture_48.png', '', '', 1),
(49, 'Stammes-Achaz', 21, 'culture/culture_49.png', '', '', 1),
(50, 'Mittelländische Städte (Norden)', 16, 'culture/culture_50.png', 'culture_alt/culture_50.png', '', 0),
(51, 'Mittelländische Landbevölkerung (Norden)', 16, 'culture/culture_51.png', '', '', 0),
(52, 'Ferkina (Raschtullswall)', 16, 'culture/culture_52.png', '', '', 0),
(53, 'Mittelländische Landbevölkerung (Darpatien)', 16, 'culture/culture_53.png', '', '', 0),
(54, 'Mittelländische Städte (Vallusa)', 16, 'culture/culture_54.png', 'culture_alt/culture_54.png', '', 0),
(55, 'Dschungelstämme (Tschopukikuha)', 16, 'culture/culture_55.png', '', '', 0),
(56, 'Dschungelstämme (ohne Tschopukikuha)', 16, 'culture/culture_56.png', '', '', 0),
(57, 'Verlorene Stämme (Shokubunga)', 16, 'culture/culture_57.png', '', '', 0),
(58, 'Verlorene Stämme (ohne Shokubunga)', 16, 'culture/culture_58.png', '', '', 0),
(59, 'Mittelländische Städte (Festum)', 16, 'culture/culture_59.png', 'culture_alt/culture_59.png', '', 0),
(60, 'Mittelländische Städte (Uhdenberg)', 16, 'culture/culture_60.png', 'culture_alt/culture_60.png', '', 0);

-- --------------------------------------------------------

--
-- Table structure for table `culture_color`
--

CREATE TABLE IF NOT EXISTS `culture_color` (
  `id_culture` int(3) unsigned NOT NULL,
  `id_color` int(3) unsigned NOT NULL,
  KEY `id_culture` (`id_culture`),
  KEY `id_color` (`id_color`)
) ENGINE=MyISAM DEFAULT CHARSET=utf8;

--
-- Dumping data for table `culture_color`
--

INSERT INTO `culture_color` (`id_culture`, `id_color`) VALUES
(1, 211),
(1, 212),
(1, 213),
(1, 217),
(1, 225),
(1, 226),
(1, 229),
(1, 284),
(1, 288),
(1, 289),
(1, 306),
(1, 307),
(1, 310),
(1, 498),
(1, 499),
(1, 503),
(1, 508),
(1, 516),
(1, 519),
(1, 524),
(1, 538),
(1, 541),
(1, 542),
(1, 581),
(1, 582),
(1, 584),
(1, 585),
(1, 586),
(1, 587),
(1, 592),
(1, 596),
(1, 599),
(1, 603),
(1, 611),
(1, 614),
(1, 615),
(1, 618),
(1, 620),
(1, 621),
(1, 624),
(1, 626),
(1, 629),
(1, 636),
(1, 644),
(1, 660),
(1, 666),
(1, 667),
(1, 668),
(1, 678),
(1, 686),
(1, 687),
(1, 688),
(1, 691),
(1, 694),
(1, 696),
(1, 699),
(1, 700),
(1, 702),
(1, 710),
(1, 711),
(1, 714),
(1, 715),
(1, 771),
(1, 772),
(1, 774),
(1, 775),
(1, 779),
(1, 781),
(1, 782),
(1, 785),
(1, 787),
(1, 789),
(1, 791),
(1, 792),
(1, 793),
(1, 794),
(1, 795),
(1, 805),
(1, 806),
(1, 807),
(1, 808),
(1, 809),
(1, 811),
(1, 812),
(1, 833),
(1, 835),
(1, 837),
(1, 839),
(1, 840),
(1, 841),
(1, 845),
(1, 851),
(1, 852),
(1, 854),
(1, 863),
(1, 864),
(1, 865),
(1, 868),
(1, 869),
(1, 870),
(1, 871),
(1, 872),
(1, 873),
(1, 874),
(1, 875),
(1, 886),
(1, 890),
(1, 892),
(1, 894),
(1, 895),
(1, 898),
(1, 899),
(1, 900),
(1, 904),
(1, 905),
(1, 908),
(1, 909),
(1, 913),
(1, 914),
(1, 915),
(1, 916),
(1, 917),
(1, 921),
(1, 929),
(1, 930),
(1, 931),
(1, 934),
(1, 945),
(1, 946),
(1, 947),
(1, 948),
(1, 949),
(1, 950),
(1, 951),
(1, 953),
(1, 954),
(1, 959),
(1, 960),
(1, 961),
(1, 962),
(1, 965),
(1, 966),
(1, 967),
(1, 977),
(1, 978),
(1, 979),
(1, 980),
(1, 982),
(1, 983),
(1, 984),
(1, 985),
(1, 986),
(1, 987),
(1, 988),
(1, 1012),
(1, 1013),
(1, 1036),
(1, 1037),
(1, 1042),
(1, 1043),
(1, 1057),
(1, 1065),
(1, 1066),
(1, 1069),
(1, 1070),
(2, 424),
(2, 425),
(2, 433),
(2, 454),
(2, 455),
(2, 456),
(2, 468),
(2, 478),
(2, 480),
(2, 482),
(2, 483),
(2, 489),
(2, 492),
(2, 498),
(2, 499),
(2, 516),
(2, 524),
(2, 526),
(2, 527),
(2, 528),
(2, 533),
(2, 540),
(2, 541),
(2, 542),
(2, 547),
(2, 564),
(2, 569),
(2, 570),
(2, 580),
(2, 584),
(2, 592),
(2, 595),
(2, 596),
(2, 602),
(2, 604),
(2, 609),
(2, 612),
(2, 613),
(2, 614),
(2, 615),
(2, 616),
(2, 619),
(2, 622),
(2, 631),
(2, 632),
(2, 633),
(2, 634),
(2, 637),
(2, 645),
(2, 647),
(2, 648),
(2, 649),
(2, 650),
(2, 653),
(2, 657),
(2, 658),
(2, 659),
(2, 660),
(2, 661),
(2, 662),
(2, 663),
(2, 664),
(2, 665),
(2, 667),
(2, 669),
(2, 670),
(2, 671),
(2, 672),
(2, 673),
(2, 674),
(2, 675),
(2, 676),
(2, 677),
(2, 678),
(2, 679),
(2, 680),
(2, 681),
(2, 682),
(2, 683),
(2, 684),
(2, 685),
(2, 686),
(2, 687),
(2, 688),
(2, 690),
(2, 695),
(2, 699),
(2, 700),
(2, 701),
(2, 706),
(2, 711),
(2, 712),
(2, 715),
(2, 716),
(2, 717),
(2, 718),
(2, 719),
(2, 722),
(2, 723),
(2, 725),
(2, 726),
(2, 731),
(2, 732),
(2, 735),
(2, 736),
(2, 737),
(2, 739),
(2, 740),
(2, 741),
(2, 743),
(2, 744),
(2, 745),
(2, 749),
(2, 750),
(2, 751),
(2, 753),
(2, 759),
(2, 760),
(2, 761),
(2, 763),
(2, 764),
(2, 765),
(2, 771),
(2, 772),
(2, 773),
(2, 778),
(2, 781),
(2, 784),
(2, 785),
(2, 788),
(2, 789),
(2, 790),
(2, 792),
(2, 793),
(2, 796),
(2, 798),
(2, 804),
(2, 805),
(2, 806),
(2, 809),
(2, 815),
(2, 816),
(2, 818),
(2, 819),
(2, 820),
(2, 821),
(2, 822),
(2, 823),
(2, 824),
(2, 825),
(2, 826),
(2, 827),
(2, 828),
(2, 829),
(2, 830),
(2, 831),
(2, 832),
(2, 833),
(2, 834),
(2, 836),
(2, 837),
(2, 838),
(2, 839),
(2, 840),
(2, 842),
(2, 845),
(2, 846),
(2, 847),
(2, 849),
(2, 850),
(2, 851),
(2, 852),
(2, 853),
(2, 855),
(2, 856),
(2, 857),
(2, 858),
(2, 859),
(2, 863),
(2, 864),
(2, 865),
(2, 867),
(2, 868),
(2, 870),
(2, 872),
(2, 873),
(2, 876),
(2, 881),
(2, 882),
(2, 883),
(2, 885),
(2, 886),
(2, 887),
(2, 888),
(2, 889),
(2, 890),
(2, 891),
(2, 892),
(2, 893),
(2, 895),
(2, 896),
(2, 897),
(2, 898),
(2, 900),
(2, 901),
(2, 902),
(2, 904),
(2, 907),
(2, 908),
(2, 909),
(2, 910),
(2, 911),
(2, 912),
(2, 913),
(2, 914),
(2, 917),
(2, 918),
(2, 919),
(2, 920),
(2, 922),
(2, 924),
(2, 925),
(2, 926),
(2, 929),
(2, 931),
(2, 932),
(2, 933),
(2, 935),
(2, 938),
(2, 939),
(2, 940),
(2, 942),
(2, 944),
(2, 945),
(2, 946),
(2, 947),
(2, 959),
(2, 962),
(2, 964),
(2, 966),
(2, 968),
(2, 969),
(2, 970),
(2, 975),
(2, 977),
(2, 978),
(2, 981),
(2, 982),
(2, 983),
(2, 985),
(2, 988),
(2, 989),
(2, 990),
(2, 996),
(2, 997),
(2, 1000),
(2, 1001),
(2, 1002),
(2, 1004),
(2, 1007),
(2, 1008),
(2, 1009),
(2, 1012),
(2, 1014),
(2, 1015),
(2, 1016),
(2, 1019),
(2, 1020),
(2, 1022),
(2, 1023),
(2, 1024),
(2, 1025),
(2, 1026),
(2, 1027),
(2, 1036),
(2, 1037),
(2, 1038),
(2, 1039),
(2, 1045),
(2, 1057),
(2, 1058),
(2, 1059),
(2, 1060),
(2, 1061),
(2, 1062),
(2, 1063),
(2, 1064),
(2, 1065),
(2, 1067),
(3, 720),
(3, 721),
(3, 724),
(3, 727),
(3, 729),
(3, 733),
(3, 734),
(3, 735),
(3, 736),
(3, 738),
(3, 739),
(3, 742),
(3, 743),
(3, 745),
(3, 748),
(3, 755),
(3, 757),
(3, 758),
(3, 762),
(3, 766),
(3, 767),
(3, 768),
(3, 769),
(3, 770),
(3, 783),
(3, 784),
(3, 788),
(3, 790),
(3, 796),
(3, 799),
(3, 800),
(3, 801),
(3, 802),
(3, 803),
(3, 810),
(3, 814),
(3, 817),
(3, 838),
(3, 839),
(3, 860),
(3, 861),
(3, 862),
(3, 866),
(3, 877),
(3, 880),
(3, 885),
(3, 910),
(4, 146),
(4, 147),
(4, 148),
(4, 151),
(4, 152),
(4, 153),
(4, 154),
(4, 163),
(4, 179),
(4, 180),
(4, 181),
(4, 182),
(4, 183),
(4, 184),
(4, 200),
(4, 201),
(4, 202),
(4, 214),
(4, 224),
(4, 228),
(4, 230),
(4, 231),
(4, 232),
(4, 239),
(4, 240),
(4, 241),
(4, 242),
(4, 243),
(4, 244),
(4, 245),
(4, 247),
(4, 249),
(4, 250),
(4, 255),
(4, 257),
(4, 258),
(4, 259),
(4, 261),
(4, 271),
(4, 278),
(4, 280),
(4, 281),
(4, 284),
(4, 286),
(4, 288),
(4, 289),
(4, 297),
(4, 300),
(4, 303),
(4, 304),
(4, 306),
(4, 307),
(4, 308),
(4, 309),
(4, 310),
(4, 316),
(4, 317),
(4, 321),
(4, 322),
(4, 333),
(4, 336),
(4, 340),
(4, 341),
(4, 349),
(4, 353),
(4, 370),
(4, 371),
(4, 374),
(4, 376),
(4, 378),
(4, 385),
(4, 413),
(4, 414),
(4, 418),
(4, 419),
(4, 420),
(4, 426),
(4, 434),
(4, 435),
(4, 436),
(4, 441),
(4, 447),
(4, 448),
(4, 449),
(4, 469),
(4, 490),
(4, 548),
(4, 549),
(4, 552),
(4, 564),
(4, 569),
(4, 570),
(4, 576),
(4, 581),
(4, 582),
(4, 583),
(4, 584),
(4, 585),
(4, 586),
(4, 587),
(4, 588),
(4, 590),
(4, 592),
(4, 593),
(4, 594),
(4, 595),
(4, 596),
(4, 597),
(4, 599),
(4, 600),
(4, 602),
(4, 603),
(4, 604),
(4, 605),
(4, 606),
(4, 615),
(4, 616),
(4, 619),
(4, 647),
(4, 659),
(4, 686),
(4, 687),
(4, 688),
(4, 691),
(4, 694),
(4, 696),
(5, 32),
(5, 34),
(5, 35),
(5, 36),
(5, 37),
(5, 38),
(5, 39),
(5, 40),
(5, 43),
(5, 45),
(5, 49),
(5, 50),
(5, 51),
(5, 55),
(5, 58),
(5, 67),
(5, 73),
(5, 75),
(5, 76),
(5, 77),
(5, 78),
(5, 79),
(5, 80),
(5, 83),
(5, 84),
(5, 85),
(5, 87),
(5, 88),
(5, 89),
(5, 90),
(5, 91),
(5, 92),
(5, 96),
(5, 100),
(5, 102),
(5, 103),
(5, 104),
(5, 106),
(5, 107),
(5, 109),
(5, 110),
(5, 111),
(5, 120),
(5, 121),
(5, 124),
(5, 130),
(5, 131),
(5, 132),
(5, 134),
(5, 142),
(5, 144),
(5, 146),
(5, 147),
(5, 148),
(5, 153),
(5, 161),
(5, 162),
(5, 164),
(5, 173),
(5, 174),
(5, 177),
(5, 178),
(5, 180),
(5, 181),
(5, 191),
(5, 192),
(5, 196),
(5, 197),
(5, 198),
(5, 199),
(5, 200),
(5, 203),
(5, 204),
(5, 210),
(5, 211),
(5, 212),
(5, 213),
(5, 217),
(5, 219),
(5, 220),
(5, 221),
(5, 225),
(5, 226),
(5, 227),
(5, 229),
(5, 233),
(5, 234),
(5, 235),
(5, 236),
(5, 237),
(5, 238),
(5, 246),
(5, 248),
(5, 251),
(5, 254),
(5, 255),
(5, 256),
(5, 257),
(5, 258),
(5, 259),
(5, 260),
(5, 263),
(5, 270),
(5, 273),
(5, 274),
(5, 275),
(5, 277),
(5, 279),
(5, 282),
(5, 283),
(5, 285),
(5, 287),
(5, 291),
(5, 292),
(5, 293),
(5, 294),
(5, 295),
(5, 298),
(5, 299),
(5, 301),
(5, 302),
(5, 305),
(5, 316),
(5, 317),
(5, 321),
(5, 322),
(5, 325),
(5, 326),
(5, 328),
(5, 331),
(5, 332),
(5, 333),
(5, 340),
(5, 343),
(5, 344),
(5, 345),
(5, 347),
(5, 348),
(5, 349),
(5, 352),
(5, 356),
(5, 361),
(5, 362),
(5, 363),
(5, 364),
(5, 366),
(5, 367),
(5, 368),
(5, 369),
(5, 370),
(5, 371),
(5, 372),
(5, 373),
(5, 380),
(5, 382),
(5, 383),
(5, 384),
(5, 387),
(5, 390),
(5, 391),
(5, 393),
(5, 395),
(5, 400),
(5, 412),
(5, 415),
(5, 416),
(5, 417),
(5, 418),
(5, 419),
(5, 420),
(5, 426),
(5, 431),
(5, 432),
(5, 440),
(5, 461),
(5, 466),
(5, 467),
(5, 471),
(5, 474),
(5, 478),
(5, 480),
(5, 482),
(5, 483),
(5, 486),
(5, 488),
(5, 491),
(5, 496),
(5, 497),
(5, 502),
(5, 507),
(5, 511),
(5, 518),
(5, 525),
(5, 532),
(5, 533),
(5, 534),
(5, 537),
(5, 546),
(5, 555),
(5, 609),
(5, 610),
(5, 611),
(5, 612),
(5, 621),
(5, 624),
(5, 626),
(5, 632),
(5, 633),
(5, 634),
(5, 636),
(5, 690),
(5, 695),
(5, 719),
(6, 997),
(6, 1001),
(6, 1002),
(6, 1004),
(6, 1007),
(6, 1008),
(6, 1009),
(6, 1014),
(6, 1015),
(6, 1016),
(6, 1017),
(6, 1018),
(6, 1019),
(6, 1020),
(6, 1022),
(6, 1023),
(6, 1024),
(6, 1025),
(6, 1026),
(6, 1038),
(6, 1039),
(6, 1044),
(6, 1045),
(6, 1061),
(6, 1062),
(6, 1063),
(6, 1064),
(6, 1072),
(6, 1073),
(6, 1101),
(6, 1104),
(6, 1106),
(6, 1107),
(6, 1115),
(6, 1119),
(6, 1120),
(6, 1133),
(6, 1134),
(6, 1135),
(6, 1147),
(6, 1148),
(6, 1156),
(7, 1057),
(7, 1058),
(7, 1059),
(7, 1060),
(7, 1061),
(7, 1062),
(7, 1063),
(7, 1064),
(7, 1066),
(7, 1067),
(7, 1069),
(7, 1070),
(7, 1071),
(7, 1072),
(7, 1073),
(7, 1079),
(7, 1080),
(7, 1081),
(7, 1082),
(7, 1086),
(7, 1095),
(7, 1101),
(7, 1104),
(7, 1106),
(7, 1107),
(7, 1112),
(7, 1115),
(7, 1119),
(7, 1120),
(7, 1127),
(7, 1133),
(7, 1134),
(7, 1135),
(7, 1137),
(7, 1138),
(7, 1141),
(7, 1142),
(7, 1147),
(7, 1148),
(7, 1156),
(7, 1158),
(7, 1163),
(7, 1165),
(7, 1181),
(7, 1182),
(7, 1185),
(7, 1188),
(7, 1199),
(7, 1202),
(7, 1206),
(7, 1207),
(7, 1209),
(7, 1210),
(7, 1211),
(7, 1212),
(7, 1214),
(7, 1217),
(7, 1219),
(7, 1223),
(7, 1224),
(7, 1226),
(7, 1229),
(7, 1231),
(7, 1234),
(7, 1235),
(7, 1236),
(7, 1237),
(7, 1238),
(7, 1239),
(7, 1241),
(7, 1242),
(7, 1243),
(7, 1245),
(7, 1253),
(7, 1257),
(7, 1258),
(7, 1260),
(7, 1275),
(7, 1278),
(7, 1279),
(7, 1282),
(7, 1283),
(7, 1286),
(7, 1289),
(7, 1290),
(7, 1291),
(7, 1295),
(7, 1296),
(7, 1297),
(7, 1298),
(7, 1299),
(7, 1300),
(7, 1301),
(7, 1302),
(7, 1303),
(7, 1304),
(7, 1307),
(7, 1312),
(7, 1313),
(7, 1318),
(7, 1364),
(8, 1199),
(8, 1202),
(8, 1206),
(8, 1209),
(8, 1210),
(8, 1211),
(8, 1212),
(8, 1214),
(8, 1217),
(8, 1219),
(8, 1223),
(8, 1224),
(8, 1226),
(8, 1229),
(8, 1231),
(8, 1235),
(8, 1238),
(8, 1239),
(8, 1241),
(8, 1242),
(8, 1243),
(8, 1245),
(8, 1253),
(8, 1257),
(8, 1258),
(8, 1260),
(8, 1275),
(8, 1278),
(8, 1279),
(8, 1282),
(8, 1283),
(10, 938),
(10, 940),
(10, 941),
(10, 943),
(10, 950),
(10, 951),
(10, 952),
(10, 953),
(10, 954),
(10, 955),
(10, 956),
(10, 958),
(10, 963),
(10, 965),
(10, 966),
(10, 967),
(10, 969),
(10, 970),
(10, 973),
(10, 976),
(10, 991),
(10, 992),
(10, 998),
(10, 999),
(10, 1005),
(10, 1006),
(10, 1010),
(10, 1011),
(10, 1021),
(10, 1033),
(10, 1040),
(10, 1041),
(10, 1047),
(10, 1048),
(10, 1049),
(10, 1050),
(10, 1051),
(10, 1052),
(10, 1054),
(10, 1055),
(10, 1068),
(10, 1074),
(10, 1075),
(10, 1076),
(10, 1077),
(10, 1078),
(10, 1089),
(10, 1090),
(10, 1091),
(10, 1100),
(10, 1102),
(10, 1103),
(10, 1105),
(10, 1108),
(10, 1109),
(10, 1122),
(10, 1123),
(10, 1126),
(10, 1130),
(10, 1131),
(10, 1132),
(10, 1145),
(10, 1149),
(10, 1152),
(10, 1184),
(10, 1186),
(10, 1189),
(10, 1192),
(10, 1193),
(10, 1194),
(10, 1195),
(10, 1197),
(11, 1068),
(11, 1074),
(11, 1075),
(11, 1076),
(11, 1077),
(11, 1078),
(11, 1089),
(11, 1090),
(11, 1091),
(11, 1100),
(11, 1102),
(11, 1103),
(11, 1105),
(11, 1108),
(11, 1109),
(11, 1122),
(11, 1123),
(11, 1126),
(11, 1130),
(11, 1131),
(11, 1132),
(11, 1145),
(11, 1149),
(11, 1152),
(11, 1184),
(11, 1186),
(11, 1189),
(11, 1192),
(11, 1193),
(11, 1194),
(11, 1195),
(11, 1197),
(12, 1075),
(12, 1076),
(12, 1077),
(12, 1078),
(12, 1149),
(12, 1150),
(12, 1151),
(12, 1152),
(12, 1153),
(12, 1154),
(12, 1157),
(12, 1159),
(12, 1167),
(12, 1168),
(12, 1184),
(12, 1186),
(12, 1189),
(12, 1192),
(12, 1193),
(12, 1194),
(12, 1195),
(12, 1197),
(12, 1198),
(12, 1200),
(12, 1201),
(12, 1203),
(12, 1204),
(12, 1205),
(12, 1208),
(12, 1263),
(12, 1264),
(12, 1265),
(12, 1266),
(12, 1270),
(12, 1274),
(12, 1280),
(12, 1281),
(12, 1294),
(13, 1038),
(13, 1039),
(13, 1044),
(13, 1092),
(13, 1093),
(13, 1094),
(13, 1096),
(13, 1097),
(13, 1098),
(13, 1099),
(13, 1110),
(13, 1113),
(13, 1116),
(13, 1149),
(13, 1150),
(13, 1151),
(13, 1152),
(13, 1153),
(13, 1154),
(13, 1157),
(13, 1159),
(13, 1167),
(13, 1168),
(13, 1171),
(13, 1172),
(13, 1173),
(13, 1184),
(13, 1186),
(13, 1189),
(13, 1195),
(13, 1196),
(13, 1203),
(13, 1204),
(13, 1220),
(13, 1221),
(13, 1222),
(13, 1225),
(13, 1244),
(13, 1308),
(13, 1326),
(13, 1331),
(13, 1332),
(13, 1333),
(13, 1339),
(13, 1405),
(13, 1406),
(13, 1407),
(13, 1408),
(13, 1409),
(13, 1413),
(13, 1414),
(13, 1415),
(14, 932),
(14, 933),
(14, 936),
(14, 937),
(14, 940),
(14, 943),
(14, 1004),
(14, 1045),
(14, 1046),
(14, 1053),
(14, 1054),
(14, 1068),
(14, 1075),
(14, 1076),
(14, 1102),
(14, 1105),
(14, 1110),
(14, 1111),
(14, 1113),
(14, 1116),
(14, 1117),
(14, 1122),
(14, 1125),
(14, 1129),
(14, 1167),
(14, 1168),
(14, 1169),
(14, 1174),
(14, 1183),
(14, 1190),
(14, 1191),
(14, 1205),
(14, 1208),
(14, 1215),
(14, 1218),
(14, 1220),
(14, 1221),
(14, 1222),
(14, 1240),
(14, 1249),
(14, 1250),
(14, 1263),
(14, 1264),
(14, 1265),
(14, 1266),
(14, 1327),
(14, 1335),
(15, 932),
(15, 933),
(15, 936),
(15, 937),
(15, 940),
(15, 943),
(15, 953),
(15, 954),
(15, 955),
(15, 956),
(15, 958),
(15, 960),
(15, 962),
(15, 963),
(15, 964),
(15, 965),
(15, 966),
(15, 967),
(15, 970),
(15, 976),
(15, 989),
(15, 990),
(15, 992),
(15, 999),
(15, 1002),
(15, 1004),
(15, 1005),
(15, 1006),
(15, 1007),
(15, 1009),
(15, 1010),
(15, 1011),
(15, 1015),
(15, 1018),
(15, 1020),
(15, 1021),
(15, 1023),
(15, 1024),
(15, 1025),
(15, 1026),
(15, 1033),
(15, 1038),
(15, 1039),
(15, 1040),
(15, 1041),
(15, 1044),
(15, 1045),
(15, 1046),
(15, 1047),
(15, 1048),
(15, 1049),
(15, 1050),
(15, 1051),
(15, 1052),
(15, 1053),
(15, 1054),
(15, 1055),
(15, 1056),
(15, 1059),
(15, 1060),
(15, 1061),
(15, 1062),
(15, 1063),
(15, 1064),
(15, 1067),
(15, 1068),
(15, 1069),
(15, 1070),
(15, 1071),
(15, 1072),
(15, 1073),
(15, 1074),
(15, 1075),
(15, 1076),
(15, 1077),
(15, 1078),
(15, 1079),
(15, 1081),
(15, 1082),
(15, 1083),
(15, 1084),
(15, 1086),
(15, 1088),
(15, 1089),
(15, 1090),
(15, 1091),
(15, 1092),
(15, 1093),
(15, 1094),
(15, 1095),
(15, 1100),
(15, 1101),
(15, 1102),
(15, 1103),
(15, 1104),
(15, 1105),
(15, 1106),
(15, 1107),
(15, 1108),
(15, 1109),
(15, 1110),
(15, 1111),
(15, 1112),
(15, 1114),
(15, 1115),
(15, 1119),
(15, 1120),
(15, 1121),
(15, 1122),
(15, 1123),
(15, 1125),
(15, 1126),
(15, 1127),
(15, 1130),
(15, 1131),
(15, 1132),
(15, 1133),
(15, 1134),
(15, 1135),
(15, 1136),
(15, 1137),
(15, 1138),
(15, 1139),
(15, 1140),
(15, 1141),
(15, 1142),
(15, 1143),
(15, 1144),
(15, 1145),
(15, 1146),
(15, 1147),
(15, 1148),
(15, 1149),
(15, 1150),
(15, 1151),
(15, 1152),
(15, 1153),
(15, 1154),
(15, 1156),
(15, 1157),
(15, 1158),
(15, 1159),
(15, 1160),
(15, 1163),
(15, 1165),
(15, 1167),
(15, 1168),
(15, 1169),
(15, 1170),
(15, 1171),
(15, 1174),
(15, 1181),
(15, 1182),
(15, 1183),
(15, 1184),
(15, 1185),
(15, 1186),
(15, 1187),
(15, 1188),
(15, 1189),
(15, 1190),
(15, 1191),
(15, 1192),
(15, 1193),
(15, 1194),
(15, 1195),
(15, 1197),
(15, 1198),
(15, 1200),
(15, 1201),
(15, 1203),
(15, 1204),
(15, 1205),
(15, 1207),
(15, 1208),
(15, 1215),
(15, 1220),
(15, 1234),
(15, 1236),
(15, 1237),
(15, 1240),
(15, 1249),
(15, 1250),
(15, 1262),
(15, 1263),
(15, 1264),
(15, 1265),
(15, 1266),
(15, 1270),
(15, 1273),
(15, 1274),
(15, 1280),
(15, 1281),
(15, 1284),
(15, 1285),
(15, 1286),
(15, 1289),
(15, 1290),
(15, 1291),
(15, 1292),
(15, 1293),
(15, 1294),
(15, 1296),
(15, 1297),
(15, 1300),
(15, 1301),
(15, 1302),
(15, 1303),
(15, 1304),
(15, 1306),
(15, 1307),
(15, 1311),
(15, 1312),
(15, 1313),
(15, 1316),
(15, 1317),
(15, 1318),
(15, 1319),
(15, 1321),
(15, 1325),
(15, 1327),
(15, 1329),
(15, 1332),
(15, 1333),
(15, 1334),
(15, 1335),
(15, 1336),
(15, 1339),
(15, 1340),
(15, 1341),
(15, 1342),
(15, 1348),
(15, 1359),
(15, 1360),
(15, 1363),
(15, 1364),
(15, 1366),
(15, 1370),
(15, 1371),
(15, 1374),
(15, 1375),
(15, 1377),
(15, 1378),
(15, 1379),
(15, 1380),
(15, 1382),
(15, 1383),
(15, 1384),
(15, 1385),
(15, 1386),
(15, 1390),
(15, 1391),
(15, 1393),
(15, 1394),
(15, 1395),
(15, 1397),
(15, 1398),
(15, 1399),
(15, 1401),
(15, 1402),
(15, 1405),
(15, 1406),
(15, 1407),
(15, 1408),
(15, 1409),
(15, 1410),
(15, 1412),
(15, 1413),
(15, 1414),
(15, 1415),
(15, 1416),
(15, 1420),
(15, 1421),
(15, 1422),
(15, 1424),
(15, 1425),
(15, 1426),
(15, 1427),
(15, 1428),
(15, 1429),
(15, 1430),
(15, 1431),
(15, 1433),
(15, 1434),
(15, 1436),
(15, 1437),
(15, 1441),
(15, 1442),
(15, 1443),
(15, 1444),
(15, 1445),
(15, 1447),
(15, 1448),
(15, 1449),
(15, 1450),
(15, 1452),
(15, 1453),
(15, 1454),
(15, 1455),
(15, 1456),
(15, 1457),
(15, 1458),
(16, 87),
(16, 88),
(16, 90),
(16, 91),
(16, 92),
(16, 104),
(16, 109),
(16, 110),
(16, 121),
(16, 211),
(16, 212),
(16, 213),
(16, 217),
(16, 225),
(16, 226),
(16, 229),
(16, 270),
(16, 273),
(16, 292),
(16, 334),
(16, 335),
(16, 339),
(16, 392),
(16, 397),
(16, 410),
(16, 411),
(16, 437),
(16, 438),
(16, 445),
(16, 460),
(16, 494),
(16, 500),
(16, 504),
(16, 512),
(16, 514),
(16, 515),
(16, 517),
(16, 529),
(16, 531),
(16, 536),
(16, 548),
(16, 549),
(16, 550),
(16, 552),
(16, 553),
(16, 554),
(16, 565),
(16, 571),
(16, 576),
(16, 578),
(16, 581),
(16, 582),
(16, 584),
(16, 585),
(16, 586),
(16, 587),
(16, 590),
(16, 591),
(16, 592),
(16, 596),
(16, 599),
(16, 601),
(16, 603),
(16, 615),
(16, 625),
(16, 656),
(16, 686),
(16, 687),
(16, 688),
(16, 691),
(16, 693),
(16, 694),
(16, 696),
(16, 697),
(16, 703),
(16, 704),
(16, 705),
(16, 708),
(16, 710),
(16, 711),
(16, 714),
(16, 715),
(16, 720),
(16, 724),
(16, 729),
(16, 738),
(16, 747),
(16, 754),
(16, 771),
(16, 772),
(16, 774),
(16, 775),
(16, 777),
(16, 779),
(16, 780),
(16, 785),
(16, 787),
(16, 797),
(16, 799),
(16, 800),
(16, 806),
(16, 808),
(16, 809),
(16, 811),
(16, 812),
(16, 813),
(16, 814),
(16, 860),
(16, 861),
(16, 862),
(16, 866),
(16, 872),
(16, 873),
(16, 875),
(16, 898),
(16, 899),
(16, 931),
(16, 934),
(16, 945),
(16, 946),
(16, 947),
(16, 948),
(16, 949),
(16, 950),
(16, 951),
(16, 953),
(16, 954),
(16, 960),
(16, 962),
(16, 965),
(16, 966),
(16, 967),
(16, 1005),
(16, 1006),
(16, 1010),
(16, 1011),
(16, 1029),
(16, 1030),
(16, 1031),
(16, 1032),
(16, 1033),
(16, 1034),
(16, 1036),
(16, 1037),
(16, 1040),
(16, 1041),
(16, 1042),
(16, 1043),
(16, 1047),
(16, 1048),
(16, 1049),
(16, 1050),
(16, 1051),
(16, 1057),
(16, 1065),
(16, 1066),
(16, 1069),
(16, 1070),
(16, 1119),
(16, 1120),
(16, 1133),
(16, 1134),
(16, 1135),
(16, 1148),
(16, 1149),
(16, 1150),
(16, 1151),
(16, 1152),
(16, 1153),
(16, 1154),
(16, 1157),
(16, 1159),
(16, 1161),
(16, 1162),
(16, 1164),
(16, 1166),
(16, 1167),
(16, 1168),
(16, 1175),
(16, 1176),
(16, 1181),
(16, 1182),
(16, 1185),
(16, 1188),
(16, 1226),
(16, 1227),
(16, 1228),
(16, 1230),
(16, 1233),
(16, 1236),
(16, 1237),
(16, 1263),
(16, 1264),
(16, 1265),
(16, 1266),
(16, 1270),
(16, 1274),
(16, 1280),
(16, 1281),
(16, 1290),
(16, 1294),
(16, 1299),
(16, 1300),
(16, 1303),
(16, 1304),
(16, 1306),
(16, 1310),
(16, 1311),
(16, 1317),
(16, 1318),
(16, 1319),
(16, 1322),
(16, 1324),
(16, 1326),
(16, 1331),
(16, 1332),
(16, 1333),
(16, 1334),
(16, 1335),
(16, 1336),
(16, 1337),
(16, 1338),
(16, 1339),
(16, 1340),
(16, 1341),
(16, 1342),
(16, 1343),
(16, 1344),
(16, 1352),
(16, 1353),
(16, 1374),
(16, 1375),
(16, 1377),
(16, 1378),
(16, 1383),
(16, 1384),
(16, 1390),
(16, 1395),
(16, 1396),
(16, 1404),
(16, 1405),
(16, 1406),
(16, 1407),
(16, 1408),
(16, 1409),
(16, 1411),
(16, 1413),
(16, 1414),
(16, 1415),
(16, 1418),
(16, 1419),
(16, 1420),
(16, 1423),
(16, 1424),
(16, 1425),
(16, 1435),
(16, 1461),
(16, 1462),
(16, 1464),
(16, 1492),
(16, 1494),
(16, 1495),
(16, 1499),
(16, 1525),
(16, 1528),
(16, 1532),
(16, 1537),
(16, 1545),
(16, 1546),
(16, 1547),
(16, 1548),
(16, 1554),
(16, 1555),
(16, 1558),
(16, 1559),
(16, 1560),
(16, 1562),
(16, 1573),
(16, 1574),
(16, 1575),
(16, 1576),
(16, 1579),
(16, 1582),
(16, 1585),
(16, 1587),
(16, 1590),
(17, 117),
(17, 118),
(17, 119),
(17, 141),
(17, 145),
(17, 149),
(17, 167),
(17, 168),
(17, 172),
(17, 177),
(17, 178),
(17, 191),
(17, 192),
(17, 210),
(17, 211),
(17, 215),
(17, 216),
(17, 219),
(17, 220),
(17, 221),
(17, 225),
(17, 226),
(17, 227),
(17, 229),
(17, 238),
(17, 246),
(17, 270),
(17, 272),
(17, 273),
(17, 290),
(17, 291),
(17, 292),
(17, 296),
(17, 298),
(17, 299),
(17, 301),
(17, 302),
(17, 318),
(17, 329),
(17, 334),
(17, 335),
(17, 339),
(17, 346),
(17, 351),
(17, 352),
(17, 355),
(17, 356),
(17, 358),
(17, 359),
(17, 362),
(17, 368),
(17, 369),
(17, 372),
(17, 382),
(17, 387),
(17, 392),
(17, 395),
(17, 411),
(17, 415),
(17, 416),
(17, 417),
(17, 437),
(17, 438),
(17, 471),
(18, 22),
(18, 23),
(18, 27),
(18, 28),
(18, 29),
(18, 33),
(18, 38),
(18, 43),
(18, 44),
(18, 58),
(18, 81),
(18, 95),
(19, 1272),
(19, 1276),
(19, 1295),
(19, 1296),
(19, 1298),
(19, 1299),
(19, 1300),
(19, 1301),
(19, 1310),
(19, 1311),
(19, 1315),
(19, 1317),
(19, 1321),
(19, 1329),
(19, 1343),
(19, 1344),
(19, 1350),
(19, 1352),
(19, 1353),
(19, 1354),
(19, 1357),
(19, 1358),
(19, 1365),
(19, 1382),
(19, 1383),
(19, 1384),
(19, 1389),
(19, 1390),
(19, 1391),
(19, 1395),
(19, 1396),
(19, 1403),
(19, 1404),
(19, 1411),
(19, 1417),
(19, 1418),
(19, 1419),
(19, 1420),
(19, 1423),
(19, 1424),
(19, 1430),
(19, 1432),
(19, 1435),
(19, 1436),
(19, 1437),
(19, 1438),
(19, 1439),
(19, 1440),
(19, 1441),
(19, 1446),
(19, 1447),
(19, 1448),
(19, 1451),
(19, 1452),
(19, 1459),
(19, 1460),
(19, 1461),
(19, 1462),
(19, 1463),
(19, 1464),
(19, 1465),
(19, 1466),
(19, 1467),
(19, 1468),
(19, 1469),
(19, 1470),
(19, 1474),
(19, 1476),
(19, 1477),
(19, 1478),
(19, 1479),
(19, 1480),
(19, 1481),
(19, 1482),
(19, 1483),
(19, 1484),
(19, 1485),
(19, 1486),
(19, 1487),
(19, 1488),
(19, 1489),
(19, 1490),
(19, 1491),
(19, 1492),
(19, 1493),
(19, 1494),
(19, 1495),
(19, 1496),
(19, 1497),
(19, 1499),
(19, 1500),
(19, 1518),
(19, 1519),
(19, 1520),
(19, 1521),
(19, 1522),
(19, 1525),
(19, 1528),
(19, 1531),
(19, 1532),
(19, 1533),
(19, 1536),
(19, 1537),
(19, 1538),
(19, 1539),
(19, 1552),
(19, 1554),
(19, 1555),
(19, 1558),
(19, 1559),
(19, 1564),
(19, 1573),
(19, 1574),
(19, 1575),
(19, 1576),
(19, 1578),
(19, 1579),
(19, 1580),
(19, 1581),
(19, 1582),
(19, 1584),
(19, 1585),
(19, 1586),
(19, 1587),
(19, 1588),
(19, 1589),
(19, 1590),
(19, 1591),
(19, 1592),
(20, 1526),
(20, 1529),
(20, 1534),
(20, 1535),
(20, 1540),
(20, 1541),
(20, 1545),
(20, 1546),
(20, 1547),
(20, 1548),
(20, 1551),
(20, 1553),
(20, 1560),
(20, 1562),
(20, 1565),
(20, 1577),
(21, 1300),
(21, 1301),
(21, 1302),
(21, 1303),
(21, 1304),
(21, 1306),
(21, 1307),
(21, 1311),
(21, 1312),
(21, 1316),
(21, 1317),
(21, 1318),
(21, 1319),
(21, 1321),
(21, 1325),
(21, 1329),
(21, 1363),
(21, 1364),
(21, 1366),
(21, 1370),
(21, 1371),
(21, 1374),
(21, 1375),
(21, 1377),
(21, 1378),
(21, 1379),
(21, 1380),
(21, 1382),
(21, 1383),
(21, 1384),
(21, 1385),
(21, 1386),
(21, 1390),
(21, 1391),
(21, 1394),
(21, 1395),
(21, 1398),
(21, 1399),
(21, 1402),
(21, 1406),
(21, 1407),
(21, 1408),
(21, 1409),
(21, 1410),
(21, 1412),
(21, 1413),
(21, 1414),
(21, 1415),
(21, 1416),
(21, 1420),
(21, 1421),
(21, 1422),
(21, 1424),
(21, 1425),
(21, 1426),
(21, 1427),
(21, 1428),
(21, 1429),
(21, 1430),
(21, 1431),
(21, 1433),
(21, 1434),
(21, 1436),
(21, 1437),
(21, 1441),
(21, 1442),
(21, 1443),
(21, 1444),
(21, 1445),
(21, 1448),
(21, 1449),
(21, 1450),
(21, 1452),
(21, 1453),
(21, 1454),
(21, 1455),
(21, 1456),
(21, 1458),
(21, 1459),
(21, 1460),
(21, 1461),
(21, 1463),
(21, 1464),
(21, 1465),
(22, 1380),
(22, 1394),
(22, 1398),
(22, 1399),
(22, 1402),
(22, 1406),
(22, 1407),
(22, 1408),
(22, 1409),
(22, 1410),
(22, 1412),
(22, 1413),
(22, 1414),
(22, 1415),
(22, 1416),
(22, 1428),
(22, 1429),
(22, 1434),
(22, 1444),
(22, 1445),
(22, 1453),
(22, 1454),
(22, 1455),
(22, 1456),
(22, 1458),
(22, 1502),
(22, 1503),
(22, 1504),
(22, 1505),
(22, 1506),
(22, 1507),
(22, 1509),
(22, 1512),
(22, 1513),
(22, 1515),
(22, 1516),
(22, 1523),
(22, 1524),
(22, 1527),
(22, 1530),
(22, 1542),
(22, 1543),
(22, 1544),
(22, 1549),
(22, 1550),
(22, 1556),
(22, 1557),
(22, 1561),
(22, 1563),
(22, 1566),
(22, 1567),
(22, 1568),
(22, 1569),
(22, 1570),
(22, 1571),
(22, 1593),
(22, 1594),
(22, 1595),
(22, 1596),
(22, 1597),
(22, 1598),
(22, 1599),
(22, 1600),
(22, 1601),
(22, 1602),
(22, 1604),
(22, 1605),
(22, 1607),
(22, 1609),
(22, 1611),
(22, 1612),
(22, 1613),
(22, 1614),
(22, 1615),
(22, 1616),
(22, 1617),
(22, 1618),
(22, 1619),
(22, 1620),
(22, 1621),
(22, 1622),
(22, 1623),
(22, 1624),
(22, 1625),
(22, 1626),
(22, 1627),
(22, 1628),
(22, 1629),
(22, 1630),
(22, 1631),
(22, 1632),
(22, 1633),
(22, 1634),
(22, 1635),
(22, 1636),
(22, 1637),
(22, 1638),
(22, 1639),
(22, 1641),
(22, 1642),
(22, 1643),
(22, 1644),
(22, 1645),
(22, 1646),
(22, 1647),
(22, 1648),
(22, 1649),
(22, 1650),
(22, 1651),
(22, 1652),
(22, 1654),
(22, 1655),
(22, 1656),
(22, 1658),
(22, 1659),
(22, 1660),
(22, 1661),
(22, 1662),
(22, 1663),
(22, 1664),
(22, 1665),
(22, 1666),
(22, 1667),
(22, 1668),
(22, 1669),
(22, 1670),
(22, 1671),
(22, 1672),
(22, 1673),
(22, 1674),
(22, 1675),
(22, 1676),
(23, 1616),
(23, 1617),
(23, 1618),
(23, 1620),
(23, 1628),
(23, 1630),
(23, 1633),
(23, 1637),
(23, 1647),
(23, 1648),
(23, 1649),
(23, 1650),
(23, 1654),
(23, 1655),
(23, 1656),
(23, 1660),
(24, 421),
(24, 422),
(24, 427),
(24, 428),
(24, 442),
(24, 443),
(24, 452),
(24, 458),
(24, 459),
(24, 479),
(24, 530),
(24, 559),
(24, 560),
(24, 565),
(24, 566),
(24, 571),
(24, 576),
(24, 577),
(24, 583),
(24, 590),
(24, 593),
(24, 594),
(24, 597),
(24, 598),
(24, 599),
(24, 600),
(24, 603),
(24, 606),
(24, 615),
(24, 616),
(24, 619),
(24, 646),
(24, 688),
(24, 694),
(24, 707),
(24, 710),
(24, 711),
(24, 712),
(24, 717),
(24, 753),
(24, 772),
(24, 775),
(24, 776),
(24, 779),
(24, 786),
(24, 809),
(24, 811),
(24, 812),
(24, 843),
(24, 844),
(24, 878),
(24, 879),
(24, 897),
(24, 898),
(24, 899),
(24, 902),
(24, 903),
(24, 906),
(24, 907),
(24, 918),
(24, 919),
(24, 922),
(24, 923),
(24, 925),
(24, 926),
(24, 927),
(24, 935),
(24, 939),
(24, 942),
(24, 946),
(24, 949),
(24, 951),
(24, 952),
(24, 954),
(24, 955),
(24, 956),
(24, 957),
(24, 958),
(24, 965),
(24, 971),
(24, 972),
(24, 993),
(24, 994),
(24, 995),
(24, 1005),
(24, 1006),
(24, 1021),
(24, 1028),
(24, 1029),
(24, 1031),
(24, 1040),
(24, 1047),
(24, 1050),
(24, 1051),
(24, 1052),
(24, 1090),
(24, 1091),
(24, 1118),
(24, 1123),
(24, 1124),
(24, 1130),
(24, 1131),
(24, 1136),
(24, 1140),
(24, 1143),
(24, 1157),
(24, 1159),
(24, 1160),
(24, 1175),
(24, 1176),
(24, 1177),
(24, 1180),
(24, 1183),
(24, 1227),
(24, 1232),
(24, 1233),
(24, 1247),
(24, 1248),
(24, 1251),
(24, 1254),
(24, 1255),
(24, 1256),
(24, 1259),
(24, 1262),
(24, 1267),
(24, 1268),
(24, 1269),
(24, 1280),
(24, 1281),
(24, 1285),
(24, 1305),
(24, 1309),
(24, 1320),
(24, 1323),
(24, 1328),
(24, 1337),
(24, 1338),
(24, 1340),
(24, 1341),
(24, 1345),
(24, 1346),
(24, 1347),
(24, 1348),
(24, 1351),
(24, 1355),
(24, 1367),
(24, 1368),
(24, 1369),
(24, 1372),
(24, 1373),
(24, 1376),
(24, 1423),
(24, 1424),
(24, 1425),
(24, 1426),
(24, 1430),
(24, 1431),
(24, 1432),
(24, 1435),
(24, 1436),
(24, 1438),
(24, 1439),
(24, 1440),
(24, 1441),
(24, 1442),
(24, 1443),
(24, 1446),
(24, 1447),
(24, 1448),
(24, 1449),
(24, 1450),
(24, 1452),
(24, 1453),
(24, 1455),
(24, 1456),
(24, 1457),
(24, 1458),
(24, 1470),
(24, 1471),
(24, 1472),
(24, 1473),
(24, 1485),
(24, 1486),
(24, 1490),
(24, 1491),
(24, 1495),
(24, 1496),
(24, 1497),
(24, 1498),
(24, 1499),
(24, 1500),
(24, 1501),
(24, 1502),
(24, 1503),
(24, 1505),
(24, 1506),
(24, 1507),
(24, 1508),
(24, 1509),
(24, 1510),
(24, 1511),
(24, 1512),
(24, 1515),
(24, 1516),
(24, 1517),
(24, 1518),
(24, 1519),
(24, 1520),
(24, 1522),
(24, 1523),
(24, 1524),
(24, 1526),
(24, 1527),
(24, 1529),
(24, 1531),
(24, 1532),
(24, 1533),
(24, 1535),
(24, 1536),
(24, 1537),
(24, 1540),
(24, 1541),
(24, 1542),
(24, 1543),
(24, 1544),
(24, 1545),
(24, 1546),
(24, 1549),
(24, 1553),
(24, 1556),
(24, 1557),
(24, 1558),
(24, 1559),
(24, 1561),
(24, 1564),
(24, 1565),
(24, 1566),
(24, 1567),
(24, 1568),
(24, 1569),
(24, 1570),
(24, 1572),
(24, 1577),
(24, 1578),
(24, 1580),
(24, 1581),
(24, 1582),
(24, 1583),
(24, 1585),
(24, 1586),
(24, 1587),
(24, 1588),
(24, 1589),
(24, 1590),
(24, 1591),
(24, 1592),
(24, 1593),
(24, 1594),
(24, 1595),
(24, 1597),
(24, 1598),
(24, 1599),
(24, 1601),
(24, 1602),
(24, 1603),
(24, 1604),
(24, 1605),
(24, 1606),
(24, 1609),
(24, 1610),
(24, 1611),
(24, 1612),
(24, 1613),
(24, 1614),
(24, 1616),
(24, 1617),
(24, 1618),
(24, 1619),
(24, 1621),
(24, 1623),
(24, 1624),
(24, 1625),
(24, 1627),
(24, 1628),
(24, 1629),
(24, 1630),
(24, 1631),
(24, 1634),
(24, 1635),
(24, 1636),
(24, 1637),
(24, 1639),
(24, 1640),
(24, 1641),
(24, 1643),
(24, 1644),
(24, 1646),
(24, 1647),
(24, 1648),
(24, 1649),
(24, 1650),
(24, 1651),
(24, 1652),
(24, 1653),
(24, 1656),
(24, 1657),
(24, 1658),
(24, 1659),
(24, 1660),
(24, 1662),
(24, 1663),
(24, 1664),
(24, 1665),
(24, 1666),
(24, 1668),
(24, 1669),
(24, 1670),
(24, 1671),
(24, 1672),
(24, 1673),
(24, 1675),
(24, 1676),
(25, 586),
(25, 587),
(25, 588),
(25, 595),
(25, 596),
(25, 597),
(25, 599),
(25, 600),
(25, 603),
(25, 606),
(25, 615),
(25, 616),
(25, 619),
(25, 646),
(25, 687),
(25, 688),
(25, 691),
(25, 694),
(25, 707),
(25, 710),
(25, 711),
(25, 712),
(25, 714),
(25, 715),
(25, 716),
(25, 717),
(25, 753),
(25, 771),
(25, 772),
(25, 774),
(25, 775),
(25, 776),
(25, 779),
(25, 786),
(25, 806),
(25, 808),
(25, 809),
(25, 811),
(25, 812),
(25, 843),
(25, 844),
(25, 848),
(25, 857),
(25, 872),
(25, 873),
(25, 875),
(25, 878),
(25, 879),
(25, 884),
(25, 891),
(25, 896),
(25, 897),
(25, 898),
(25, 899),
(25, 902),
(25, 903),
(25, 907),
(25, 919),
(25, 926),
(25, 935),
(25, 939),
(25, 944),
(25, 945),
(25, 946),
(25, 947),
(25, 948),
(25, 949),
(25, 950),
(25, 951),
(25, 952),
(25, 953),
(25, 954),
(25, 955),
(25, 956),
(25, 958),
(25, 960),
(25, 962),
(25, 963),
(25, 964),
(25, 965),
(25, 966),
(25, 967),
(25, 969),
(25, 970),
(25, 971),
(25, 972),
(25, 973),
(25, 974),
(25, 993),
(25, 994),
(25, 995),
(25, 1003),
(25, 1005),
(25, 1006),
(25, 1010),
(25, 1011),
(25, 1021),
(25, 1028),
(25, 1029),
(25, 1030),
(25, 1031),
(25, 1032),
(25, 1033),
(25, 1034),
(25, 1035),
(25, 1040),
(25, 1041),
(25, 1047),
(25, 1048),
(25, 1049),
(25, 1050),
(25, 1051),
(25, 1052),
(25, 1089),
(25, 1090),
(25, 1091),
(25, 1118),
(25, 1123),
(25, 1130),
(25, 1131),
(25, 1132),
(25, 1136),
(25, 1139),
(25, 1140),
(25, 1143),
(25, 1144),
(25, 1149),
(25, 1150),
(25, 1151),
(25, 1152),
(25, 1153),
(25, 1154),
(25, 1157),
(25, 1159),
(25, 1160),
(25, 1161),
(25, 1162),
(25, 1164),
(25, 1166),
(25, 1167),
(25, 1168),
(25, 1169),
(25, 1175),
(25, 1176),
(25, 1177),
(25, 1180),
(25, 1183),
(25, 1213),
(25, 1216),
(25, 1227),
(25, 1228),
(25, 1230),
(25, 1232),
(25, 1233),
(25, 1247),
(25, 1248),
(25, 1250),
(25, 1251),
(25, 1252),
(25, 1254),
(25, 1255),
(25, 1256),
(25, 1259),
(25, 1261),
(25, 1262),
(25, 1265),
(25, 1266),
(25, 1267),
(25, 1268),
(25, 1269),
(25, 1270),
(25, 1271),
(25, 1274),
(25, 1280),
(25, 1281),
(25, 1285),
(25, 1293),
(25, 1294),
(25, 1305),
(25, 1309),
(25, 1314),
(25, 1320),
(25, 1322),
(25, 1323),
(25, 1324),
(25, 1327),
(25, 1328),
(25, 1330),
(25, 1331),
(25, 1332),
(25, 1333),
(25, 1334),
(25, 1335),
(25, 1336),
(25, 1337),
(25, 1338),
(25, 1340),
(25, 1341),
(25, 1345),
(25, 1346),
(25, 1347),
(25, 1348),
(25, 1349),
(25, 1351),
(25, 1355),
(25, 1356),
(25, 1360),
(25, 1361),
(25, 1367),
(25, 1368),
(25, 1370),
(25, 1371),
(25, 1372),
(25, 1373),
(25, 1374),
(25, 1375),
(25, 1376),
(25, 1377),
(25, 1378),
(25, 1381),
(25, 1382),
(25, 1383),
(25, 1384),
(25, 1385),
(25, 1386),
(25, 1389),
(25, 1390),
(25, 1391),
(25, 1395),
(25, 1396),
(25, 1403),
(25, 1404),
(25, 1405),
(25, 1406),
(25, 1407),
(25, 1411),
(25, 1412),
(25, 1413),
(25, 1414),
(25, 1415),
(25, 1417),
(25, 1418),
(25, 1419),
(25, 1420),
(25, 1421),
(25, 1422),
(25, 1423),
(25, 1424),
(25, 1425),
(25, 1426),
(25, 1427),
(25, 1428),
(25, 1429),
(25, 1430),
(25, 1431),
(25, 1432),
(25, 1433),
(25, 1435),
(25, 1436),
(25, 1437),
(25, 1438),
(25, 1439),
(25, 1440),
(25, 1441),
(25, 1442),
(25, 1443),
(25, 1444),
(25, 1445),
(25, 1446),
(25, 1447),
(25, 1448),
(25, 1449),
(25, 1450),
(25, 1451),
(25, 1452),
(25, 1453),
(25, 1454),
(25, 1455),
(25, 1456),
(25, 1457),
(25, 1458),
(25, 1468),
(25, 1470),
(25, 1477),
(25, 1478),
(25, 1479),
(25, 1480),
(25, 1481),
(25, 1482),
(25, 1484),
(25, 1485),
(25, 1486),
(25, 1487),
(25, 1488),
(25, 1492),
(25, 1493),
(25, 1494),
(25, 1495),
(25, 1496),
(25, 1497),
(25, 1499),
(26, 1352),
(26, 1353),
(26, 1354),
(26, 1357),
(26, 1358),
(26, 1417),
(26, 1418),
(26, 1419),
(26, 1420),
(26, 1423),
(26, 1424),
(26, 1430),
(26, 1432),
(26, 1435),
(26, 1438),
(26, 1439),
(26, 1440),
(26, 1441),
(26, 1446),
(26, 1447),
(26, 1451),
(26, 1452),
(26, 1459),
(26, 1461),
(26, 1462),
(26, 1463),
(26, 1464),
(26, 1466),
(26, 1467),
(26, 1468),
(26, 1469),
(26, 1470),
(26, 1477),
(26, 1478),
(26, 1479),
(26, 1480),
(26, 1485),
(26, 1486),
(26, 1487),
(26, 1488),
(26, 1489),
(26, 1490),
(26, 1491),
(26, 1492),
(26, 1493),
(26, 1494),
(26, 1495),
(26, 1496),
(26, 1497),
(26, 1499),
(26, 1500),
(26, 1518),
(26, 1519),
(26, 1520),
(26, 1521),
(26, 1522),
(26, 1525),
(26, 1528),
(26, 1531),
(26, 1532),
(26, 1533),
(26, 1536),
(26, 1537),
(26, 1538),
(26, 1554),
(26, 1555),
(26, 1558),
(26, 1559),
(26, 1564),
(26, 1573),
(26, 1574),
(26, 1575),
(26, 1576),
(26, 1578),
(26, 1579),
(26, 1580),
(26, 1581),
(26, 1582),
(26, 1584),
(26, 1585),
(26, 1586),
(26, 1587),
(26, 1588),
(26, 1589),
(26, 1590),
(26, 1591),
(26, 1592),
(27, 1366),
(27, 1371),
(27, 1375),
(27, 1378),
(27, 1379),
(27, 1383),
(27, 1384),
(27, 1385),
(27, 1387),
(27, 1391),
(27, 1392),
(27, 1396),
(27, 1397),
(27, 1398),
(27, 1400),
(27, 1401),
(27, 1405),
(27, 1406),
(27, 1407),
(27, 1408),
(27, 1409),
(27, 1410),
(27, 1412),
(27, 1413),
(27, 1414),
(27, 1415),
(27, 1417),
(27, 1418),
(27, 1419),
(27, 1420),
(27, 1421),
(27, 1422),
(27, 1423),
(27, 1424),
(27, 1425),
(27, 1426),
(27, 1427),
(27, 1428),
(27, 1429),
(27, 1430),
(27, 1431),
(27, 1432),
(27, 1433),
(27, 1434),
(27, 1435),
(27, 1436),
(27, 1437),
(27, 1438),
(27, 1439),
(27, 1440),
(27, 1441),
(27, 1442),
(27, 1443),
(27, 1446),
(27, 1447),
(27, 1448),
(27, 1449),
(27, 1450),
(27, 1451),
(27, 1452),
(27, 1453),
(27, 1454),
(27, 1455),
(27, 1468),
(27, 1470),
(27, 1477),
(27, 1478),
(27, 1479),
(27, 1480),
(27, 1502),
(27, 1503),
(27, 1504),
(27, 1505),
(27, 1506),
(27, 1507),
(27, 1508),
(27, 1509),
(27, 1510),
(27, 1512),
(27, 1513),
(27, 1514),
(27, 1515),
(27, 1516),
(27, 1518),
(27, 1519),
(27, 1520),
(27, 1521),
(27, 1522),
(27, 1523),
(27, 1524),
(27, 1525),
(27, 1526),
(27, 1527),
(27, 1528),
(27, 1529),
(27, 1530),
(27, 1531),
(27, 1532),
(27, 1533),
(27, 1534),
(27, 1535),
(27, 1536),
(27, 1537),
(27, 1538),
(27, 1539),
(27, 1540),
(27, 1541),
(27, 1542),
(27, 1543),
(27, 1544),
(27, 1545),
(27, 1546),
(27, 1547),
(27, 1548),
(27, 1549),
(27, 1550),
(27, 1551),
(27, 1552),
(27, 1553),
(27, 1556),
(27, 1557),
(27, 1560),
(27, 1561),
(27, 1562),
(27, 1563),
(27, 1565),
(27, 1566),
(27, 1567),
(27, 1568),
(27, 1569),
(27, 1570),
(27, 1571),
(27, 1573),
(27, 1574),
(27, 1576),
(27, 1577),
(27, 1580),
(27, 1582),
(27, 1585),
(27, 1586),
(27, 1588),
(27, 1592),
(27, 1593),
(27, 1594),
(27, 1595),
(27, 1596),
(27, 1597),
(27, 1598),
(27, 1599),
(27, 1600),
(27, 1601),
(27, 1602),
(27, 1603),
(27, 1604),
(27, 1605),
(27, 1606),
(27, 1607),
(27, 1608),
(27, 1609),
(27, 1610),
(27, 1611),
(27, 1612),
(27, 1613),
(27, 1614),
(27, 1615),
(27, 1616),
(27, 1617),
(27, 1618),
(27, 1619),
(27, 1620),
(27, 1621),
(27, 1622),
(27, 1623),
(27, 1624),
(27, 1625),
(27, 1626),
(27, 1627),
(27, 1628),
(27, 1629),
(27, 1630),
(27, 1631),
(27, 1632),
(27, 1633),
(27, 1634),
(27, 1635),
(27, 1636),
(27, 1637),
(27, 1638),
(27, 1639),
(27, 1641),
(27, 1642),
(27, 1643),
(27, 1644),
(27, 1645),
(27, 1646),
(27, 1647),
(27, 1648),
(27, 1649),
(27, 1650),
(27, 1651),
(27, 1652),
(27, 1653),
(27, 1654),
(27, 1655),
(27, 1656),
(27, 1657),
(27, 1658),
(27, 1659),
(27, 1660),
(27, 1661),
(27, 1662),
(27, 1663),
(27, 1664),
(27, 1665),
(27, 1666),
(27, 1667),
(27, 1668),
(27, 1669),
(27, 1670),
(27, 1671),
(27, 1672),
(27, 1673),
(27, 1674),
(27, 1675),
(27, 1676),
(28, 24),
(28, 25),
(28, 26),
(28, 31),
(28, 35),
(28, 36),
(28, 37),
(28, 39),
(28, 40),
(28, 41),
(28, 44),
(28, 45),
(28, 46),
(28, 48),
(28, 49),
(28, 50),
(28, 51),
(28, 52),
(28, 54),
(28, 57),
(28, 58),
(28, 63),
(28, 64),
(28, 65),
(28, 68),
(28, 69),
(28, 70),
(28, 71),
(28, 72),
(28, 73),
(28, 74),
(28, 75),
(28, 76),
(28, 77),
(28, 78),
(28, 79),
(28, 80),
(28, 81),
(28, 84),
(28, 85),
(28, 88),
(28, 89),
(28, 91),
(28, 92),
(28, 100),
(28, 102),
(28, 103),
(28, 104),
(28, 106),
(28, 107),
(28, 109),
(28, 110),
(28, 111),
(28, 120),
(28, 121),
(28, 124),
(28, 130),
(28, 131),
(28, 132),
(28, 134),
(28, 142),
(28, 144),
(28, 146),
(28, 147),
(28, 148),
(28, 151),
(28, 152),
(28, 153),
(28, 154),
(28, 161),
(28, 162),
(28, 163),
(28, 164),
(28, 173),
(28, 174),
(28, 179),
(28, 180),
(28, 181),
(28, 182),
(28, 183),
(28, 184),
(28, 196),
(28, 197),
(28, 198),
(28, 199),
(28, 200),
(28, 201),
(28, 202),
(28, 203),
(28, 204),
(28, 210),
(28, 211),
(28, 212),
(28, 213),
(28, 214),
(28, 217),
(28, 226),
(28, 227),
(28, 233),
(28, 234),
(28, 235),
(28, 236),
(28, 237),
(28, 240),
(28, 243),
(28, 244),
(28, 248),
(28, 251),
(28, 253),
(28, 254),
(28, 255),
(28, 256),
(28, 257),
(28, 258),
(28, 259),
(28, 260),
(28, 274),
(28, 275),
(28, 277),
(28, 279),
(28, 282),
(28, 283),
(28, 285),
(28, 287),
(28, 293),
(28, 294),
(28, 295),
(28, 298),
(28, 299),
(28, 301),
(28, 302),
(28, 305),
(28, 316),
(28, 321),
(28, 322),
(28, 325),
(28, 326),
(28, 328),
(28, 340),
(28, 343),
(28, 344),
(28, 345),
(28, 348),
(28, 349),
(28, 364),
(28, 390),
(28, 391),
(28, 395),
(28, 400),
(28, 401),
(28, 404),
(28, 405),
(28, 412),
(29, 51),
(29, 52),
(29, 53),
(29, 124),
(29, 180),
(29, 181),
(29, 182),
(29, 214),
(29, 218),
(29, 224),
(29, 230),
(29, 327),
(29, 336),
(29, 337),
(29, 341),
(29, 353),
(29, 354),
(29, 357),
(29, 375),
(30, 24),
(30, 25),
(30, 26),
(30, 29),
(30, 30),
(30, 31),
(30, 32),
(30, 33),
(30, 34),
(30, 35),
(30, 36),
(30, 37),
(30, 38),
(30, 39),
(30, 40),
(30, 41),
(30, 43),
(30, 44),
(30, 45),
(30, 46),
(30, 48),
(30, 49),
(30, 50),
(30, 51),
(30, 52),
(30, 54),
(30, 55),
(30, 57),
(30, 58),
(30, 63),
(30, 64),
(30, 65),
(30, 66),
(30, 67),
(30, 68),
(30, 69),
(30, 70),
(30, 71),
(30, 72),
(30, 73),
(30, 74),
(30, 75),
(30, 76),
(30, 77),
(30, 78),
(30, 79),
(30, 80),
(30, 81),
(30, 83),
(30, 84),
(30, 85),
(30, 87),
(30, 88),
(30, 89),
(30, 90),
(30, 91),
(30, 92),
(30, 96),
(30, 100),
(30, 102),
(30, 103),
(30, 104),
(30, 106),
(30, 107),
(30, 109),
(30, 110),
(30, 111),
(30, 117),
(30, 118),
(30, 119),
(30, 120),
(30, 121),
(30, 124),
(30, 130),
(30, 131),
(30, 132),
(30, 134),
(30, 142),
(30, 144),
(30, 145),
(30, 146),
(30, 147),
(30, 148),
(30, 149),
(30, 151),
(30, 152),
(30, 153),
(30, 154),
(30, 161),
(30, 162),
(30, 163),
(30, 164),
(30, 172),
(30, 173),
(30, 174),
(30, 177),
(30, 178),
(30, 179),
(30, 180),
(30, 181),
(30, 182),
(30, 183),
(30, 184),
(30, 191),
(30, 192),
(30, 196),
(30, 197),
(30, 198),
(30, 199),
(30, 200),
(30, 201),
(30, 202),
(30, 203),
(30, 204),
(30, 210),
(30, 211),
(30, 212),
(30, 213),
(30, 214),
(30, 215),
(30, 216),
(30, 217),
(30, 219),
(30, 220),
(30, 221),
(30, 225),
(30, 226),
(30, 227),
(30, 229),
(30, 233),
(30, 234),
(30, 235),
(30, 236),
(30, 237),
(30, 238),
(30, 240),
(30, 243),
(30, 244),
(30, 246),
(30, 248),
(30, 251),
(30, 270),
(30, 272),
(30, 273),
(30, 275),
(30, 277),
(30, 279),
(30, 282),
(30, 283),
(30, 285),
(30, 287),
(30, 291),
(30, 292),
(30, 293),
(30, 294),
(30, 295),
(30, 296),
(30, 298),
(30, 299),
(30, 301),
(30, 302),
(30, 305),
(30, 318),
(30, 329),
(30, 334),
(30, 335),
(30, 339),
(30, 344),
(30, 345),
(30, 352),
(30, 356),
(30, 362),
(30, 368),
(30, 369),
(30, 372),
(30, 392),
(30, 395),
(30, 411),
(30, 415),
(30, 416),
(30, 417),
(30, 437),
(30, 438),
(30, 471),
(31, 842),
(31, 846),
(31, 847),
(31, 859),
(31, 901),
(31, 925),
(31, 942),
(31, 944),
(31, 947),
(32, 59),
(32, 60),
(32, 62),
(32, 63),
(32, 64),
(32, 65),
(32, 70),
(32, 72),
(32, 73),
(32, 74),
(32, 81),
(32, 85),
(32, 95),
(32, 110),
(32, 120),
(32, 131),
(32, 134),
(32, 142),
(32, 144),
(32, 147),
(32, 152),
(32, 153),
(32, 154),
(32, 161),
(32, 164),
(32, 183),
(32, 196),
(32, 197),
(32, 198),
(32, 199),
(32, 200),
(32, 202),
(32, 209),
(32, 214),
(32, 217),
(32, 218),
(32, 224),
(32, 226),
(32, 227),
(32, 228),
(32, 234),
(32, 240),
(32, 241),
(32, 248),
(32, 250),
(32, 251),
(32, 252),
(32, 279),
(32, 284),
(32, 293),
(32, 295),
(32, 297),
(32, 298),
(32, 299),
(32, 300),
(32, 309),
(32, 310),
(32, 333),
(32, 340),
(32, 343),
(32, 344),
(32, 348),
(32, 349),
(32, 364),
(32, 371),
(32, 412),
(32, 413),
(32, 418),
(32, 419),
(32, 420),
(32, 426),
(32, 434),
(32, 435),
(32, 436),
(32, 447),
(32, 448),
(32, 469),
(32, 548),
(32, 570),
(32, 581),
(32, 584),
(32, 810),
(32, 815),
(32, 816),
(32, 823),
(32, 824),
(32, 825),
(32, 829),
(32, 830),
(32, 834),
(32, 838),
(32, 839),
(32, 840),
(32, 856),
(32, 860),
(32, 861),
(32, 877),
(32, 880),
(32, 881),
(32, 900),
(32, 1008),
(32, 1009),
(32, 1014),
(32, 1015),
(32, 1025),
(32, 1026),
(32, 1027),
(32, 1038),
(32, 1045),
(32, 1046),
(32, 1056),
(32, 1064),
(32, 1073),
(32, 1079),
(32, 1082),
(32, 1083),
(32, 1085),
(32, 1094),
(32, 1098),
(32, 1107),
(32, 1112),
(32, 1135),
(32, 1137),
(32, 1141),
(32, 1147),
(32, 1148),
(32, 1155),
(32, 1156),
(32, 1158),
(33, 24),
(33, 25),
(33, 26),
(33, 29),
(33, 30),
(33, 31),
(33, 32),
(33, 33),
(33, 34),
(33, 35),
(33, 36),
(33, 37),
(33, 38),
(33, 39),
(33, 40),
(33, 41),
(33, 43),
(33, 44),
(33, 45),
(33, 46),
(33, 48),
(33, 49),
(33, 50),
(33, 51),
(33, 52),
(33, 53),
(33, 54),
(33, 55),
(33, 57),
(33, 58),
(33, 63),
(33, 64),
(33, 65),
(33, 66),
(33, 67),
(33, 68),
(33, 69),
(33, 70),
(33, 71),
(33, 72),
(33, 73),
(33, 74),
(33, 75),
(33, 76),
(33, 77),
(33, 78),
(33, 79),
(33, 80),
(33, 81),
(33, 83),
(33, 84),
(33, 85),
(33, 87),
(33, 88),
(33, 89),
(33, 90),
(33, 91),
(33, 92),
(33, 96),
(33, 100),
(33, 102),
(33, 103),
(33, 104),
(33, 106),
(33, 107),
(33, 109),
(33, 110),
(33, 111),
(33, 117),
(33, 118),
(33, 119),
(33, 120),
(33, 121),
(33, 124),
(33, 130),
(33, 131),
(33, 132),
(33, 134),
(33, 142),
(33, 144),
(33, 145),
(33, 146),
(33, 147),
(33, 148),
(33, 149),
(33, 151),
(33, 152),
(33, 153),
(33, 154),
(33, 161),
(33, 162),
(33, 163),
(33, 164),
(33, 172),
(33, 173),
(33, 174),
(33, 177),
(33, 178),
(33, 179),
(33, 180),
(33, 181),
(33, 182),
(33, 183),
(33, 184),
(33, 191),
(33, 192),
(33, 196),
(33, 197),
(33, 198),
(33, 199),
(33, 200),
(33, 201),
(33, 202),
(33, 203),
(33, 204),
(33, 205),
(33, 206),
(33, 207),
(33, 208),
(33, 209),
(33, 210),
(33, 211),
(33, 212),
(33, 213),
(33, 214),
(33, 215),
(33, 216),
(33, 217),
(33, 218),
(33, 219),
(33, 220),
(33, 221),
(33, 224),
(33, 225),
(33, 226),
(33, 227),
(33, 228),
(33, 229),
(33, 230),
(33, 231),
(33, 232),
(33, 233),
(33, 234),
(33, 235),
(33, 236),
(33, 237),
(33, 238),
(33, 239),
(33, 240),
(33, 241),
(33, 242),
(33, 243),
(33, 244),
(33, 245),
(33, 246),
(33, 247),
(33, 248),
(33, 249),
(33, 250),
(33, 251),
(33, 252),
(33, 253),
(33, 254),
(33, 255),
(33, 256),
(33, 257),
(33, 258),
(33, 259),
(33, 260),
(33, 261),
(33, 263),
(33, 270),
(33, 271),
(33, 272),
(33, 273),
(33, 274),
(33, 275),
(33, 277),
(33, 278),
(33, 279),
(33, 280),
(33, 281),
(33, 282),
(33, 283),
(33, 284),
(33, 285),
(33, 286),
(33, 287),
(33, 288),
(33, 289),
(33, 291),
(33, 292),
(33, 293),
(33, 294),
(33, 295),
(33, 296),
(33, 297),
(33, 298),
(33, 299),
(33, 300),
(33, 301),
(33, 302),
(33, 303),
(33, 304),
(33, 305),
(33, 306),
(33, 307),
(33, 308),
(33, 309),
(33, 310),
(33, 316),
(33, 317),
(33, 318),
(33, 321),
(33, 322),
(33, 325),
(33, 326),
(33, 327),
(33, 328),
(33, 329),
(33, 331),
(33, 332),
(33, 333),
(33, 334),
(33, 335),
(33, 336),
(33, 337),
(33, 339),
(33, 340),
(33, 341),
(33, 343),
(33, 344),
(33, 345),
(33, 347),
(33, 348),
(33, 349),
(33, 350),
(33, 352),
(33, 353),
(33, 354),
(33, 356),
(33, 357),
(33, 361),
(33, 362),
(33, 363),
(33, 364),
(33, 366),
(33, 367),
(33, 368),
(33, 369),
(33, 370),
(33, 371),
(33, 372),
(33, 373),
(33, 374),
(33, 375),
(33, 376),
(33, 378),
(33, 379),
(33, 380),
(33, 381),
(33, 383),
(33, 384),
(33, 385),
(33, 389),
(33, 390),
(33, 391),
(33, 392),
(33, 393),
(33, 394),
(33, 395),
(33, 396),
(33, 397),
(33, 398),
(33, 399),
(33, 400),
(33, 401),
(33, 402),
(33, 404),
(33, 405),
(33, 406),
(33, 407),
(33, 409),
(33, 410),
(33, 411),
(33, 412),
(33, 413),
(33, 414),
(33, 415),
(33, 416),
(33, 417),
(33, 418),
(33, 419),
(33, 420),
(33, 421),
(33, 422),
(33, 424),
(33, 425),
(33, 426),
(33, 427),
(33, 428),
(33, 431),
(33, 432),
(33, 433),
(33, 434),
(33, 435),
(33, 436),
(33, 437),
(33, 438),
(33, 439),
(33, 440),
(33, 441),
(33, 445),
(33, 447),
(33, 448),
(33, 449),
(33, 450),
(33, 452),
(33, 453),
(33, 454),
(33, 455),
(33, 456),
(33, 460),
(33, 461),
(33, 466),
(33, 467),
(33, 468),
(33, 469),
(33, 471),
(33, 472),
(33, 473),
(33, 474),
(33, 478),
(33, 480),
(33, 481),
(33, 482),
(33, 483),
(33, 486),
(33, 487),
(33, 488),
(33, 489),
(33, 490),
(33, 491),
(33, 492),
(33, 494),
(33, 496),
(33, 497),
(33, 498),
(33, 499),
(33, 500),
(33, 502),
(33, 503),
(33, 504),
(33, 507),
(33, 508),
(33, 511),
(33, 512),
(33, 514),
(33, 515),
(33, 516),
(33, 517),
(33, 518),
(33, 519),
(33, 524),
(33, 525),
(33, 526),
(33, 527),
(33, 528),
(33, 529),
(33, 531),
(33, 532),
(33, 533),
(33, 534),
(33, 536),
(33, 537),
(33, 538),
(33, 540),
(33, 541),
(33, 542),
(33, 546),
(33, 547),
(33, 548),
(33, 549),
(33, 551),
(33, 552),
(33, 553),
(33, 555),
(33, 557),
(33, 558),
(33, 561),
(33, 564),
(33, 567),
(33, 569),
(33, 570),
(33, 572),
(33, 576),
(33, 578),
(33, 580),
(33, 581),
(33, 582),
(33, 583),
(33, 584),
(33, 585),
(33, 586),
(33, 587),
(33, 588),
(33, 589),
(33, 590),
(33, 591),
(33, 592),
(33, 593),
(33, 594),
(33, 595),
(33, 596),
(33, 597),
(33, 599),
(33, 600),
(33, 601),
(33, 602),
(33, 603),
(33, 604),
(33, 605),
(33, 606),
(33, 609),
(33, 610),
(33, 611),
(33, 612),
(33, 613),
(33, 614),
(33, 615),
(33, 616),
(33, 618),
(33, 619),
(33, 620),
(33, 621),
(33, 622),
(33, 623),
(33, 624),
(33, 625),
(33, 626),
(33, 629),
(33, 631),
(33, 632),
(33, 633),
(33, 634),
(33, 636),
(33, 637),
(33, 644),
(33, 645),
(33, 647),
(33, 648),
(33, 649),
(33, 650),
(33, 651),
(33, 652),
(33, 653),
(33, 656),
(33, 657),
(33, 658),
(33, 659),
(33, 660),
(33, 661),
(33, 662),
(33, 663),
(33, 664),
(33, 665),
(33, 666),
(33, 667),
(33, 668),
(33, 669),
(33, 670),
(33, 671),
(33, 672),
(33, 673),
(33, 674),
(33, 675),
(33, 676),
(33, 677),
(33, 678),
(33, 679),
(33, 680),
(33, 681),
(33, 682),
(33, 683),
(33, 684),
(33, 685),
(33, 686),
(33, 687),
(33, 688),
(33, 690),
(33, 691),
(33, 692),
(33, 694),
(33, 695),
(33, 696),
(33, 697),
(33, 698),
(33, 699),
(33, 700),
(33, 701),
(33, 702),
(33, 703),
(33, 704),
(33, 705),
(33, 706),
(33, 708),
(33, 709),
(33, 711),
(33, 712),
(33, 713),
(33, 715),
(33, 716),
(33, 717),
(33, 718),
(33, 719),
(33, 720),
(33, 721),
(33, 722),
(33, 723),
(33, 724),
(33, 725),
(33, 726),
(33, 727),
(33, 729),
(33, 731),
(33, 732),
(33, 733),
(33, 734),
(33, 735),
(33, 736),
(33, 737),
(33, 738),
(33, 739),
(33, 740),
(33, 741),
(33, 742),
(33, 743),
(33, 744),
(33, 745),
(33, 748),
(33, 749),
(33, 750),
(33, 751),
(33, 752),
(33, 753),
(33, 754),
(33, 755),
(33, 756),
(33, 757),
(33, 758),
(33, 759),
(33, 760),
(33, 761),
(33, 762),
(33, 763),
(33, 764),
(33, 765),
(33, 766),
(33, 767),
(33, 768),
(33, 769),
(33, 770),
(33, 771),
(33, 772),
(33, 773),
(33, 777),
(33, 778),
(33, 780),
(33, 781),
(33, 782),
(33, 783),
(33, 784),
(33, 785),
(33, 788),
(33, 789),
(33, 790),
(33, 791),
(33, 792),
(33, 793),
(33, 794),
(33, 795),
(33, 796),
(33, 797),
(33, 798),
(33, 799),
(33, 800),
(33, 801),
(33, 802),
(33, 803),
(33, 804),
(33, 805),
(33, 806),
(33, 807),
(33, 809),
(33, 810),
(33, 814),
(33, 815),
(33, 816),
(33, 817),
(33, 818),
(33, 819),
(33, 820),
(33, 821),
(33, 822),
(33, 823),
(33, 824),
(33, 825),
(33, 826),
(33, 827),
(33, 828),
(33, 829),
(33, 830),
(33, 831),
(33, 832),
(33, 833),
(33, 834),
(33, 835),
(33, 836),
(33, 837),
(33, 838),
(33, 839),
(33, 840),
(33, 841),
(33, 842),
(33, 845),
(33, 846),
(33, 847),
(33, 849),
(33, 850),
(33, 851),
(33, 852),
(33, 853),
(33, 854),
(33, 855),
(33, 856),
(33, 857),
(33, 858),
(33, 859),
(33, 860),
(33, 861),
(33, 862),
(33, 863),
(33, 864),
(33, 865),
(33, 866),
(33, 867),
(33, 868),
(33, 869),
(33, 870),
(33, 871),
(33, 872),
(33, 873),
(33, 874),
(33, 876),
(33, 877),
(33, 880),
(33, 881),
(33, 882),
(33, 883),
(33, 885),
(33, 886),
(33, 887),
(33, 888),
(33, 889),
(33, 890),
(33, 891),
(33, 892),
(33, 893),
(33, 894),
(33, 895),
(33, 896),
(33, 897),
(33, 898),
(33, 900),
(33, 901),
(33, 902),
(33, 904),
(33, 905),
(33, 907),
(33, 908),
(33, 909),
(33, 910),
(33, 911),
(33, 912),
(33, 913),
(33, 914),
(33, 915),
(33, 916),
(33, 917),
(33, 918),
(33, 919),
(33, 920),
(33, 921),
(33, 922),
(33, 924),
(33, 925),
(33, 926),
(33, 929),
(33, 930),
(33, 931),
(33, 932),
(33, 933),
(33, 935),
(33, 938),
(33, 939),
(33, 940),
(33, 942),
(33, 944),
(33, 945),
(33, 946),
(33, 947),
(33, 959),
(33, 961),
(33, 962),
(33, 964),
(33, 966),
(33, 968),
(33, 969),
(33, 970),
(33, 975),
(33, 977),
(33, 978),
(33, 979),
(33, 980),
(33, 981),
(33, 982),
(33, 983),
(33, 984),
(33, 985),
(33, 986),
(33, 987),
(33, 988),
(33, 989),
(33, 990),
(33, 996),
(33, 997),
(33, 1000),
(33, 1001),
(33, 1002),
(33, 1004),
(33, 1007),
(33, 1008),
(33, 1009),
(33, 1012),
(33, 1013),
(33, 1014),
(33, 1015),
(33, 1016),
(33, 1017),
(33, 1018),
(33, 1019),
(33, 1020),
(33, 1022),
(33, 1023),
(33, 1024),
(33, 1025),
(33, 1026),
(33, 1027),
(33, 1036),
(33, 1037),
(33, 1038),
(33, 1039),
(33, 1044),
(33, 1045),
(33, 1057),
(33, 1058),
(33, 1059),
(33, 1060),
(33, 1061),
(33, 1062),
(33, 1063),
(33, 1064),
(33, 1065),
(33, 1067),
(33, 1072),
(33, 1073),
(33, 1101),
(33, 1104),
(33, 1106),
(33, 1107),
(33, 1115),
(33, 1119),
(33, 1120),
(33, 1133),
(33, 1134),
(33, 1135),
(33, 1147),
(33, 1148),
(33, 1156),
(34, 32),
(34, 34),
(34, 35),
(34, 36),
(34, 37),
(34, 38),
(34, 39),
(34, 43),
(34, 55),
(34, 58),
(34, 67),
(34, 73),
(34, 75),
(34, 76),
(34, 77),
(34, 78),
(34, 79),
(34, 80),
(34, 84),
(34, 85),
(34, 87),
(34, 88),
(34, 89),
(34, 102),
(34, 103),
(34, 104),
(34, 106),
(34, 110),
(34, 122),
(34, 123),
(34, 124),
(34, 130),
(34, 131),
(34, 132),
(34, 142),
(34, 144),
(34, 146),
(34, 147),
(34, 152),
(34, 161),
(34, 163),
(34, 173),
(34, 177),
(34, 178),
(34, 180),
(34, 196),
(34, 197),
(34, 203),
(34, 213),
(34, 217),
(34, 219),
(34, 226),
(34, 227),
(34, 229),
(34, 233),
(34, 234),
(34, 235),
(34, 236),
(34, 248),
(34, 249),
(34, 253),
(34, 254),
(34, 255),
(34, 256),
(34, 257),
(34, 258),
(34, 259),
(34, 260),
(34, 263),
(34, 271),
(34, 274),
(34, 275),
(34, 279),
(34, 282),
(34, 283),
(34, 285),
(34, 287),
(34, 293),
(34, 298),
(34, 299),
(34, 301),
(34, 302),
(34, 321),
(34, 325),
(34, 326),
(34, 328),
(34, 332),
(34, 343),
(34, 348),
(34, 363),
(34, 390),
(34, 391),
(34, 393),
(34, 395),
(34, 398),
(34, 399),
(34, 400),
(34, 404),
(34, 405),
(34, 406),
(34, 412),
(34, 417),
(34, 418),
(34, 419),
(34, 420),
(34, 424),
(34, 425),
(34, 426),
(34, 432),
(34, 433),
(34, 434),
(34, 435),
(34, 448),
(34, 455),
(34, 456),
(34, 461),
(34, 478),
(34, 480),
(34, 483),
(34, 489),
(34, 492),
(34, 498),
(34, 499),
(34, 502),
(34, 511),
(34, 516),
(34, 518),
(34, 519),
(34, 526),
(34, 532),
(34, 533),
(34, 534),
(34, 537),
(34, 538),
(34, 540),
(34, 541),
(34, 542),
(34, 547),
(34, 604),
(34, 605),
(34, 608),
(34, 610),
(34, 611),
(34, 614),
(34, 618),
(34, 622),
(34, 626),
(34, 634),
(34, 647),
(34, 657),
(34, 658),
(34, 672),
(34, 700),
(35, 233),
(35, 237),
(35, 248),
(35, 251),
(35, 285),
(35, 287),
(35, 293),
(35, 294),
(35, 295),
(35, 298),
(35, 299),
(35, 301),
(35, 302),
(35, 305),
(35, 326),
(35, 328),
(35, 331),
(35, 332),
(35, 344),
(35, 345),
(35, 347),
(35, 350),
(35, 363),
(35, 398),
(35, 399),
(35, 400),
(35, 404),
(35, 405),
(35, 406),
(35, 424),
(35, 425),
(35, 433),
(35, 454),
(35, 468),
(35, 478),
(35, 480),
(35, 482),
(36, 5),
(36, 6),
(36, 7),
(36, 10),
(36, 11),
(36, 12),
(36, 13),
(36, 14),
(36, 15),
(36, 16),
(36, 19),
(36, 20),
(36, 21),
(36, 22),
(36, 23),
(36, 24),
(36, 25),
(36, 26),
(36, 27),
(36, 28),
(36, 29),
(36, 30),
(36, 31),
(36, 32),
(36, 33),
(36, 35),
(36, 36),
(36, 38),
(36, 42),
(36, 43),
(36, 44),
(36, 48),
(36, 54),
(36, 56),
(36, 57),
(36, 58),
(36, 59),
(36, 60),
(36, 61),
(36, 62),
(36, 63),
(36, 64),
(36, 65),
(36, 66),
(36, 67),
(36, 68),
(36, 69),
(36, 70),
(36, 71),
(36, 72),
(36, 74),
(36, 75),
(36, 76),
(36, 77),
(36, 79),
(36, 81),
(36, 85),
(36, 95),
(37, 569),
(37, 580),
(37, 612),
(37, 613),
(37, 622),
(37, 630),
(37, 631),
(37, 632),
(37, 633),
(37, 634),
(37, 635),
(37, 637),
(37, 643),
(37, 645),
(37, 647),
(37, 654),
(37, 658),
(37, 659),
(37, 660),
(37, 662),
(37, 663),
(37, 664),
(37, 665),
(37, 666),
(37, 667),
(37, 670),
(37, 671),
(37, 675),
(37, 676),
(37, 684),
(37, 690),
(37, 695),
(37, 701),
(37, 718),
(37, 719),
(37, 732),
(37, 740),
(37, 741),
(37, 744),
(37, 760),
(37, 778),
(37, 933),
(37, 937),
(37, 940),
(37, 943),
(37, 981),
(37, 1001),
(37, 1007),
(37, 1053),
(37, 1054),
(37, 1068),
(37, 1075),
(37, 1076),
(37, 1105),
(37, 1167),
(37, 1168),
(37, 1169),
(37, 1174),
(37, 1183),
(38, 826),
(38, 827),
(38, 830),
(38, 831),
(38, 832),
(38, 834),
(38, 870),
(38, 888),
(38, 889),
(38, 968),
(38, 978),
(38, 980),
(38, 983),
(38, 984),
(38, 1000),
(38, 1022),
(38, 1024),
(38, 1026),
(38, 1027),
(38, 1060),
(38, 1061),
(38, 1075),
(38, 1076),
(38, 1077),
(38, 1078),
(39, 818),
(39, 819),
(39, 820),
(39, 822),
(39, 827),
(39, 828),
(39, 832),
(39, 852),
(39, 854),
(39, 865),
(39, 867),
(39, 876),
(39, 889),
(39, 893),
(39, 911),
(39, 913),
(39, 914),
(39, 915),
(39, 916),
(40, 891),
(40, 896),
(40, 935),
(40, 939),
(41, 16),
(41, 17),
(41, 51),
(41, 52),
(41, 53),
(41, 54),
(41, 57),
(41, 76),
(41, 124),
(41, 180),
(41, 181),
(41, 182),
(41, 197),
(41, 198),
(41, 199),
(41, 200),
(41, 201),
(41, 202),
(41, 206),
(41, 207),
(41, 208),
(41, 209),
(41, 214),
(41, 218),
(41, 224),
(41, 230),
(41, 231),
(41, 239),
(41, 250),
(41, 327),
(41, 336),
(41, 337),
(41, 341),
(41, 353),
(41, 354),
(41, 357),
(41, 375),
(41, 381),
(41, 386),
(41, 389),
(41, 394),
(41, 408),
(41, 530),
(41, 560),
(42, 48),
(42, 54),
(42, 75),
(42, 76),
(42, 78),
(42, 84),
(42, 262),
(42, 264),
(42, 268),
(42, 276),
(42, 296),
(42, 311),
(42, 312),
(42, 313),
(42, 314),
(42, 315),
(42, 318),
(42, 319),
(42, 320),
(42, 323),
(42, 324),
(42, 330),
(42, 346),
(42, 351),
(42, 355),
(42, 358),
(42, 359),
(42, 360),
(42, 365),
(42, 403),
(42, 423),
(42, 429),
(42, 430),
(42, 438),
(42, 439),
(42, 445),
(42, 446),
(42, 453),
(42, 460),
(42, 462),
(42, 463),
(42, 464),
(42, 470),
(42, 475),
(42, 476),
(42, 477),
(42, 495),
(42, 501),
(42, 504),
(42, 505),
(42, 506),
(42, 509),
(42, 510),
(42, 529),
(42, 531),
(42, 535),
(42, 536),
(42, 539),
(42, 545),
(42, 556),
(42, 558),
(42, 562),
(42, 563),
(42, 567),
(42, 568),
(42, 572),
(42, 573),
(42, 574),
(42, 575),
(42, 578),
(42, 579),
(42, 589),
(42, 591),
(42, 601),
(42, 607),
(42, 617),
(42, 623),
(42, 625),
(42, 627),
(42, 628),
(42, 638),
(42, 639),
(42, 640),
(42, 641),
(42, 648),
(42, 649),
(42, 650),
(42, 652),
(42, 656),
(42, 661),
(42, 673),
(42, 674),
(42, 679),
(42, 681),
(42, 682),
(42, 683),
(42, 697),
(42, 698),
(42, 720),
(42, 721),
(42, 722),
(42, 728),
(42, 730),
(42, 731),
(42, 734),
(42, 735),
(42, 736),
(42, 737),
(42, 748),
(43, 32),
(43, 34),
(43, 35),
(43, 36),
(43, 37),
(43, 38),
(43, 39),
(43, 43),
(43, 49),
(43, 50),
(43, 51),
(43, 52),
(43, 53),
(43, 55),
(43, 58),
(43, 67),
(43, 73),
(43, 75),
(43, 76),
(43, 77),
(43, 78),
(43, 79),
(43, 80),
(43, 83),
(43, 84),
(43, 85),
(43, 87),
(43, 88),
(43, 89),
(43, 90),
(43, 91),
(43, 92),
(43, 96),
(43, 100),
(43, 102),
(43, 103),
(43, 104),
(43, 106),
(43, 107),
(43, 109),
(43, 110),
(43, 111),
(43, 117),
(43, 118),
(43, 119),
(43, 120),
(43, 121),
(43, 124),
(43, 130),
(43, 131),
(43, 132),
(43, 134),
(43, 142),
(43, 144),
(43, 145),
(43, 146),
(43, 147),
(43, 148),
(43, 149),
(43, 151),
(43, 152),
(43, 153),
(43, 154),
(43, 161),
(43, 162),
(43, 163),
(43, 164),
(43, 172),
(43, 173),
(43, 174),
(43, 177),
(43, 178),
(43, 179),
(43, 180),
(43, 181),
(43, 182),
(43, 183),
(43, 184),
(43, 191),
(43, 192),
(43, 196),
(43, 197),
(43, 198),
(43, 199),
(43, 200),
(43, 201),
(43, 202),
(43, 203),
(43, 204),
(43, 205),
(43, 206),
(43, 207),
(43, 208),
(43, 209),
(43, 210),
(43, 211),
(43, 212),
(43, 213),
(43, 214),
(43, 215),
(43, 216),
(43, 217),
(43, 218),
(43, 219),
(43, 220),
(43, 221),
(43, 222),
(43, 223),
(43, 224),
(43, 225),
(43, 226),
(43, 227),
(43, 228),
(43, 229),
(43, 230),
(43, 231),
(43, 232),
(43, 233),
(43, 234),
(43, 235),
(43, 236),
(43, 237),
(43, 238),
(43, 239),
(43, 240),
(43, 241),
(43, 242),
(43, 243),
(43, 244),
(43, 245),
(43, 246),
(43, 247),
(43, 248),
(43, 249),
(43, 250),
(43, 251),
(43, 252),
(43, 253),
(43, 254),
(43, 255),
(43, 256),
(43, 257),
(43, 258),
(43, 259),
(43, 260),
(43, 261),
(43, 262),
(43, 263),
(43, 264),
(43, 268),
(43, 270),
(43, 271),
(43, 272),
(43, 273),
(43, 274),
(43, 275),
(43, 276),
(43, 277),
(43, 278),
(43, 279),
(43, 280),
(43, 281),
(43, 282),
(43, 283),
(43, 284),
(43, 285),
(43, 286),
(43, 287),
(43, 288),
(43, 289),
(43, 291),
(43, 292),
(43, 293),
(43, 294),
(43, 295),
(43, 296),
(43, 297),
(43, 298),
(43, 299),
(43, 300),
(43, 301),
(43, 302),
(43, 303),
(43, 304),
(43, 305),
(43, 306),
(43, 307),
(43, 308),
(43, 309),
(43, 310),
(43, 311),
(43, 312),
(43, 313),
(43, 314),
(43, 315),
(43, 316),
(43, 317),
(43, 318),
(43, 319),
(43, 320),
(43, 321),
(43, 322),
(43, 323),
(43, 324),
(43, 325),
(43, 326),
(43, 327),
(43, 328),
(43, 329),
(43, 330),
(43, 331),
(43, 332),
(43, 333),
(43, 334),
(43, 335),
(43, 336),
(43, 337),
(43, 339),
(43, 340),
(43, 341),
(43, 343),
(43, 344),
(43, 345),
(43, 346),
(43, 347),
(43, 348),
(43, 349),
(43, 350),
(43, 351),
(43, 352),
(43, 353),
(43, 354),
(43, 355),
(43, 356),
(43, 357),
(43, 358),
(43, 359),
(43, 360),
(43, 361),
(43, 362),
(43, 363),
(43, 364),
(43, 365),
(43, 366),
(43, 367),
(43, 368),
(43, 369),
(43, 370),
(43, 371),
(43, 372),
(43, 373),
(43, 374),
(43, 375),
(43, 376),
(43, 377),
(43, 378),
(43, 379),
(43, 380),
(43, 382),
(43, 383),
(43, 384),
(43, 385),
(43, 387),
(43, 388),
(43, 390),
(43, 391),
(43, 392),
(43, 393),
(43, 394),
(43, 395),
(43, 396),
(43, 397),
(43, 398),
(43, 399),
(43, 400),
(43, 401),
(43, 402),
(43, 403),
(43, 404),
(43, 405),
(43, 406),
(43, 409),
(43, 410),
(43, 411),
(43, 412),
(43, 413),
(43, 414),
(43, 415),
(43, 416),
(43, 417),
(43, 418),
(43, 419),
(43, 420),
(43, 421),
(43, 423),
(43, 424),
(43, 425),
(43, 426),
(43, 427),
(43, 429),
(43, 430),
(43, 431),
(43, 432),
(43, 433),
(43, 434),
(43, 435),
(43, 436),
(43, 437),
(43, 438),
(43, 439),
(43, 440),
(43, 441),
(43, 445),
(43, 446),
(43, 447),
(43, 448),
(43, 449),
(43, 450),
(43, 452),
(43, 453),
(43, 454),
(43, 455),
(43, 456),
(43, 457),
(43, 458),
(43, 459),
(43, 460),
(43, 461),
(43, 462),
(43, 463),
(43, 464),
(43, 465),
(43, 466),
(43, 467),
(43, 468),
(43, 469),
(43, 470),
(43, 471),
(43, 472),
(43, 473),
(43, 474),
(43, 475),
(43, 476),
(43, 477),
(43, 478),
(43, 480),
(43, 481),
(43, 482),
(43, 483),
(43, 486),
(43, 487),
(43, 488),
(43, 489),
(43, 490),
(43, 491),
(43, 492),
(43, 493),
(43, 494),
(43, 495),
(43, 496),
(43, 497),
(43, 498),
(43, 499),
(43, 500),
(43, 501),
(43, 502),
(43, 503),
(43, 504),
(43, 505),
(43, 506),
(43, 507),
(43, 508),
(43, 509),
(43, 510),
(43, 511),
(43, 512),
(43, 513),
(43, 514),
(43, 515),
(43, 516),
(43, 517),
(43, 518),
(43, 519),
(43, 524),
(43, 525),
(43, 526),
(43, 527),
(43, 528),
(43, 529),
(43, 531),
(43, 532),
(43, 533),
(43, 534),
(43, 535),
(43, 536),
(43, 537),
(43, 538),
(43, 539),
(43, 540),
(43, 541),
(43, 542),
(43, 545),
(43, 546),
(43, 547),
(43, 548),
(43, 549),
(43, 550),
(43, 551),
(43, 552),
(43, 553),
(43, 554),
(43, 555),
(43, 556),
(43, 557),
(43, 558),
(43, 559),
(43, 561),
(43, 562),
(43, 563),
(43, 564),
(43, 565),
(43, 567),
(43, 568),
(43, 569),
(43, 570),
(43, 571),
(43, 572),
(43, 573),
(43, 574),
(43, 575),
(43, 576),
(43, 577),
(43, 578),
(43, 579),
(43, 580),
(43, 581),
(43, 582),
(43, 583),
(43, 584),
(43, 585),
(43, 586),
(43, 587),
(43, 588),
(43, 589),
(43, 590);
INSERT INTO `culture_color` (`id_culture`, `id_color`) VALUES
(43, 591),
(43, 592),
(43, 593),
(43, 594),
(43, 595),
(43, 596),
(43, 597),
(43, 598),
(43, 599),
(43, 600),
(43, 601),
(43, 602),
(43, 603),
(43, 604),
(43, 605),
(43, 606),
(43, 607),
(43, 608),
(43, 609),
(43, 610),
(43, 611),
(43, 612),
(43, 613),
(43, 614),
(43, 615),
(43, 616),
(43, 617),
(43, 618),
(43, 619),
(43, 620),
(43, 621),
(43, 622),
(43, 623),
(43, 624),
(43, 625),
(43, 626),
(43, 627),
(43, 628),
(43, 629),
(43, 630),
(43, 631),
(43, 632),
(43, 633),
(43, 634),
(43, 635),
(43, 636),
(43, 637),
(43, 638),
(43, 639),
(43, 640),
(43, 641),
(43, 642),
(43, 643),
(43, 644),
(43, 645),
(43, 647),
(43, 648),
(43, 649),
(43, 650),
(43, 651),
(43, 652),
(43, 653),
(43, 654),
(43, 656),
(43, 657),
(43, 658),
(43, 659),
(43, 660),
(43, 661),
(43, 662),
(43, 663),
(43, 664),
(43, 665),
(43, 666),
(43, 667),
(43, 668),
(43, 669),
(43, 670),
(43, 671),
(43, 672),
(43, 673),
(43, 674),
(43, 675),
(43, 676),
(43, 677),
(43, 678),
(43, 679),
(43, 680),
(43, 681),
(43, 682),
(43, 683),
(43, 684),
(43, 685),
(43, 686),
(43, 687),
(43, 688),
(43, 690),
(43, 691),
(43, 692),
(43, 694),
(43, 695),
(43, 696),
(43, 697),
(43, 698),
(43, 699),
(43, 700),
(43, 701),
(43, 702),
(43, 703),
(43, 704),
(43, 705),
(43, 706),
(43, 707),
(43, 708),
(43, 709),
(43, 710),
(43, 711),
(43, 712),
(43, 713),
(43, 714),
(43, 715),
(43, 716),
(43, 717),
(43, 718),
(43, 719),
(43, 720),
(43, 721),
(43, 722),
(43, 723),
(43, 724),
(43, 725),
(43, 726),
(43, 727),
(43, 728),
(43, 729),
(43, 730),
(43, 731),
(43, 732),
(43, 733),
(43, 734),
(43, 735),
(43, 736),
(43, 737),
(43, 738),
(43, 739),
(43, 740),
(43, 741),
(43, 742),
(43, 743),
(43, 744),
(43, 745),
(43, 748),
(43, 749),
(43, 750),
(43, 751),
(43, 752),
(43, 753),
(43, 754),
(43, 755),
(43, 756),
(43, 757),
(43, 758),
(43, 759),
(43, 760),
(43, 761),
(43, 762),
(43, 763),
(43, 764),
(43, 765),
(43, 766),
(43, 767),
(43, 768),
(43, 769),
(43, 770),
(43, 771),
(43, 772),
(43, 773),
(43, 774),
(43, 775),
(43, 776),
(43, 777),
(43, 778),
(43, 779),
(43, 780),
(43, 781),
(43, 782),
(43, 783),
(43, 784),
(43, 785),
(43, 786),
(43, 787),
(43, 788),
(43, 789),
(43, 790),
(43, 791),
(43, 792),
(43, 793),
(43, 794),
(43, 795),
(43, 796),
(43, 797),
(43, 798),
(43, 799),
(43, 800),
(43, 801),
(43, 802),
(43, 803),
(43, 804),
(43, 805),
(43, 806),
(43, 807),
(43, 808),
(43, 809),
(43, 810),
(43, 811),
(43, 812),
(43, 814),
(43, 815),
(43, 816),
(43, 817),
(43, 818),
(43, 819),
(43, 820),
(43, 821),
(43, 822),
(43, 823),
(43, 824),
(43, 825),
(43, 826),
(43, 827),
(43, 828),
(43, 829),
(43, 830),
(43, 831),
(43, 832),
(43, 833),
(43, 834),
(43, 835),
(43, 836),
(43, 837),
(43, 838),
(43, 839),
(43, 840),
(43, 841),
(43, 842),
(43, 845),
(43, 846),
(43, 847),
(43, 849),
(43, 850),
(43, 851),
(43, 852),
(43, 853),
(43, 854),
(43, 855),
(43, 856),
(43, 857),
(43, 858),
(43, 859),
(43, 860),
(43, 861),
(43, 862),
(43, 863),
(43, 864),
(43, 865),
(43, 866),
(43, 867),
(43, 868),
(43, 869),
(43, 870),
(43, 871),
(43, 872),
(43, 873),
(43, 874),
(43, 875),
(43, 876),
(43, 877),
(43, 880),
(43, 881),
(43, 882),
(43, 883),
(43, 885),
(43, 886),
(43, 887),
(43, 888),
(43, 889),
(43, 890),
(43, 891),
(43, 892),
(43, 893),
(43, 894),
(43, 895),
(43, 896),
(43, 897),
(43, 898),
(43, 899),
(43, 900),
(43, 901),
(43, 902),
(43, 903),
(43, 904),
(43, 905),
(43, 907),
(43, 908),
(43, 909),
(43, 910),
(43, 911),
(43, 912),
(43, 913),
(43, 914),
(43, 915),
(43, 916),
(43, 917),
(43, 918),
(43, 919),
(43, 920),
(43, 921),
(43, 922),
(43, 924),
(43, 925),
(43, 926),
(43, 928),
(43, 929),
(43, 930),
(43, 931),
(43, 932),
(43, 933),
(43, 934),
(43, 935),
(43, 936),
(43, 937),
(43, 938),
(43, 939),
(43, 940),
(43, 941),
(43, 942),
(43, 943),
(43, 944),
(43, 945),
(43, 946),
(43, 947),
(43, 948),
(43, 949),
(43, 950),
(43, 951),
(43, 952),
(43, 953),
(43, 954),
(43, 955),
(43, 956),
(43, 958),
(43, 959),
(43, 960),
(43, 961),
(43, 962),
(43, 963),
(43, 964),
(43, 965),
(43, 966),
(43, 967),
(43, 968),
(43, 969),
(43, 970),
(43, 973),
(43, 975),
(43, 976),
(43, 977),
(43, 978),
(43, 979),
(43, 980),
(43, 981),
(43, 982),
(43, 983),
(43, 984),
(43, 985),
(43, 986),
(43, 987),
(43, 988),
(43, 989),
(43, 990),
(43, 991),
(43, 992),
(43, 996),
(43, 997),
(43, 998),
(43, 999),
(43, 1000),
(43, 1001),
(43, 1002),
(43, 1004),
(43, 1005),
(43, 1006),
(43, 1007),
(43, 1008),
(43, 1009),
(43, 1010),
(43, 1011),
(43, 1012),
(43, 1013),
(43, 1014),
(43, 1015),
(43, 1016),
(43, 1017),
(43, 1018),
(43, 1019),
(43, 1020),
(43, 1021),
(43, 1022),
(43, 1023),
(43, 1024),
(43, 1025),
(43, 1026),
(43, 1027),
(43, 1033),
(43, 1036),
(43, 1037),
(43, 1038),
(43, 1039),
(43, 1040),
(43, 1041),
(43, 1042),
(43, 1043),
(43, 1044),
(43, 1045),
(43, 1046),
(43, 1047),
(43, 1048),
(43, 1049),
(43, 1050),
(43, 1051),
(43, 1052),
(43, 1053),
(43, 1054),
(43, 1055),
(43, 1056),
(43, 1057),
(43, 1058),
(43, 1059),
(43, 1060),
(43, 1061),
(43, 1062),
(43, 1063),
(43, 1064),
(43, 1065),
(43, 1066),
(43, 1067),
(43, 1068),
(43, 1069),
(43, 1070),
(43, 1071),
(43, 1072),
(43, 1073),
(43, 1074),
(43, 1075),
(43, 1076),
(43, 1077),
(43, 1078),
(43, 1079),
(43, 1080),
(43, 1081),
(43, 1082),
(43, 1083),
(43, 1084),
(43, 1085),
(43, 1086),
(43, 1087),
(43, 1088),
(43, 1089),
(43, 1090),
(43, 1091),
(43, 1092),
(43, 1093),
(43, 1094),
(43, 1095),
(43, 1099),
(43, 1100),
(43, 1101),
(43, 1102),
(43, 1103),
(43, 1104),
(43, 1105),
(43, 1106),
(43, 1107),
(43, 1108),
(43, 1109),
(43, 1110),
(43, 1111),
(43, 1112),
(43, 1114),
(43, 1115),
(43, 1116),
(43, 1117),
(43, 1119),
(43, 1120),
(43, 1121),
(43, 1122),
(43, 1123),
(43, 1125),
(43, 1126),
(43, 1127),
(43, 1129),
(43, 1130),
(43, 1131),
(43, 1132),
(43, 1133),
(43, 1134),
(43, 1135),
(43, 1136),
(43, 1137),
(43, 1138),
(43, 1139),
(43, 1140),
(43, 1141),
(43, 1142),
(43, 1143),
(43, 1144),
(43, 1145),
(43, 1146),
(43, 1147),
(43, 1148),
(43, 1149),
(43, 1150),
(43, 1151),
(43, 1152),
(43, 1153),
(43, 1154),
(43, 1156),
(43, 1157),
(43, 1158),
(43, 1159),
(43, 1160),
(43, 1163),
(43, 1165),
(43, 1167),
(43, 1168),
(43, 1169),
(43, 1170),
(43, 1171),
(43, 1172),
(43, 1174),
(43, 1178),
(43, 1181),
(43, 1182),
(43, 1183),
(43, 1184),
(43, 1185),
(43, 1186),
(43, 1187),
(43, 1188),
(43, 1189),
(43, 1190),
(43, 1191),
(43, 1192),
(43, 1193),
(43, 1194),
(43, 1195),
(43, 1197),
(43, 1198),
(43, 1200),
(43, 1201),
(43, 1203),
(43, 1204),
(43, 1205),
(43, 1207),
(43, 1208),
(43, 1215),
(43, 1218),
(43, 1220),
(43, 1222),
(43, 1234),
(43, 1236),
(43, 1237),
(43, 1240),
(43, 1249),
(43, 1250),
(43, 1262),
(43, 1263),
(43, 1264),
(43, 1265),
(43, 1266),
(43, 1270),
(43, 1272),
(43, 1273),
(43, 1274),
(43, 1276),
(43, 1277),
(43, 1280),
(43, 1281),
(43, 1284),
(43, 1285),
(43, 1286),
(43, 1287),
(43, 1289),
(43, 1290),
(43, 1291),
(43, 1292),
(43, 1293),
(43, 1294),
(43, 1295),
(43, 1296),
(43, 1297),
(43, 1298),
(43, 1299),
(43, 1300),
(43, 1301),
(43, 1302),
(43, 1303),
(43, 1304),
(43, 1306),
(43, 1307),
(43, 1310),
(43, 1311),
(43, 1312),
(43, 1313),
(43, 1315),
(43, 1316),
(43, 1317),
(43, 1318),
(43, 1319),
(43, 1321),
(43, 1325),
(43, 1327),
(43, 1329),
(43, 1332),
(43, 1333),
(43, 1334),
(43, 1335),
(43, 1336),
(43, 1339),
(43, 1340),
(43, 1341),
(43, 1342),
(43, 1343),
(43, 1344),
(43, 1346),
(43, 1347),
(43, 1348),
(43, 1349),
(43, 1350),
(43, 1352),
(43, 1353),
(43, 1354),
(43, 1357),
(43, 1358),
(43, 1359),
(43, 1360),
(43, 1361),
(43, 1362),
(43, 1363),
(43, 1364),
(43, 1365),
(43, 1366),
(43, 1367),
(43, 1368),
(43, 1370),
(43, 1371),
(43, 1374),
(43, 1375),
(43, 1377),
(43, 1378),
(43, 1379),
(43, 1380),
(43, 1382),
(43, 1383),
(43, 1384),
(43, 1385),
(43, 1386),
(43, 1387),
(43, 1388),
(43, 1389),
(43, 1390),
(43, 1391),
(43, 1392),
(43, 1393),
(43, 1394),
(43, 1395),
(43, 1396),
(43, 1397),
(43, 1398),
(43, 1399),
(43, 1400),
(43, 1401),
(43, 1402),
(43, 1403),
(43, 1404),
(43, 1405),
(43, 1406),
(43, 1407),
(43, 1408),
(43, 1409),
(43, 1410),
(43, 1411),
(43, 1412),
(43, 1413),
(43, 1414),
(43, 1415),
(43, 1416),
(43, 1417),
(43, 1418),
(43, 1419),
(43, 1420),
(43, 1421),
(43, 1422),
(43, 1423),
(43, 1424),
(43, 1425),
(43, 1426),
(43, 1427),
(43, 1428),
(43, 1429),
(43, 1430),
(43, 1431),
(43, 1432),
(43, 1433),
(43, 1434),
(43, 1435),
(43, 1436),
(43, 1437),
(43, 1438),
(43, 1439),
(43, 1441),
(43, 1442),
(43, 1443),
(43, 1444),
(43, 1445),
(43, 1447),
(43, 1448),
(43, 1449),
(43, 1450),
(43, 1452),
(43, 1453),
(43, 1454),
(43, 1455),
(43, 1456),
(43, 1457),
(43, 1458),
(43, 1459),
(43, 1460),
(43, 1461),
(43, 1462),
(43, 1463),
(43, 1464),
(43, 1465),
(43, 1468),
(43, 1469),
(43, 1470),
(43, 1474),
(43, 1476),
(43, 1477),
(43, 1478),
(43, 1479),
(43, 1480),
(43, 1481),
(43, 1482),
(43, 1483),
(43, 1484),
(43, 1485),
(43, 1486),
(43, 1487),
(43, 1488),
(43, 1489),
(43, 1490),
(43, 1491),
(43, 1492),
(43, 1493),
(43, 1494),
(43, 1495),
(43, 1496),
(43, 1497),
(43, 1499),
(43, 1500),
(43, 1518),
(43, 1519),
(43, 1520),
(43, 1521),
(43, 1522),
(43, 1525),
(43, 1528),
(43, 1531),
(43, 1532),
(43, 1533),
(43, 1536),
(43, 1537),
(43, 1538),
(43, 1539),
(43, 1552),
(43, 1554),
(43, 1555),
(43, 1558),
(43, 1559),
(43, 1564),
(43, 1573),
(43, 1574),
(43, 1575),
(43, 1576),
(43, 1578),
(43, 1579),
(43, 1580),
(43, 1581),
(43, 1582),
(43, 1584),
(43, 1585),
(43, 1586),
(43, 1587),
(43, 1588),
(43, 1589),
(43, 1590),
(43, 1591),
(43, 1592),
(44, 352),
(44, 356),
(44, 361),
(44, 366),
(44, 367),
(44, 368),
(44, 372),
(44, 373),
(44, 377),
(44, 380),
(44, 382),
(44, 383),
(44, 384),
(44, 388),
(44, 403),
(44, 430),
(44, 462),
(44, 463),
(44, 464),
(44, 465),
(44, 466),
(44, 467),
(44, 471),
(44, 475),
(44, 476),
(44, 477),
(44, 486),
(44, 488),
(44, 489),
(44, 492),
(44, 496),
(44, 498),
(44, 503),
(44, 505),
(44, 506),
(44, 507),
(44, 509),
(44, 510),
(44, 511),
(44, 513),
(44, 518),
(44, 525),
(44, 537),
(44, 545),
(44, 546),
(44, 555),
(44, 556),
(44, 563),
(44, 608),
(44, 610),
(44, 611),
(44, 617),
(44, 620),
(44, 621),
(44, 624),
(44, 626),
(44, 627),
(44, 628),
(44, 629),
(44, 630),
(44, 631),
(44, 632),
(44, 633),
(44, 634),
(44, 635),
(44, 637),
(44, 639),
(44, 640),
(44, 642),
(44, 643),
(44, 649),
(44, 650),
(44, 653),
(44, 654),
(44, 662),
(44, 663),
(44, 671),
(44, 690),
(45, 14),
(45, 15),
(45, 20),
(45, 21),
(45, 23),
(45, 27),
(45, 56),
(45, 59),
(45, 60),
(45, 62),
(45, 63),
(45, 64),
(45, 65),
(45, 68),
(45, 71),
(45, 72),
(45, 77),
(45, 79),
(45, 80),
(45, 196),
(45, 197),
(45, 198),
(45, 203),
(45, 204),
(45, 205),
(45, 206),
(45, 207),
(45, 215),
(45, 216),
(45, 220),
(45, 222),
(45, 223),
(45, 238),
(45, 239),
(45, 242),
(45, 249),
(45, 252),
(45, 253),
(45, 254),
(45, 255),
(45, 256),
(45, 257),
(45, 258),
(45, 259),
(45, 260),
(45, 262),
(45, 263),
(45, 268),
(45, 272),
(45, 274),
(45, 281),
(45, 282),
(45, 283),
(45, 285),
(45, 286),
(45, 287),
(45, 296),
(45, 297),
(45, 300),
(45, 303),
(45, 304),
(45, 311),
(45, 313),
(45, 314),
(45, 316),
(45, 317),
(45, 318),
(45, 319),
(45, 321),
(45, 322),
(45, 325),
(45, 326),
(45, 327),
(45, 328),
(45, 330),
(45, 333),
(45, 336),
(45, 337),
(45, 340),
(45, 341),
(45, 343),
(45, 346),
(45, 348),
(45, 349),
(45, 351),
(45, 353),
(45, 354),
(45, 355),
(45, 357),
(45, 358),
(45, 359),
(45, 364),
(45, 370),
(45, 371),
(45, 372),
(45, 373),
(45, 374),
(45, 377),
(45, 379),
(45, 380),
(45, 382),
(45, 383),
(45, 384),
(45, 387),
(45, 388),
(45, 389),
(45, 390),
(45, 391),
(45, 393),
(45, 394),
(45, 396),
(45, 400),
(45, 401),
(45, 403),
(45, 404),
(45, 405),
(45, 406),
(45, 407),
(45, 408),
(45, 411),
(45, 412),
(45, 413),
(45, 414),
(45, 418),
(45, 419),
(45, 420),
(45, 421),
(45, 422),
(45, 426),
(45, 427),
(45, 428),
(45, 433),
(45, 434),
(45, 435),
(45, 436),
(45, 437),
(45, 438),
(45, 447),
(45, 450),
(45, 452),
(45, 456),
(45, 464),
(45, 465),
(45, 466),
(45, 472),
(45, 473),
(45, 475),
(45, 476),
(45, 477),
(45, 481),
(45, 487),
(45, 489),
(45, 490),
(45, 493),
(45, 494),
(45, 496),
(45, 500),
(45, 504),
(45, 505),
(45, 506),
(45, 507),
(45, 513),
(45, 515),
(45, 517),
(45, 525),
(45, 528),
(45, 529),
(45, 531),
(45, 545),
(45, 555),
(45, 556),
(45, 557),
(45, 558),
(45, 561),
(45, 563),
(45, 567),
(45, 569),
(45, 572),
(45, 578),
(45, 580),
(45, 591),
(45, 602),
(45, 605),
(45, 608),
(45, 610),
(45, 617),
(45, 627),
(45, 628),
(45, 630),
(45, 631),
(45, 632),
(45, 635),
(45, 639),
(45, 640),
(45, 642),
(45, 645),
(45, 647),
(45, 649),
(45, 650),
(45, 653),
(45, 654),
(45, 657),
(45, 658),
(45, 659),
(45, 660),
(45, 662),
(45, 663),
(45, 664),
(45, 665),
(45, 666),
(45, 667),
(45, 672),
(45, 675),
(45, 677),
(45, 679),
(45, 680),
(45, 681),
(45, 682),
(45, 683),
(45, 684),
(45, 685),
(45, 697),
(45, 698),
(45, 701),
(45, 706),
(45, 720),
(45, 721),
(45, 722),
(45, 723),
(45, 724),
(45, 725),
(45, 727),
(45, 728),
(45, 729),
(45, 730),
(45, 731),
(45, 732),
(45, 733),
(45, 734),
(45, 735),
(45, 736),
(45, 737),
(45, 739),
(45, 740),
(45, 741),
(45, 743),
(45, 744),
(45, 757),
(45, 762),
(45, 763),
(45, 764),
(45, 768),
(45, 770),
(45, 790),
(45, 796),
(45, 798),
(45, 804),
(45, 818),
(45, 819),
(45, 821),
(45, 822),
(45, 823),
(45, 824),
(45, 825),
(45, 826),
(45, 827),
(45, 834),
(45, 842),
(45, 846),
(45, 847),
(45, 925),
(45, 942),
(46, 32),
(46, 34),
(46, 35),
(46, 36),
(46, 37),
(46, 38),
(46, 39),
(46, 43),
(46, 49),
(46, 50),
(46, 51),
(46, 52),
(46, 53),
(46, 55),
(46, 58),
(46, 67),
(46, 73),
(46, 75),
(46, 76),
(46, 77),
(46, 78),
(46, 80),
(46, 83),
(46, 84),
(46, 85),
(46, 87),
(46, 88),
(46, 89),
(46, 92),
(46, 96),
(46, 102),
(46, 103),
(46, 104),
(46, 110),
(46, 111),
(46, 117),
(46, 118),
(46, 119),
(46, 120),
(46, 121),
(46, 124),
(46, 130),
(46, 131),
(46, 134),
(46, 142),
(46, 144),
(46, 145),
(46, 146),
(46, 147),
(46, 148),
(46, 149),
(46, 151),
(46, 152),
(46, 153),
(46, 154),
(46, 161),
(46, 163),
(46, 164),
(46, 172),
(46, 173),
(46, 174),
(46, 177),
(46, 178),
(46, 179),
(46, 180),
(46, 181),
(46, 182),
(46, 183),
(46, 191),
(46, 192),
(46, 196),
(46, 197),
(46, 198),
(46, 199),
(46, 200),
(46, 201),
(46, 202),
(46, 203),
(46, 204),
(46, 207),
(46, 208),
(46, 209),
(46, 213),
(46, 214),
(46, 215),
(46, 216),
(46, 217),
(46, 218),
(46, 219),
(46, 220),
(46, 224),
(46, 226),
(46, 227),
(46, 228),
(46, 229),
(46, 230),
(46, 231),
(46, 232),
(46, 233),
(46, 234),
(46, 236),
(46, 237),
(46, 238),
(46, 239),
(46, 240),
(46, 241),
(46, 242),
(46, 243),
(46, 246),
(46, 247),
(46, 248),
(46, 249),
(46, 250),
(46, 251),
(46, 255),
(46, 257),
(46, 258),
(46, 259),
(46, 261),
(46, 262),
(46, 264),
(46, 268),
(46, 270),
(46, 271),
(46, 275),
(46, 276),
(46, 278),
(46, 279),
(46, 281),
(46, 282),
(46, 283),
(46, 284),
(46, 285),
(46, 287),
(46, 288),
(46, 291),
(46, 292),
(46, 293),
(46, 295),
(46, 296),
(46, 297),
(46, 298),
(46, 299),
(46, 301),
(46, 302),
(46, 304),
(46, 305),
(46, 307),
(46, 308),
(46, 309),
(46, 310),
(46, 311),
(46, 312),
(46, 313),
(46, 314),
(46, 315),
(46, 316),
(46, 317),
(46, 318),
(46, 319),
(46, 320),
(46, 321),
(46, 322),
(46, 323),
(46, 324),
(46, 326),
(46, 327),
(46, 328),
(46, 330),
(46, 331),
(46, 332),
(46, 333),
(46, 334),
(46, 336),
(46, 339),
(46, 340),
(46, 344),
(46, 345),
(46, 346),
(46, 347),
(46, 349),
(46, 350),
(46, 351),
(46, 352),
(46, 355),
(46, 356),
(46, 357),
(46, 358),
(46, 359),
(46, 360),
(46, 361),
(46, 362),
(46, 363),
(46, 365),
(46, 366),
(46, 370),
(46, 371),
(46, 372),
(46, 373),
(46, 375),
(46, 376),
(46, 380),
(46, 385),
(46, 392),
(46, 395),
(46, 397),
(46, 398),
(46, 399),
(46, 400),
(46, 402),
(46, 403),
(46, 404),
(46, 405),
(46, 406),
(46, 409),
(46, 410),
(46, 413),
(46, 414),
(46, 415),
(46, 416),
(46, 417),
(46, 418),
(46, 419),
(46, 420),
(46, 423),
(46, 424),
(46, 425),
(46, 426),
(46, 429),
(46, 430),
(46, 431),
(46, 432),
(46, 433),
(46, 434),
(46, 435),
(46, 436),
(46, 437),
(46, 438),
(46, 439),
(46, 440),
(46, 441),
(46, 445),
(46, 446),
(46, 447),
(46, 448),
(46, 450),
(46, 452),
(46, 453),
(46, 454),
(46, 455),
(46, 456),
(46, 457),
(46, 458),
(46, 459),
(46, 460),
(46, 461),
(46, 462),
(46, 463),
(46, 464),
(46, 466),
(46, 467),
(46, 468),
(46, 469),
(46, 470),
(46, 471),
(46, 473),
(46, 474),
(46, 475),
(46, 476),
(46, 477),
(46, 478),
(46, 480),
(46, 481),
(46, 482),
(46, 483),
(46, 486),
(46, 489),
(46, 490),
(46, 491),
(46, 492),
(46, 493),
(46, 494),
(46, 495),
(46, 496),
(46, 498),
(46, 499),
(46, 501),
(46, 502),
(46, 504),
(46, 505),
(46, 506),
(46, 509),
(46, 510),
(46, 511),
(46, 512),
(46, 515),
(46, 516),
(46, 518),
(46, 524),
(46, 526),
(46, 527),
(46, 528),
(46, 529),
(46, 532),
(46, 533),
(46, 535),
(46, 536),
(46, 537),
(46, 539),
(46, 540),
(46, 541),
(46, 542),
(46, 546),
(46, 547),
(46, 548),
(46, 549),
(46, 550),
(46, 555),
(46, 556),
(46, 557),
(46, 558),
(46, 559),
(46, 562),
(46, 564),
(46, 565),
(46, 567),
(46, 568),
(46, 569),
(46, 570),
(46, 572),
(46, 573),
(46, 574),
(46, 575),
(46, 578),
(46, 581),
(46, 582),
(46, 584),
(46, 587),
(46, 588),
(46, 589),
(46, 590),
(46, 591),
(46, 592),
(46, 593),
(46, 594),
(46, 595),
(46, 596),
(46, 597),
(46, 598),
(46, 599),
(46, 600),
(46, 601),
(46, 602),
(46, 604),
(46, 605),
(46, 607),
(46, 609),
(46, 610),
(46, 611),
(46, 612),
(46, 613),
(46, 614),
(46, 615),
(46, 616),
(46, 617),
(46, 619),
(46, 621),
(46, 622),
(46, 623),
(46, 624),
(46, 625),
(46, 626),
(46, 627),
(46, 628),
(46, 631),
(46, 632),
(46, 633),
(46, 634),
(46, 635),
(46, 636),
(46, 637),
(46, 638),
(46, 639),
(46, 640),
(46, 641),
(46, 643),
(46, 645),
(46, 647),
(46, 648),
(46, 649),
(46, 650),
(46, 651),
(46, 652),
(46, 653),
(46, 656),
(46, 657),
(46, 658),
(46, 659),
(46, 661),
(46, 662),
(46, 663),
(46, 664),
(46, 667),
(46, 669),
(46, 670),
(46, 671),
(46, 673),
(46, 674),
(46, 675),
(46, 676),
(46, 678),
(46, 679),
(46, 680),
(46, 681),
(46, 682),
(46, 683),
(46, 684),
(46, 686),
(46, 687),
(46, 688),
(46, 690),
(46, 692),
(46, 695),
(46, 697),
(46, 698),
(46, 699),
(46, 700),
(46, 703),
(46, 705),
(46, 706),
(46, 711),
(46, 712),
(46, 715),
(46, 716),
(46, 717),
(46, 718),
(46, 719),
(46, 720),
(46, 721),
(46, 722),
(46, 723),
(46, 725),
(46, 726),
(46, 728),
(46, 729),
(46, 732),
(46, 733),
(46, 735),
(46, 736),
(46, 737),
(46, 738),
(46, 739),
(46, 742),
(46, 743),
(46, 744),
(46, 745),
(46, 748),
(46, 749),
(46, 750),
(46, 752),
(46, 753),
(46, 754),
(46, 756),
(46, 759),
(46, 760),
(46, 761),
(46, 762),
(46, 764),
(46, 765),
(46, 766),
(46, 767),
(46, 768),
(46, 771),
(46, 772),
(46, 773),
(46, 777),
(46, 778),
(46, 781),
(46, 783),
(46, 784),
(46, 785),
(46, 788),
(46, 789),
(46, 792),
(46, 793),
(46, 796),
(46, 797),
(46, 798),
(46, 799),
(46, 801),
(46, 805),
(46, 806),
(46, 809),
(46, 810),
(46, 815),
(46, 816),
(46, 817),
(46, 819),
(46, 820),
(46, 821),
(46, 822),
(46, 823),
(46, 825),
(46, 826),
(46, 827),
(46, 828),
(46, 829),
(46, 830),
(46, 831),
(46, 832),
(46, 833),
(46, 834),
(46, 836),
(46, 837),
(46, 838),
(46, 839),
(46, 840),
(46, 842),
(46, 845),
(46, 847),
(46, 849),
(46, 850),
(46, 851),
(46, 852),
(46, 853),
(46, 856),
(46, 857),
(46, 858),
(46, 859),
(46, 860),
(46, 862),
(46, 863),
(46, 864),
(46, 865),
(46, 867),
(46, 868),
(46, 870),
(46, 872),
(46, 873),
(46, 876),
(46, 880),
(46, 881),
(46, 882),
(46, 883),
(46, 885),
(46, 886),
(46, 887),
(46, 888),
(46, 889),
(46, 890),
(46, 891),
(46, 892),
(46, 893),
(46, 895),
(46, 896),
(46, 897),
(46, 898),
(46, 900),
(46, 901),
(46, 902),
(46, 904),
(46, 907),
(46, 908),
(46, 909),
(46, 910),
(46, 911),
(46, 912),
(46, 913),
(46, 914),
(46, 917),
(46, 918),
(46, 919),
(46, 920),
(46, 922),
(46, 925),
(46, 926),
(46, 929),
(46, 931),
(46, 932),
(46, 933),
(46, 935),
(46, 936),
(46, 937),
(46, 938),
(46, 939),
(46, 940),
(46, 941),
(46, 942),
(46, 943),
(46, 944),
(46, 945),
(46, 946),
(46, 947),
(46, 956),
(46, 958),
(46, 959),
(46, 962),
(46, 963),
(46, 964),
(46, 965),
(46, 966),
(46, 967),
(46, 968),
(46, 969),
(46, 970),
(46, 973),
(46, 975),
(46, 976),
(46, 977),
(46, 978),
(46, 981),
(46, 982),
(46, 983),
(46, 985),
(46, 988),
(46, 989),
(46, 990),
(46, 991),
(46, 992),
(46, 996),
(46, 997),
(46, 1000),
(46, 1001),
(46, 1002),
(46, 1004),
(46, 1006),
(46, 1007),
(46, 1008),
(46, 1009),
(46, 1011),
(46, 1012),
(46, 1014),
(46, 1015),
(46, 1016),
(46, 1019),
(46, 1020),
(46, 1021),
(46, 1022),
(46, 1023),
(46, 1024),
(46, 1025),
(46, 1026),
(46, 1027),
(46, 1033),
(46, 1036),
(46, 1037),
(46, 1038),
(46, 1039),
(46, 1040),
(46, 1041),
(46, 1045),
(46, 1046),
(46, 1051),
(46, 1053),
(46, 1054),
(46, 1055),
(46, 1056),
(46, 1057),
(46, 1058),
(46, 1059),
(46, 1060),
(46, 1061),
(46, 1062),
(46, 1063),
(46, 1064),
(46, 1065),
(46, 1067),
(46, 1068),
(46, 1070),
(46, 1071),
(46, 1072),
(46, 1073),
(46, 1074),
(46, 1075),
(46, 1077),
(46, 1079),
(46, 1082),
(46, 1083),
(46, 1084),
(46, 1085),
(46, 1086),
(46, 1087),
(46, 1088),
(46, 1089),
(46, 1090),
(46, 1091),
(46, 1092),
(46, 1093),
(46, 1094),
(46, 1095),
(46, 1099),
(46, 1100),
(46, 1101),
(46, 1102),
(46, 1103),
(46, 1104),
(46, 1105),
(46, 1107),
(46, 1108),
(46, 1110),
(46, 1111),
(46, 1112),
(46, 1114),
(46, 1116),
(46, 1117),
(46, 1120),
(46, 1121),
(46, 1122),
(46, 1123),
(46, 1125),
(46, 1126),
(46, 1129),
(46, 1130),
(46, 1131),
(46, 1132),
(46, 1133),
(46, 1135),
(46, 1136),
(46, 1137),
(46, 1138),
(46, 1139),
(46, 1140),
(46, 1143),
(46, 1144),
(46, 1145),
(46, 1146),
(46, 1149),
(46, 1150),
(46, 1151),
(46, 1156),
(46, 1157),
(46, 1158),
(46, 1163),
(46, 1167),
(46, 1169),
(46, 1170),
(46, 1171),
(46, 1172),
(46, 1174),
(46, 1178),
(46, 1181),
(46, 1183),
(46, 1184),
(46, 1185),
(46, 1187),
(46, 1189),
(46, 1190),
(46, 1191),
(46, 1192),
(46, 1194),
(46, 1198),
(46, 1201),
(46, 1203),
(46, 1205),
(46, 1207),
(46, 1215),
(46, 1218),
(46, 1220),
(46, 1222),
(46, 1234),
(46, 1236),
(46, 1240),
(46, 1249),
(46, 1250),
(46, 1262),
(46, 1263),
(46, 1266),
(46, 1270),
(46, 1272),
(46, 1273),
(46, 1276),
(46, 1277),
(46, 1281),
(46, 1284),
(46, 1286),
(46, 1287),
(46, 1289),
(46, 1290),
(46, 1291),
(46, 1292),
(46, 1293),
(46, 1294),
(46, 1295),
(46, 1298),
(46, 1299),
(46, 1304),
(46, 1307),
(46, 1310),
(46, 1312),
(46, 1313),
(46, 1315),
(46, 1316),
(46, 1317),
(46, 1318),
(46, 1319),
(46, 1321),
(46, 1325),
(46, 1327),
(46, 1329),
(46, 1333),
(46, 1334),
(46, 1335),
(46, 1339),
(46, 1341),
(46, 1342),
(46, 1343),
(46, 1346),
(46, 1347),
(46, 1348),
(46, 1349),
(46, 1353),
(46, 1354),
(46, 1358),
(46, 1359),
(46, 1360),
(46, 1361),
(46, 1362),
(46, 1363),
(46, 1364),
(46, 1365),
(46, 1366),
(46, 1367),
(46, 1368),
(46, 1370),
(46, 1371),
(46, 1374),
(46, 1375),
(46, 1379),
(46, 1380),
(46, 1382),
(46, 1384),
(46, 1385),
(46, 1386),
(46, 1387),
(46, 1388),
(46, 1389),
(46, 1390),
(46, 1391),
(46, 1392),
(46, 1393),
(46, 1394),
(46, 1397),
(46, 1398),
(46, 1399),
(46, 1400),
(46, 1401),
(46, 1402),
(46, 1403),
(46, 1404),
(46, 1405),
(46, 1406),
(46, 1407),
(46, 1408),
(46, 1409),
(46, 1410),
(46, 1412),
(46, 1415),
(46, 1416),
(46, 1417),
(46, 1418),
(46, 1421),
(46, 1422),
(46, 1425),
(46, 1426),
(46, 1427),
(46, 1428),
(46, 1429),
(46, 1431),
(46, 1433),
(46, 1434),
(46, 1435),
(46, 1436),
(46, 1437),
(46, 1438),
(46, 1439),
(46, 1441),
(46, 1442),
(46, 1443),
(46, 1444),
(46, 1445),
(46, 1447),
(46, 1448),
(46, 1449),
(46, 1450),
(46, 1452),
(46, 1453),
(46, 1454),
(46, 1455),
(46, 1456),
(46, 1457),
(46, 1458),
(46, 1459),
(46, 1460),
(46, 1461),
(46, 1462),
(46, 1463),
(46, 1465),
(46, 1468),
(46, 1469),
(46, 1470),
(46, 1474),
(46, 1477),
(46, 1479),
(46, 1483),
(46, 1484),
(46, 1485),
(46, 1486),
(46, 1487),
(46, 1488),
(46, 1489),
(46, 1490),
(46, 1491),
(46, 1492),
(46, 1493),
(46, 1497),
(46, 1499),
(46, 1500),
(46, 1518),
(46, 1519),
(46, 1520),
(46, 1521),
(46, 1522),
(46, 1525),
(46, 1531),
(46, 1532),
(46, 1536),
(46, 1538),
(46, 1539),
(46, 1552),
(46, 1554),
(46, 1558),
(46, 1573),
(46, 1574),
(46, 1575),
(46, 1578),
(46, 1580),
(46, 1581),
(46, 1582),
(46, 1584),
(46, 1590),
(46, 1591),
(46, 1592),
(47, 498),
(47, 499),
(47, 503),
(47, 508),
(47, 524),
(47, 581),
(47, 582),
(47, 584),
(47, 585),
(47, 586),
(47, 587),
(47, 592),
(47, 596),
(47, 599),
(47, 603),
(47, 615),
(48, 311),
(48, 312),
(48, 313),
(48, 314),
(48, 315),
(48, 319),
(48, 323),
(48, 351),
(48, 355),
(48, 358),
(48, 359),
(48, 360),
(48, 365),
(48, 423),
(48, 535),
(48, 537),
(48, 539),
(48, 546),
(48, 555),
(48, 556),
(48, 562),
(48, 610),
(48, 611),
(48, 617),
(48, 620),
(48, 621),
(48, 627),
(48, 628),
(48, 639),
(48, 640),
(48, 648),
(48, 649),
(48, 650),
(48, 661),
(48, 993),
(48, 994),
(48, 995),
(48, 1003),
(48, 1029),
(48, 1030),
(48, 1034),
(48, 1035),
(48, 1103),
(48, 1114),
(48, 1118),
(48, 1130),
(48, 1131),
(48, 1132),
(48, 1139),
(48, 1140),
(48, 1145),
(48, 1146),
(48, 1149),
(48, 1150),
(48, 1161),
(48, 1162),
(48, 1176),
(48, 1180),
(48, 1189),
(48, 1191),
(48, 1194),
(48, 1198),
(48, 1213),
(48, 1216),
(48, 1227),
(48, 1228),
(48, 1247),
(48, 1248),
(48, 1251),
(48, 1252),
(48, 1254),
(48, 1255),
(48, 1256),
(48, 1259),
(48, 1261),
(48, 1267),
(48, 1268),
(48, 1269),
(48, 1271),
(48, 1272),
(48, 1276),
(48, 1295),
(48, 1298),
(48, 1299),
(48, 1305),
(48, 1307),
(48, 1309),
(48, 1310),
(48, 1314),
(48, 1315),
(48, 1316),
(48, 1317),
(48, 1318),
(48, 1319),
(48, 1320),
(48, 1321),
(48, 1322),
(48, 1323),
(48, 1325),
(48, 1328),
(48, 1329),
(48, 1330),
(48, 1338),
(48, 1343),
(48, 1346),
(48, 1347),
(48, 1348),
(48, 1349),
(48, 1351),
(48, 1353),
(48, 1354),
(48, 1355),
(48, 1356),
(48, 1358),
(48, 1359),
(48, 1360),
(48, 1361),
(48, 1362),
(48, 1363),
(48, 1364),
(48, 1365),
(48, 1366),
(48, 1367),
(48, 1368),
(48, 1370),
(48, 1371),
(48, 1372),
(48, 1373),
(48, 1374),
(48, 1375),
(48, 1376),
(48, 1379),
(48, 1381),
(48, 1382),
(48, 1384),
(48, 1385),
(48, 1386),
(48, 1388),
(48, 1389),
(48, 1390),
(48, 1391),
(48, 1392),
(48, 1393),
(48, 1397),
(48, 1398),
(48, 1399),
(48, 1402),
(48, 1403),
(48, 1404),
(48, 1407),
(48, 1408),
(48, 1409),
(48, 1410),
(48, 1415),
(48, 1416),
(48, 1417),
(48, 1418),
(48, 1421),
(48, 1422),
(48, 1425),
(48, 1426),
(48, 1427),
(48, 1428),
(48, 1429),
(48, 1431),
(48, 1433),
(48, 1434),
(48, 1435),
(48, 1436),
(48, 1437),
(48, 1438),
(48, 1439),
(48, 1440),
(48, 1441),
(48, 1442),
(48, 1443),
(48, 1444),
(48, 1445),
(48, 1446),
(48, 1447),
(48, 1448),
(48, 1449),
(48, 1450),
(48, 1451),
(48, 1452),
(48, 1453),
(48, 1454),
(48, 1455),
(48, 1456),
(48, 1457),
(48, 1458),
(48, 1459),
(48, 1460),
(48, 1461),
(48, 1462),
(48, 1463),
(48, 1465),
(48, 1466),
(48, 1467),
(48, 1468),
(48, 1469),
(48, 1470),
(48, 1474),
(48, 1477),
(48, 1479),
(48, 1483),
(48, 1484),
(48, 1485),
(48, 1486),
(48, 1487),
(48, 1488),
(48, 1489),
(48, 1490),
(48, 1491),
(48, 1492),
(48, 1493),
(48, 1497),
(48, 1499),
(48, 1500),
(48, 1502),
(48, 1503),
(48, 1504),
(48, 1505),
(48, 1506),
(48, 1507),
(48, 1508),
(48, 1509),
(48, 1510),
(48, 1512),
(48, 1513),
(48, 1514),
(48, 1515),
(48, 1516),
(48, 1518),
(48, 1519),
(48, 1520),
(48, 1521),
(48, 1522),
(48, 1523),
(48, 1524),
(48, 1525),
(48, 1526),
(48, 1527),
(48, 1529),
(48, 1530),
(48, 1531),
(48, 1532),
(48, 1534),
(48, 1535),
(48, 1536),
(48, 1538),
(48, 1539),
(48, 1542),
(48, 1543),
(48, 1544),
(48, 1546),
(48, 1548),
(48, 1549),
(48, 1550),
(48, 1551),
(48, 1552),
(48, 1553),
(48, 1554),
(48, 1556),
(48, 1557),
(48, 1558),
(48, 1560),
(48, 1561),
(48, 1563),
(48, 1565),
(48, 1566),
(48, 1567),
(48, 1568),
(48, 1569),
(48, 1570),
(48, 1571),
(48, 1573),
(48, 1574),
(48, 1575),
(48, 1577),
(48, 1578),
(48, 1580),
(48, 1581),
(48, 1582),
(48, 1584),
(48, 1590),
(48, 1591),
(48, 1592),
(48, 1593),
(48, 1594),
(48, 1595),
(48, 1596),
(48, 1597),
(48, 1598),
(48, 1599),
(48, 1600),
(48, 1601),
(48, 1602),
(48, 1603),
(48, 1604),
(48, 1605),
(48, 1606),
(48, 1607),
(48, 1608),
(48, 1609),
(48, 1610),
(48, 1611),
(48, 1612),
(48, 1613),
(48, 1614),
(48, 1615),
(48, 1616),
(48, 1617),
(48, 1618),
(48, 1619),
(48, 1620),
(48, 1621),
(48, 1622),
(48, 1623),
(48, 1624),
(48, 1625),
(48, 1626),
(48, 1627),
(48, 1628),
(48, 1629),
(48, 1630),
(48, 1631),
(48, 1632),
(48, 1633),
(48, 1634),
(48, 1635),
(48, 1636),
(48, 1637),
(48, 1638),
(48, 1639),
(48, 1641),
(48, 1642),
(48, 1643),
(48, 1644),
(48, 1645),
(48, 1646),
(48, 1647),
(48, 1648),
(48, 1649),
(48, 1650),
(48, 1651),
(48, 1652),
(48, 1654),
(48, 1655),
(48, 1656),
(48, 1658),
(48, 1659),
(48, 1660),
(48, 1661),
(48, 1662),
(48, 1663),
(48, 1664),
(48, 1665),
(48, 1666),
(48, 1667),
(48, 1668),
(48, 1669),
(48, 1670),
(48, 1671),
(48, 1672),
(48, 1673),
(48, 1674),
(48, 1675),
(48, 1676),
(49, 311),
(49, 312),
(49, 313),
(49, 314),
(49, 315),
(49, 319),
(49, 323),
(49, 351),
(49, 355),
(49, 358),
(49, 359),
(49, 360),
(49, 365),
(49, 423),
(49, 535),
(49, 537),
(49, 539),
(49, 546),
(49, 555),
(49, 556),
(49, 562),
(49, 610),
(49, 611),
(49, 617),
(49, 620),
(49, 621),
(49, 627),
(49, 628),
(49, 639),
(49, 640),
(49, 648),
(49, 649),
(49, 650),
(49, 661),
(49, 993),
(49, 994),
(49, 995),
(49, 1003),
(49, 1028),
(49, 1029),
(49, 1030),
(49, 1031),
(49, 1032),
(49, 1034),
(49, 1035),
(49, 1103),
(49, 1114),
(49, 1118),
(49, 1130),
(49, 1131),
(49, 1132),
(49, 1139),
(49, 1140),
(49, 1145),
(49, 1146),
(49, 1149),
(49, 1150),
(49, 1152),
(49, 1153),
(49, 1161),
(49, 1162),
(49, 1164),
(49, 1166),
(49, 1175),
(49, 1176),
(49, 1177),
(49, 1180),
(49, 1189),
(49, 1191),
(49, 1194),
(49, 1195),
(49, 1197),
(49, 1198),
(49, 1213),
(49, 1216),
(49, 1227),
(49, 1228),
(49, 1230),
(49, 1232),
(49, 1233),
(49, 1247),
(49, 1248),
(49, 1251),
(49, 1252),
(49, 1254),
(49, 1255),
(49, 1256),
(49, 1259),
(49, 1261),
(49, 1267),
(49, 1268),
(49, 1269),
(49, 1271),
(49, 1272),
(49, 1276),
(49, 1286),
(49, 1289),
(49, 1290),
(49, 1295),
(49, 1296),
(49, 1297),
(49, 1298),
(49, 1299),
(49, 1300),
(49, 1301),
(49, 1302),
(49, 1303),
(49, 1304),
(49, 1305),
(49, 1306),
(49, 1307),
(49, 1309),
(49, 1310),
(49, 1311),
(49, 1312),
(49, 1314),
(49, 1315),
(49, 1316),
(49, 1317),
(49, 1318),
(49, 1319),
(49, 1320),
(49, 1321),
(49, 1322),
(49, 1323),
(49, 1324),
(49, 1325),
(49, 1328),
(49, 1329),
(49, 1330),
(49, 1337),
(49, 1338),
(49, 1343),
(49, 1344),
(49, 1346),
(49, 1347),
(49, 1348),
(49, 1349),
(49, 1350),
(49, 1351),
(49, 1352),
(49, 1353),
(49, 1354),
(49, 1355),
(49, 1356),
(49, 1357),
(49, 1358),
(49, 1359),
(49, 1360),
(49, 1361),
(49, 1362),
(49, 1363),
(49, 1364),
(49, 1365),
(49, 1366),
(49, 1367),
(49, 1368),
(49, 1370),
(49, 1371),
(49, 1372),
(49, 1373),
(49, 1374),
(49, 1375),
(49, 1376),
(49, 1377),
(49, 1378),
(49, 1379),
(49, 1381),
(49, 1382),
(49, 1383),
(49, 1384),
(49, 1385),
(49, 1386),
(49, 1388),
(49, 1389),
(49, 1390),
(49, 1391),
(49, 1392),
(49, 1393),
(49, 1395),
(49, 1396),
(49, 1397),
(49, 1398),
(49, 1399),
(49, 1400),
(49, 1401),
(49, 1402),
(49, 1403),
(49, 1404),
(49, 1405),
(49, 1406),
(49, 1407),
(49, 1408),
(49, 1409),
(49, 1410),
(49, 1411),
(49, 1412),
(49, 1413),
(49, 1414),
(49, 1415),
(49, 1416),
(49, 1417),
(49, 1418),
(49, 1419),
(49, 1420),
(49, 1421),
(49, 1422),
(49, 1423),
(49, 1424),
(49, 1425),
(49, 1426),
(49, 1427),
(49, 1428),
(49, 1429),
(49, 1430),
(49, 1431),
(49, 1432),
(49, 1433),
(49, 1434),
(49, 1435),
(49, 1436),
(49, 1437),
(49, 1438),
(49, 1439),
(49, 1440),
(49, 1441),
(49, 1442),
(49, 1443),
(49, 1444),
(49, 1445),
(49, 1446),
(49, 1447),
(49, 1448),
(49, 1449),
(49, 1450),
(49, 1451),
(49, 1452),
(49, 1453),
(49, 1454),
(49, 1455),
(49, 1456),
(49, 1457),
(49, 1458),
(49, 1459),
(49, 1460),
(49, 1461),
(49, 1462),
(49, 1463),
(49, 1464),
(49, 1465),
(49, 1466),
(49, 1467),
(49, 1468),
(49, 1469),
(49, 1470),
(49, 1474),
(49, 1476),
(49, 1477),
(49, 1478),
(49, 1479),
(49, 1480),
(49, 1481),
(49, 1482),
(49, 1483),
(49, 1484),
(49, 1485),
(49, 1486),
(49, 1487),
(49, 1488),
(49, 1489),
(49, 1490),
(49, 1491),
(49, 1492),
(49, 1493),
(49, 1494),
(49, 1495),
(49, 1496),
(49, 1497),
(49, 1499),
(49, 1500),
(49, 1502),
(49, 1503),
(49, 1504),
(49, 1505),
(49, 1506),
(49, 1507),
(49, 1508),
(49, 1509),
(49, 1510),
(49, 1512),
(49, 1513),
(49, 1514),
(49, 1515),
(49, 1516),
(49, 1518),
(49, 1519),
(49, 1520),
(49, 1521),
(49, 1522),
(49, 1523),
(49, 1524),
(49, 1525),
(49, 1526),
(49, 1527),
(49, 1528),
(49, 1529),
(49, 1530),
(49, 1531),
(49, 1532),
(49, 1533),
(49, 1534),
(49, 1535),
(49, 1536),
(49, 1537),
(49, 1538),
(49, 1539),
(49, 1540),
(49, 1541),
(49, 1542),
(49, 1543),
(49, 1544),
(49, 1545),
(49, 1546),
(49, 1547),
(49, 1548),
(49, 1549),
(49, 1550),
(49, 1551),
(49, 1552),
(49, 1553),
(49, 1554),
(49, 1555),
(49, 1556),
(49, 1557),
(49, 1558),
(49, 1559),
(49, 1560),
(49, 1561),
(49, 1562),
(49, 1563),
(49, 1564),
(49, 1565),
(49, 1566),
(49, 1567),
(49, 1568),
(49, 1569),
(49, 1570),
(49, 1571),
(49, 1573),
(49, 1574),
(49, 1575),
(49, 1576),
(49, 1577),
(49, 1578),
(49, 1579),
(49, 1580),
(49, 1581),
(49, 1582),
(49, 1584),
(49, 1585),
(49, 1586),
(49, 1587),
(49, 1588),
(49, 1589),
(49, 1590),
(49, 1591),
(49, 1592),
(49, 1593),
(49, 1594),
(49, 1595),
(49, 1596),
(49, 1597),
(49, 1598),
(49, 1599),
(49, 1600),
(49, 1601),
(49, 1602),
(49, 1603),
(49, 1604),
(49, 1605),
(49, 1606),
(49, 1607),
(49, 1608),
(49, 1609),
(49, 1610),
(49, 1611),
(49, 1612),
(49, 1613),
(49, 1614),
(49, 1615),
(49, 1616),
(49, 1617),
(49, 1618),
(49, 1619),
(49, 1620),
(49, 1621),
(49, 1622),
(49, 1623),
(49, 1624),
(49, 1625),
(49, 1626),
(49, 1627),
(49, 1628),
(49, 1629),
(49, 1630),
(49, 1631),
(49, 1632),
(49, 1633),
(49, 1634),
(49, 1635),
(49, 1636),
(49, 1637),
(49, 1638),
(49, 1639),
(49, 1641),
(49, 1642),
(49, 1643),
(49, 1644),
(49, 1645),
(49, 1646),
(49, 1647),
(49, 1648),
(49, 1649),
(49, 1650),
(49, 1651),
(49, 1652),
(49, 1654),
(49, 1655),
(49, 1656),
(49, 1658),
(49, 1659),
(49, 1660),
(49, 1661),
(49, 1662),
(49, 1663),
(49, 1664),
(49, 1665),
(49, 1666),
(49, 1667),
(49, 1668),
(49, 1669),
(49, 1670),
(49, 1671),
(49, 1672),
(49, 1673),
(49, 1674),
(49, 1675),
(49, 1676),
(50, 211),
(50, 212),
(50, 213),
(50, 217),
(50, 225),
(50, 226),
(50, 229),
(50, 284),
(50, 288),
(50, 289),
(50, 306),
(50, 307),
(50, 310),
(50, 498),
(50, 499),
(50, 503),
(50, 508),
(50, 516),
(50, 519),
(50, 524),
(50, 538),
(50, 541),
(50, 542),
(50, 581),
(50, 582),
(50, 584),
(50, 585),
(50, 586),
(50, 587),
(50, 592),
(50, 596),
(50, 599),
(50, 603),
(50, 611),
(50, 614),
(50, 615),
(50, 618),
(50, 620),
(50, 621),
(50, 624),
(50, 626),
(50, 629),
(50, 636),
(50, 644),
(50, 660),
(50, 666),
(50, 667),
(50, 668),
(50, 678),
(50, 686),
(50, 687),
(50, 688),
(50, 691),
(50, 694),
(50, 696),
(50, 699),
(50, 700),
(50, 702),
(50, 710),
(50, 711),
(50, 714),
(50, 715),
(50, 771),
(50, 772),
(50, 774),
(50, 775),
(50, 779),
(50, 781),
(50, 782),
(50, 785),
(50, 787),
(50, 789),
(50, 791),
(50, 792),
(50, 793),
(50, 794),
(50, 795),
(50, 805),
(50, 806),
(50, 807),
(50, 808),
(50, 809),
(50, 811),
(50, 812),
(50, 833),
(50, 835),
(50, 837),
(50, 839),
(50, 840),
(50, 841),
(50, 845),
(50, 851),
(50, 852),
(50, 854),
(50, 863),
(50, 864),
(50, 865),
(50, 868),
(50, 869),
(50, 870),
(50, 871),
(50, 872),
(50, 873),
(50, 874),
(50, 875),
(50, 886),
(50, 890),
(50, 892),
(50, 894),
(50, 895),
(50, 898),
(50, 899),
(50, 900),
(50, 904),
(50, 905),
(50, 908),
(50, 909),
(51, 424),
(51, 425),
(51, 433),
(51, 454),
(51, 455),
(51, 456),
(51, 468),
(51, 478),
(51, 480),
(51, 482),
(51, 483),
(51, 489),
(51, 492),
(51, 498),
(51, 499),
(51, 516),
(51, 524),
(51, 526),
(51, 527),
(51, 528),
(51, 533),
(51, 540),
(51, 541),
(51, 542),
(51, 547),
(51, 564),
(51, 569),
(51, 570),
(51, 580),
(51, 584),
(51, 592),
(51, 595),
(51, 596),
(51, 602),
(51, 604),
(51, 609),
(51, 612),
(51, 613),
(51, 614),
(51, 615),
(51, 616),
(51, 619),
(51, 622),
(51, 645),
(51, 647),
(51, 648),
(51, 649),
(51, 650),
(51, 653),
(51, 657),
(51, 658),
(51, 659),
(51, 660),
(51, 661),
(51, 662),
(51, 663),
(51, 664),
(51, 665),
(51, 667),
(51, 669),
(51, 670),
(51, 671),
(51, 672),
(51, 673),
(51, 674),
(51, 675),
(51, 676),
(51, 677),
(51, 678),
(51, 679),
(51, 680),
(51, 681),
(51, 682),
(51, 683),
(51, 684),
(51, 685),
(51, 686),
(51, 687),
(51, 688),
(51, 690),
(51, 695),
(51, 699),
(51, 700),
(51, 701),
(51, 706),
(51, 711),
(51, 712),
(51, 715),
(51, 716),
(51, 717),
(51, 718),
(51, 719),
(51, 722),
(51, 723),
(51, 725),
(51, 726),
(51, 731),
(51, 732),
(51, 735),
(51, 736),
(51, 737),
(51, 739),
(51, 740),
(51, 741),
(51, 743),
(51, 744),
(51, 745),
(51, 749),
(51, 750),
(51, 751),
(51, 753),
(51, 759),
(51, 760),
(51, 761),
(51, 763),
(51, 764),
(51, 765),
(51, 771),
(51, 772),
(51, 773),
(51, 778),
(51, 781),
(51, 784),
(51, 785),
(51, 788),
(51, 789),
(51, 790),
(51, 792),
(51, 793),
(51, 796),
(51, 798),
(51, 804),
(51, 805),
(51, 806),
(51, 809),
(51, 815),
(51, 816),
(51, 818),
(51, 819),
(51, 820),
(51, 821),
(51, 822),
(51, 823),
(51, 824),
(51, 825),
(51, 826),
(51, 827),
(51, 828),
(51, 829),
(51, 830),
(51, 831),
(51, 832),
(51, 833),
(51, 834),
(51, 836),
(51, 837),
(51, 838),
(51, 839),
(51, 840),
(51, 842),
(51, 850),
(51, 851),
(51, 852),
(51, 853),
(51, 855),
(51, 856),
(51, 858),
(51, 859),
(51, 863),
(51, 864),
(51, 868),
(51, 870),
(51, 873),
(51, 883),
(51, 890),
(51, 891),
(51, 900),
(51, 904),
(52, 932),
(52, 933),
(52, 936),
(52, 937),
(52, 940),
(52, 943),
(52, 1004),
(52, 1045),
(52, 1046),
(52, 1053),
(52, 1054),
(52, 1068),
(52, 1075),
(52, 1076),
(52, 1102),
(52, 1105),
(53, 761),
(53, 763),
(53, 764),
(53, 765),
(53, 805),
(53, 816),
(53, 837),
(53, 842),
(53, 850),
(53, 853),
(53, 855),
(53, 859),
(53, 868),
(53, 883),
(54, 686),
(54, 687),
(54, 688),
(54, 691),
(54, 694),
(54, 696),
(54, 710),
(54, 711),
(54, 714),
(54, 715),
(55, 1518),
(55, 1519),
(55, 1520),
(55, 1521),
(55, 1522),
(55, 1525),
(55, 1528),
(55, 1531),
(55, 1532),
(55, 1533),
(55, 1536),
(55, 1537),
(55, 1538),
(55, 1539),
(55, 1552),
(55, 1573),
(55, 1574),
(55, 1576),
(55, 1580),
(55, 1582),
(55, 1585),
(55, 1586),
(55, 1588),
(55, 1592),
(56, 1272),
(56, 1276),
(56, 1295),
(56, 1296),
(56, 1298),
(56, 1299),
(56, 1300),
(56, 1301),
(56, 1310),
(56, 1311),
(56, 1315),
(56, 1317),
(56, 1321),
(56, 1329),
(56, 1343),
(56, 1344),
(56, 1350),
(56, 1352),
(56, 1353),
(56, 1354),
(56, 1357),
(56, 1358),
(56, 1365),
(56, 1382),
(56, 1383),
(56, 1384),
(56, 1389),
(56, 1390),
(56, 1391),
(56, 1395),
(56, 1396),
(56, 1403),
(56, 1404),
(56, 1411),
(56, 1417),
(56, 1418),
(56, 1419),
(56, 1420),
(56, 1423),
(56, 1424),
(56, 1430),
(56, 1432),
(56, 1435),
(56, 1438),
(56, 1439),
(56, 1440),
(56, 1441),
(56, 1446),
(56, 1447),
(56, 1451),
(56, 1452),
(56, 1459),
(56, 1460),
(56, 1461),
(56, 1462),
(56, 1463),
(56, 1464),
(56, 1465),
(56, 1466),
(56, 1467),
(56, 1468),
(56, 1469),
(56, 1470),
(56, 1474),
(56, 1476),
(56, 1477),
(56, 1478),
(56, 1479),
(56, 1480),
(56, 1481),
(56, 1482),
(56, 1483),
(56, 1484),
(56, 1485),
(56, 1486),
(56, 1487),
(56, 1488),
(56, 1489),
(56, 1490),
(56, 1491),
(56, 1492),
(56, 1493),
(56, 1494),
(56, 1495),
(56, 1496),
(56, 1497),
(56, 1499),
(56, 1500),
(56, 1531),
(56, 1536),
(56, 1538),
(56, 1552),
(56, 1554),
(56, 1555),
(56, 1558),
(56, 1559),
(56, 1564),
(56, 1573),
(56, 1575),
(56, 1576),
(56, 1578),
(56, 1579),
(56, 1581),
(56, 1584),
(56, 1585),
(56, 1587),
(56, 1588),
(56, 1589),
(56, 1590),
(56, 1591),
(57, 1380),
(57, 1394),
(57, 1398),
(57, 1399),
(57, 1402),
(57, 1406),
(57, 1407),
(57, 1408),
(57, 1409),
(57, 1410),
(57, 1412),
(57, 1413),
(57, 1414),
(57, 1415),
(57, 1416),
(57, 1421),
(57, 1422),
(57, 1427),
(57, 1428),
(57, 1429),
(57, 1433),
(57, 1434),
(57, 1442),
(57, 1443),
(57, 1444),
(57, 1445),
(57, 1449),
(57, 1450),
(57, 1452),
(57, 1453),
(57, 1454),
(57, 1455),
(57, 1456),
(57, 1458),
(58, 1300),
(58, 1301),
(58, 1302),
(58, 1303),
(58, 1304),
(58, 1306),
(58, 1307),
(58, 1311),
(58, 1312),
(58, 1316),
(58, 1317),
(58, 1318),
(58, 1319),
(58, 1321),
(58, 1325),
(58, 1329),
(58, 1363),
(58, 1364),
(58, 1366),
(58, 1370),
(58, 1371),
(58, 1374),
(58, 1375),
(58, 1377),
(58, 1378),
(58, 1379),
(58, 1382),
(58, 1383),
(58, 1384),
(58, 1385),
(58, 1386),
(58, 1390),
(58, 1391),
(58, 1395),
(58, 1420),
(58, 1421),
(58, 1424),
(58, 1425),
(58, 1426),
(58, 1427),
(58, 1430),
(58, 1431),
(58, 1436),
(58, 1437),
(58, 1441),
(58, 1442),
(58, 1448),
(58, 1449),
(58, 1459),
(58, 1460),
(58, 1461),
(58, 1463),
(58, 1464),
(58, 1465),
(59, 581),
(59, 582),
(59, 584),
(59, 585),
(59, 586),
(59, 587),
(59, 592),
(59, 596),
(59, 599),
(59, 603),
(59, 615),
(60, 498),
(60, 499),
(60, 503),
(60, 508),
(60, 524);

-- --------------------------------------------------------

--
-- Table structure for table `island`
--

CREATE TABLE IF NOT EXISTS `island` (
  `id` int(3) unsigned NOT NULL AUTO_INCREMENT,
  `name` varchar(50) NOT NULL,
  `picturePath` varchar(30) NOT NULL,
  `picturePathAlt` varchar(30) NOT NULL,
  `id_category` int(3) unsigned NOT NULL,
  PRIMARY KEY (`id`),
  KEY `name` (`name`),
  KEY `id_category` (`id_category`)
) ENGINE=MyISAM  DEFAULT CHARSET=utf8 AUTO_INCREMENT=75 ;

--
-- Dumping data for table `island`
--

INSERT INTO `island` (`id`, `name`, `picturePath`, `picturePathAlt`, `id_category`) VALUES
(6, 'Bären-Inseln', 'geo/island_6.png', '', 14),
(7, 'Yeti-Land', 'geo/island_7.png', '', 18),
(8, 'Dirad', 'geo/island_8.png', '', 14),
(9, 'Adrak', 'geo/island_9.png', '', 14),
(10, 'Karkis', 'geo/island_10.png', '', 15),
(11, 'Inirk', 'geo/island_11.png', '', 15),
(12, 'Sorkten', 'geo/island_12.png', '', 17),
(13, 'Gandar', 'geo/island_13.png', '', 15),
(14, 'Sigorast', 'geo/island_14.png', '', 17),
(15, 'Narken', 'geo/island_15.png', '', 16),
(16, 'Serreka', 'geo/island_16.png', '', 17),
(17, 'Aso', 'geo/island_17.png', '', 14),
(18, 'Berik', 'geo/island_18.png', '', 14),
(19, 'Metak', 'geo/island_19.png', '', 16),
(20, 'Dibrek', 'geo/island_20.png', '', 14),
(21, 'Skerdu', 'geo/island_21.png', '', 17),
(22, 'Orkin', 'geo/island_22.png', '', 16),
(23, 'Lassir', 'geo/island_23.png', '', 16),
(24, 'Gevri', 'geo/island_24.png', '', 15),
(25, 'Manrek', 'geo/island_25.png', '', 16),
(26, 'Hjalland', 'geo/island_26.png', '', 15),
(27, 'Runin', 'geo/island_27.png', '', 17),
(28, 'Rulat', 'geo/island_28.png', '', 17),
(29, 'Tisal', 'geo/island_29.png', '', 17),
(30, 'Maraskan', 'geo/island_30.png', '', 16),
(31, 'Buli', 'geo/island_31.png', '', 14),
(32, 'Saijana', 'geo/island_32.png', '', 17),
(33, 'Andalkan', 'geo/island_33.png', '', 14),
(34, 'Jandraskan', 'geo/island_34.png', '', 15),
(35, 'Etlaskan', 'geo/island_35.png', '', 14),
(36, 'Jilaskan', 'geo/island_36.png', '', 15),
(37, 'Hexeninsel', 'geo/island_37.png', '', 15),
(38, 'Paîlos', 'geo/island_38.png', '', 17),
(39, 'Phenos', 'geo/island_39.png', '', 17),
(40, 'Putras', 'geo/island_40.png', '', 17),
(41, 'Kutaki', 'geo/island_41.png', '', 16),
(42, 'Baltrea', 'geo/island_42.png', '', 14),
(43, 'Mylamas', 'geo/island_43.png', '', 16),
(44, 'Hylaîlos', 'geo/island_44.png', '', 15),
(45, 'Arkis', 'geo/island_45.png', '', 14),
(46, 'Tenos', 'geo/island_46.png', '', 17),
(47, 'Hylpia', 'geo/island_47.png', '', 15),
(48, 'Dubar', 'geo/island_48.png', '', 14),
(49, 'Phrygaîos', 'geo/island_49.png', '', 17),
(50, 'Altoum', 'geo/island_50.png', '', 14),
(51, 'Souram', 'geo/island_51.png', '', 17),
(52, 'Nikkali', 'geo/island_52.png', '', 16),
(53, 'Token', 'geo/island_53.png', '', 17),
(54, 'Sokkina', 'geo/island_54.png', '', 17),
(55, 'Iltoken', 'geo/island_55.png', '', 15),
(56, 'Javalasi', 'geo/island_56.png', '', 15),
(57, 'Aeltikan', 'geo/island_57.png', '', 14),
(58, 'Mikkan', 'geo/island_58.png', '', 16),
(59, 'Benbukkula', 'geo/island_59.png', '', 14),
(60, 'Ibekla', 'geo/island_60.png', '', 15),
(61, 'Ulikkani', 'geo/island_61.png', '', 18),
(62, 'Ilvat', 'geo/island_62.png', '', 15),
(63, 'Numesi', 'geo/island_63.png', '', 16),
(64, 'Unaiekk', 'geo/island_64.png', '', 18),
(65, 'Sorak', 'geo/island_65.png', '', 17),
(66, 'Kossike', 'geo/island_66.png', '', 16),
(67, 'Bilku', 'geo/island_67.png', '', 14),
(68, 'Pekladi', 'geo/island_68.png', '', 17),
(69, 'Sukkuvelani', 'geo/island_69.png', '', 17),
(70, 'Ibonka', 'geo/island_70.png', '', 15),
(71, 'Nuvak', 'geo/island_71.png', '', 16),
(72, 'Aeniko', 'geo/island_72.png', '', 14),
(73, 'Andikan', 'geo/island_73.png', '', 14),
(74, 'Setokan', 'geo/island_74.png', '', 17);

-- --------------------------------------------------------

--
-- Table structure for table `island_color`
--

CREATE TABLE IF NOT EXISTS `island_color` (
  `id_island` int(3) unsigned NOT NULL,
  `id_color` int(3) unsigned NOT NULL,
  KEY `id_island` (`id_island`),
  KEY `id_color` (`id_color`)
) ENGINE=MyISAM DEFAULT CHARSET=utf8;

--
-- Dumping data for table `island_color`
--

INSERT INTO `island_color` (`id_island`, `id_color`) VALUES
(6, 10),
(6, 11),
(7, 2),
(7, 3),
(7, 8),
(8, 82),
(8, 86),
(8, 94),
(8, 97),
(8, 101),
(8, 105),
(9, 97),
(9, 98),
(9, 99),
(9, 101),
(9, 105),
(9, 108),
(9, 113),
(9, 114),
(10, 112),
(10, 113),
(10, 114),
(10, 115),
(10, 116),
(10, 125),
(10, 126),
(10, 128),
(11, 125),
(11, 126),
(11, 127),
(11, 128),
(11, 129),
(11, 133),
(11, 136),
(11, 137),
(11, 139),
(12, 135),
(12, 136),
(12, 137),
(12, 138),
(12, 139),
(12, 140),
(13, 156),
(13, 157),
(13, 159),
(13, 160),
(13, 165),
(13, 169),
(13, 185),
(14, 155),
(14, 158),
(14, 160),
(14, 165),
(14, 169),
(14, 171),
(15, 166),
(15, 170),
(15, 175),
(15, 176),
(16, 185),
(16, 187),
(16, 188),
(16, 195),
(17, 189),
(17, 193),
(17, 195),
(18, 186),
(18, 190),
(18, 194),
(19, 267),
(19, 269),
(20, 265),
(20, 266),
(21, 338),
(21, 342),
(22, 444),
(22, 451),
(23, 484),
(23, 485),
(23, 520),
(23, 521),
(24, 520),
(24, 521),
(24, 522),
(24, 523),
(25, 543),
(25, 544),
(26, 689),
(26, 692),
(26, 693),
(27, 746),
(27, 747),
(27, 752),
(27, 754),
(28, 843),
(28, 844),
(28, 848),
(29, 878),
(29, 879),
(29, 884),
(30, 993),
(30, 994),
(30, 995),
(30, 1003),
(30, 1028),
(30, 1029),
(30, 1030),
(30, 1031),
(30, 1032),
(30, 1034),
(30, 1035),
(30, 1118),
(30, 1161),
(30, 1162),
(30, 1164),
(30, 1166),
(30, 1175),
(30, 1176),
(30, 1177),
(30, 1180),
(30, 1213),
(30, 1216),
(30, 1227),
(30, 1228),
(30, 1230),
(30, 1232),
(30, 1233),
(30, 1248),
(30, 1322),
(30, 1324),
(30, 1337),
(30, 1338),
(31, 1247),
(31, 1248),
(31, 1251),
(31, 1252),
(31, 1254),
(31, 1255),
(32, 1254),
(32, 1255),
(32, 1256),
(32, 1259),
(32, 1261),
(32, 1268),
(33, 1267),
(33, 1268),
(33, 1269),
(33, 1271),
(34, 1305),
(34, 1309),
(34, 1314),
(34, 1320),
(35, 1323),
(35, 1328),
(35, 1330),
(36, 1351),
(36, 1355),
(36, 1356),
(37, 1466),
(37, 1467),
(37, 1469),
(38, 1211),
(38, 1212),
(38, 1214),
(38, 1226),
(39, 1199),
(39, 1202),
(39, 1210),
(39, 1212),
(40, 1206),
(40, 1209),
(40, 1210),
(41, 1217),
(41, 1219),
(42, 1229),
(42, 1231),
(42, 1235),
(43, 1223),
(43, 1224),
(43, 1235),
(44, 1238),
(44, 1239),
(44, 1241),
(44, 1242),
(45, 1243),
(45, 1245),
(46, 1258),
(46, 1260),
(47, 1253),
(47, 1257),
(47, 1283),
(48, 1279),
(48, 1282),
(48, 1283),
(49, 1275),
(49, 1278),
(50, 1526),
(50, 1529),
(50, 1534),
(50, 1535),
(50, 1540),
(50, 1541),
(50, 1545),
(50, 1546),
(50, 1547),
(50, 1548),
(50, 1551),
(50, 1553),
(50, 1560),
(50, 1562),
(50, 1565),
(50, 1577),
(51, 1508),
(51, 1510),
(51, 1514),
(51, 1535),
(52, 1603),
(52, 1606),
(52, 1608),
(52, 1610),
(53, 1616),
(53, 1617),
(53, 1618),
(53, 1620),
(54, 1628),
(54, 1630),
(54, 1633),
(54, 1637),
(55, 1647),
(55, 1648),
(55, 1649),
(55, 1650),
(55, 1654),
(55, 1655),
(55, 1656),
(55, 1660),
(56, 1662),
(56, 1663),
(56, 1664),
(56, 1665),
(56, 1666),
(56, 1667),
(56, 1670),
(57, 1639),
(57, 1641),
(57, 1642),
(57, 1651),
(57, 1663),
(57, 1664),
(58, 1643),
(58, 1644),
(58, 1645),
(58, 1652),
(59, 1658),
(59, 1659),
(59, 1661),
(59, 1671),
(59, 1673),
(59, 1675),
(59, 1676),
(60, 1668),
(60, 1669),
(60, 1672),
(60, 1673),
(60, 1674),
(60, 1675),
(60, 1676),
(61, 1634),
(61, 1636),
(61, 1638),
(61, 1646),
(62, 1624),
(62, 1625),
(62, 1626),
(62, 1631),
(63, 1627),
(63, 1629),
(63, 1631),
(63, 1632),
(63, 1635),
(64, 1619),
(64, 1621),
(64, 1622),
(64, 1623),
(65, 1611),
(65, 1612),
(65, 1613),
(65, 1614),
(65, 1615),
(66, 1597),
(66, 1598),
(66, 1600),
(66, 1601),
(66, 1604),
(66, 1611),
(67, 1599),
(67, 1601),
(67, 1602),
(67, 1604),
(67, 1605),
(67, 1607),
(67, 1609),
(68, 1593),
(68, 1594),
(68, 1595),
(68, 1596),
(68, 1605),
(69, 1566),
(69, 1567),
(69, 1568),
(69, 1569),
(69, 1570),
(69, 1571),
(70, 1556),
(70, 1557),
(70, 1561),
(70, 1563),
(70, 1567),
(70, 1568),
(71, 1542),
(71, 1543),
(71, 1544),
(71, 1549),
(71, 1550),
(72, 1523),
(72, 1524),
(72, 1527),
(72, 1530),
(72, 1542),
(72, 1543),
(73, 1505),
(73, 1506),
(73, 1509),
(73, 1512),
(73, 1513),
(73, 1515),
(74, 1502),
(74, 1503),
(74, 1504),
(74, 1506),
(74, 1507),
(74, 1515),
(74, 1516);

-- --------------------------------------------------------

--
-- Table structure for table `island_content`
--

CREATE TABLE IF NOT EXISTS `island_content` (
  `id` int(11) NOT NULL AUTO_INCREMENT,
  `id_island` int(11) NOT NULL,
  `title` varchar(50) NOT NULL,
  `content` varchar(500) NOT NULL,
  `time` int(11) DEFAULT NULL,
  `overwrite` int(1) NOT NULL DEFAULT '1' COMMENT '1: nur akuteller eintrag',
  PRIMARY KEY (`id`),
  KEY `id_island` (`id_island`)
) ENGINE=MyISAM  DEFAULT CHARSET=utf8 AUTO_INCREMENT=7 ;

--
-- Dumping data for table `island_content`
--

INSERT INTO `island_content` (`id`, `id_island`, `title`, `content`, `time`, `overwrite`) VALUES
(1, 6, 'Hauptname', 'Bären-Inseln', NULL, 1),
(2, 6, 'Beschrieb', 'Die Bäreninseln sind eine Inselgruppe in Ifirns Ozean. Es gibt auf den Inseln zahlreiche Firuns- und Höhlenbären.', NULL, 1),
(3, 7, 'Hauptname', 'Yeti-Land', NULL, 1),
(4, 7, 'Beschrieb', 'Die Insel im ewigen Eis ist die Heimat der Yetis und einiger firnelfischer Sippen.', NULL, 1),
(5, 8, 'Hauptname', 'Dirad', NULL, 1),
(6, 8, 'Beschrieb', 'Die Bewohner dieser Insel setzen sich aus Piraten und friedlosen Thorwalern zusammen, aber die strengen Winter machen eine dauerhafte Besiedlung unmöglich. ', NULL, 1);

-- --------------------------------------------------------

--
-- Table structure for table `landscape`
--

CREATE TABLE IF NOT EXISTS `landscape` (
  `id` int(3) unsigned NOT NULL AUTO_INCREMENT,
  `name` varchar(50) DEFAULT NULL,
  PRIMARY KEY (`id`)
) ENGINE=MyISAM  DEFAULT CHARSET=utf8 AUTO_INCREMENT=28 ;

--
-- Dumping data for table `landscape`
--

INSERT INTO `landscape` (`id`, `name`) VALUES
(1, 'Ewiges Eis'),
(2, 'Nördliche Tundra'),
(3, 'Nördliche Grasländer und Steppen'),
(4, 'Nördliches Hochland'),
(5, 'Kalkgebirge'),
(6, 'Andere mittelländische Gebirge'),
(7, 'Nördliche Wälder (Westküste)'),
(8, 'Nördliche Wälder (Taiga)'),
(9, 'Nördliche Wälder (Bornland)'),
(10, 'Nördliche Sümpfe, Marschen und Moore'),
(11, 'Mittelländische Grasländer, Heide und Steppe'),
(12, 'Mittelländische Wälder (gemässigtes Klima)'),
(13, 'Mittelländische Wälder (Yaquirisches Klima)'),
(14, 'Mittelländische Wälder (Tobrisches Klima)'),
(15, 'Immergrüne Wälder (Südosten)'),
(16, 'Südländische Grasländer und Steppen'),
(17, 'Wüstenrandgeiete'),
(18, 'Wüste'),
(19, 'Südländische Gebirge'),
(20, 'Maraskan'),
(21, 'Südliche Sümpfe'),
(22, 'Regenwald'),
(23, 'Südliche Regengebirge'),
(24, 'Ifirns Ozean'),
(25, 'Meer der Sieben Winde'),
(26, 'Südmeer (Feuermeer)'),
(27, 'Perlenmeer');

-- --------------------------------------------------------

--
-- Table structure for table `mode`
--

CREATE TABLE IF NOT EXISTS `mode` (
  `id` int(3) unsigned NOT NULL AUTO_INCREMENT,
  `name` varchar(20) NOT NULL,
  `sequence` int(3) NOT NULL,
  `lvl` int(3) NOT NULL,
  `parentId` int(3) unsigned NOT NULL,
  `iconPath` varchar(30) NOT NULL,
  `mapPath` varchar(30) NOT NULL,
  `tableName` varchar(20) NOT NULL,
  `category` tinyint(1) NOT NULL COMMENT 'entries of mode are divided in categories (implies table_name.id_category)',
  `sepMode` tinyint(1) NOT NULL COMMENT 'mode entries are contained in global table_name',
  `freeMode` tinyint(1) NOT NULL COMMENT 'mode is free_mode and contains no entries',
  `hierarchy` tinyint(1) NOT NULL COMMENT 'hierarchy in mode entries (implies table_name.hierarchy)',
  `display` tinyint(1) NOT NULL DEFAULT '0' COMMENT 'mode contains entries that should not be displaied in menu (implies table_name.display)',
  `active` tinyint(1) NOT NULL DEFAULT '0' COMMENT 'activate mode',
  `highlight` tinyint(1) NOT NULL DEFAULT '0' COMMENT 'mode contains entries where the img may be highlighted (implies table_name.picture_path_sel)',
  PRIMARY KEY (`id`),
  KEY `sequence` (`sequence`,`parentId`),
  KEY `category` (`category`,`freeMode`),
  KEY `lvl` (`lvl`),
  KEY `sep_mode` (`sepMode`),
  KEY `hierarchy` (`hierarchy`),
  KEY `display` (`display`),
  KEY `select` (`highlight`)
) ENGINE=MyISAM  DEFAULT CHARSET=utf8 AUTO_INCREMENT=29 ;

--
-- Dumping data for table `mode`
--

INSERT INTO `mode` (`id`, `name`, `sequence`, `lvl`, `parentId`, `iconPath`, `mapPath`, `tableName`, `category`, `sepMode`, `freeMode`, `hierarchy`, `display`, `active`, `highlight`) VALUES
(1, 'Geographie', 1, 1, 0, 'icon/geo.png', 'mapping/mapping.png ', '', 0, 0, 0, 0, 0, 1, 0),
(2, 'Bevölkerung', 2, 1, 0, 'icon/bev.png', 'mapping/mapping.png ', '', 0, 0, 0, 0, 0, 1, 0),
(3, 'Natur', 3, 1, 0, 'icon/nat.png', 'mapping/nat.png', '', 0, 0, 0, 0, 0, 0, 0),
(4, 'Städte', 4, 2, 1, 'icon/city.png', '', 'city', 1, 0, 0, 0, 0, 1, 0),
(5, 'Gewässer', 1, 2, 1, 'icon/water.png', '', 'water', 1, 0, 0, 1, 0, 1, 1),
(6, 'Gebirge', 0, 2, 1, 'icon/mountain.png', '', 'mountain', 1, 0, 0, 0, 0, 1, 0),
(7, 'Inseln', 2, 2, 1, 'icon/island.png', '', 'island', 1, 0, 0, 0, 0, 1, 0),
(8, 'Regionen', 3, 2, 1, 'icon/region.png', '', 'region', 1, 0, 0, 0, 0, 1, 0),
(9, 'Kulturen', 0, 2, 2, 'icon/culture.png', '', '', 0, 0, 0, 0, 0, 1, 0),
(10, 'Rassen', 1, 2, 2, 'icon/race.png', '', '', 0, 0, 0, 0, 0, 1, 0),
(11, 'Tiere', 2, 2, 3, 'icon/animal.png', '', 'animal', 0, 0, 0, 0, 0, 0, 0),
(12, 'Pflanzen', 1, 2, 3, 'icon/plant.png', '', 'plant', 0, 0, 0, 0, 0, 0, 0),
(13, 'Übersicht', 0, 1, 0, 'icon/overall.png', 'mapping/mapping.png', '', 0, 0, 1, 0, 0, 1, 0),
(14, 'Übersicht', 0, 2, 2, 'icon/overall.png', '', '', 0, 0, 1, 0, 0, 0, 0),
(15, 'Übersicht', 0, 2, 3, 'icon/overall.png', '', '', 0, 0, 1, 0, 0, 0, 0),
(16, 'Menschen', 0, 3, 9, 'icon/human.png', '', 'culture', 0, 1, 0, 0, 1, 1, 1),
(17, 'Elfen', 2, 3, 9, 'icon/elf.png', '', 'culture', 0, 1, 0, 0, 1, 1, 1),
(18, 'Zwerge', 1, 3, 9, 'icon/dwarf.png', '', 'culture', 0, 1, 0, 0, 1, 1, 1),
(19, 'Orks', 3, 3, 9, 'icon/ork.png', '', 'culture', 0, 1, 0, 0, 1, 1, 1),
(20, 'Goblins', 4, 3, 9, 'icon/goblin.png', '', 'culture', 0, 1, 0, 0, 1, 1, 1),
(21, 'Achaz', 5, 3, 9, 'icon/achaz.png', '', 'culture', 0, 1, 0, 0, 1, 1, 1),
(22, 'Menschen', 0, 3, 10, 'icon/human.png', '', 'race', 0, 1, 0, 0, 0, 1, 1),
(23, 'Elfen', 2, 3, 10, 'icon/elf.png', '', 'race', 0, 1, 0, 0, 0, 1, 1),
(24, 'Zwerge', 1, 3, 10, 'icon/dwarf.png', '', 'race', 0, 1, 0, 0, 0, 1, 1),
(25, 'Orks', 3, 3, 10, 'icon/ork.png', '', 'race', 0, 1, 0, 0, 0, 1, 1),
(26, 'Goblins', 4, 3, 10, 'icon/goblin.png', '', 'race', 0, 1, 0, 0, 0, 1, 1),
(27, 'Achaz', 5, 3, 10, 'icon/achaz.png', '', 'race', 0, 1, 0, 0, 0, 1, 1);

-- --------------------------------------------------------

--
-- Table structure for table `mode_category`
--

CREATE TABLE IF NOT EXISTS `mode_category` (
  `id_mode` int(3) unsigned NOT NULL,
  `id_category` int(3) unsigned NOT NULL,
  KEY `id_mode` (`id_mode`,`id_category`)
) ENGINE=MyISAM DEFAULT CHARSET=utf8;

--
-- Dumping data for table `mode_category`
--

INSERT INTO `mode_category` (`id_mode`, `id_category`) VALUES
(4, 14),
(4, 15),
(4, 16),
(4, 17),
(4, 18),
(5, 7),
(5, 8),
(6, 14),
(6, 15),
(6, 16),
(6, 17),
(6, 18),
(7, 14),
(7, 15),
(7, 16),
(7, 17),
(7, 18),
(8, 9),
(8, 10),
(8, 11),
(8, 13);

-- --------------------------------------------------------

--
-- Table structure for table `mountain`
--

CREATE TABLE IF NOT EXISTS `mountain` (
  `id` int(3) unsigned NOT NULL AUTO_INCREMENT,
  `name` varchar(50) NOT NULL,
  `picturePath` varchar(30) NOT NULL,
  `picturePathAlt` varchar(30) NOT NULL,
  `id_category` int(3) unsigned NOT NULL,
  PRIMARY KEY (`id`),
  KEY `name` (`name`),
  KEY `id_category` (`id_category`)
) ENGINE=MyISAM  DEFAULT CHARSET=utf8 AUTO_INCREMENT=45 ;

--
-- Dumping data for table `mountain`
--

INSERT INTO `mountain` (`id`, `name`, `picturePath`, `picturePathAlt`, `id_category`) VALUES
(1, 'Firnklippen', 'geo/mountain_1.png', '', 15),
(2, 'Nebelzinnen', 'geo/mountain_2.png', '', 16),
(3, 'Eiszinnen', 'geo/mountain_3.png', '', 14),
(4, 'Das eherne Schwert', 'geo/mountain_4.png', '', 14),
(5, 'Nordwalser Höhen', 'geo/mountain_5.png', '', 16),
(6, 'Gelbe Sichel', 'geo/mountain_6.png', '', 15),
(7, 'Salamandersteine', 'geo/mountain_7.png', '', 17),
(8, 'Rote Sichel', 'geo/mountain_8.png', '', 17),
(9, 'Wal-Berge', 'geo/mountain_9.png', '', 18),
(10, 'Widderhörner', 'geo/mountain_10.png', '', 18),
(11, 'Drachensteine', 'geo/mountain_11.png', '', 14),
(12, 'Schwarze Sichel', 'geo/mountain_12.png', '', 17),
(13, 'Finsterkamm', 'geo/mountain_13.png', '', 15),
(14, 'Thasch', 'geo/mountain_14.png', '', 17),
(15, 'Rorwhed', 'geo/mountain_15.png', '', 17),
(16, 'Blutzinnen', 'geo/mountain_16.png', '', 14),
(17, 'Ogerzähne', 'geo/mountain_17.png', '', 16),
(18, 'Firunswall', 'geo/mountain_18.png', '', 15),
(19, 'Nördlicher Steineichenwald', 'geo/mountain_19.png', '', 16),
(20, 'Steineichenwald', 'geo/mountain_20.png', '', 17),
(21, 'Grosse Olochtan', 'geo/mountain_21.png', '', 15),
(22, 'Graue Berge', 'geo/mountain_22.png', '', 15),
(23, 'Hjaldorberge', 'geo/mountain_23.png', '', 15),
(24, 'Trollzacken', 'geo/mountain_24.png', '', 17),
(25, 'Berge von Beilunk', 'geo/mountain_25.png', '', 14),
(26, 'Koschberge', 'geo/mountain_26.png', '', 16),
(27, 'Amboss', 'geo/mountain_27.png', '', 14),
(28, 'Eisenwald', 'geo/mountain_28.png', '', 14),
(29, 'Windhagberge', 'geo/mountain_29.png', '', 18),
(30, 'Raschtulswall', 'geo/mountain_30.png', '', 17),
(31, 'Goldfelsen', 'geo/mountain_31.png', '', 15),
(32, 'Eternen', 'geo/mountain_32.png', '', 14),
(33, 'Hohe Eternen', 'geo/mountain_33.png', '', 15),
(34, 'Regengebirge', 'geo/mountain_34.png', '', 17),
(35, 'Altimont', 'geo/mountain_35.png', '', 14),
(36, 'Khoram-Gebirge', 'geo/mountain_36.png', '', 16),
(37, 'Unau-Berge', 'geo/mountain_37.png', '', 18),
(38, 'Thalus-Massiv', 'geo/mountain_38.png', '', 17),
(39, 'Stierbuckel', 'geo/mountain_39.png', '', 17),
(40, 'Aschubim', 'geo/mountain_40.png', '', 14),
(41, 'Awalkim', 'geo/mountain_41.png', '', 14),
(42, 'Wal-el-Khomchra', 'geo/mountain_42.png', '', 18),
(43, 'Maraskan-Kette', 'geo/mountain_43.png', '', 16),
(44, 'Amdeggynmassiv', 'geo/mountain_44.png', '', 14);

-- --------------------------------------------------------

--
-- Table structure for table `mountain_color`
--

CREATE TABLE IF NOT EXISTS `mountain_color` (
  `id_mountain` int(3) unsigned NOT NULL,
  `id_color` int(3) unsigned NOT NULL,
  KEY `id_mountain` (`id_mountain`),
  KEY `id_color` (`id_color`)
) ENGINE=MyISAM DEFAULT CHARSET=utf8;

--
-- Dumping data for table `mountain_color`
--

INSERT INTO `mountain_color` (`id_mountain`, `id_color`) VALUES
(1, 22),
(1, 23),
(1, 29),
(1, 43),
(2, 27),
(2, 28),
(2, 33),
(2, 38),
(2, 44),
(2, 58),
(2, 81),
(2, 95),
(3, 54),
(3, 57),
(3, 76),
(4, 16),
(4, 17),
(4, 51),
(4, 52),
(4, 53),
(4, 124),
(4, 180),
(4, 181),
(4, 182),
(4, 214),
(4, 218),
(4, 224),
(4, 230),
(4, 327),
(4, 336),
(4, 337),
(4, 341),
(4, 353),
(4, 354),
(4, 357),
(4, 375),
(4, 381),
(4, 386),
(4, 389),
(4, 394),
(4, 408),
(4, 530),
(4, 560),
(5, 197),
(5, 198),
(5, 199),
(5, 200),
(5, 201),
(5, 202),
(5, 206),
(5, 207),
(5, 208),
(5, 209),
(5, 231),
(5, 239),
(5, 250),
(6, 196),
(6, 197),
(6, 198),
(6, 203),
(6, 204),
(6, 205),
(6, 206),
(6, 207),
(6, 239),
(6, 242),
(6, 249),
(6, 252),
(6, 253),
(6, 254),
(6, 255),
(6, 256),
(6, 257),
(6, 263),
(6, 283),
(7, 344),
(7, 345),
(7, 347),
(7, 350),
(7, 363),
(7, 398),
(7, 424),
(7, 454),
(7, 478),
(8, 390),
(8, 391),
(8, 393),
(8, 396),
(8, 400),
(8, 401),
(8, 405),
(8, 406),
(8, 412),
(8, 418),
(8, 419),
(8, 433),
(8, 434),
(8, 435),
(8, 436),
(8, 447),
(8, 456),
(8, 489),
(8, 490),
(8, 528),
(8, 602),
(8, 605),
(9, 353),
(9, 354),
(9, 357),
(9, 374),
(9, 375),
(9, 379),
(9, 381),
(9, 386),
(9, 389),
(9, 394),
(9, 407),
(9, 408),
(9, 413),
(9, 414),
(9, 421),
(9, 422),
(9, 427),
(9, 428),
(9, 450),
(9, 452),
(9, 472),
(9, 473),
(10, 472),
(10, 473),
(10, 481),
(10, 487),
(11, 569),
(11, 580),
(11, 645),
(11, 647),
(11, 658),
(11, 659),
(11, 660),
(11, 664),
(11, 665),
(11, 666),
(11, 667),
(12, 657),
(12, 658),
(12, 659),
(12, 664),
(12, 665),
(12, 672),
(12, 677),
(12, 706),
(12, 749),
(12, 763),
(12, 764),
(12, 765),
(13, 612),
(13, 613),
(13, 622),
(13, 718),
(13, 719),
(13, 732),
(13, 740),
(13, 741),
(13, 744),
(13, 760),
(13, 778),
(14, 630),
(14, 631),
(14, 632),
(14, 633),
(14, 634),
(14, 635),
(14, 637),
(14, 643),
(14, 654),
(14, 662),
(14, 663),
(14, 670),
(14, 671),
(14, 675),
(14, 676),
(14, 684),
(14, 690),
(14, 695),
(14, 701),
(14, 718),
(14, 719),
(14, 732),
(14, 740),
(15, 415),
(15, 416),
(15, 417),
(15, 431),
(15, 432),
(15, 440),
(16, 495),
(16, 501),
(16, 505),
(16, 506),
(16, 509),
(16, 510),
(16, 535),
(16, 539),
(16, 545),
(16, 556),
(16, 563),
(16, 617),
(17, 423),
(17, 470),
(17, 495),
(17, 535),
(18, 262),
(18, 264),
(18, 268),
(18, 276),
(18, 296),
(18, 311),
(18, 312),
(18, 314),
(18, 315),
(18, 320),
(18, 403),
(18, 430),
(18, 462),
(18, 463),
(18, 464),
(18, 475),
(19, 562),
(19, 607),
(19, 639),
(19, 640),
(19, 642),
(19, 648),
(19, 649),
(19, 650),
(19, 653),
(19, 654),
(19, 661),
(19, 662),
(19, 669),
(19, 670),
(19, 673),
(19, 674),
(19, 675),
(19, 679),
(19, 680),
(19, 682),
(20, 638),
(20, 641),
(20, 652),
(20, 656),
(20, 697),
(20, 698),
(20, 720),
(20, 721),
(20, 722),
(20, 728),
(20, 730),
(20, 731),
(20, 734),
(20, 735),
(20, 736),
(20, 737),
(20, 748),
(21, 318),
(21, 324),
(21, 330),
(21, 346),
(21, 355),
(21, 358),
(21, 360),
(21, 365),
(21, 429),
(21, 438),
(21, 439),
(21, 445),
(21, 453),
(21, 460),
(21, 504),
(21, 529),
(21, 531),
(21, 536),
(21, 558),
(22, 392),
(22, 397),
(23, 572),
(23, 573),
(23, 574),
(23, 578),
(23, 589),
(23, 601),
(24, 842),
(24, 846),
(24, 847),
(24, 925),
(24, 942),
(25, 891),
(25, 896),
(25, 935),
(25, 939),
(26, 821),
(26, 822),
(26, 825),
(26, 826),
(26, 827),
(26, 828),
(26, 829),
(26, 830),
(26, 831),
(26, 832),
(26, 834),
(26, 836),
(26, 864),
(26, 870),
(26, 874),
(26, 886),
(26, 887),
(26, 888),
(26, 889),
(26, 893),
(26, 983),
(26, 984),
(26, 985),
(26, 986),
(27, 981),
(27, 1001),
(27, 1007),
(28, 996),
(28, 1000),
(28, 1019),
(28, 1022),
(28, 1023),
(28, 1024),
(28, 1025),
(28, 1026),
(28, 1027),
(28, 1059),
(28, 1060),
(28, 1061),
(28, 1062),
(29, 975),
(29, 1037),
(29, 1043),
(30, 932),
(30, 933),
(30, 936),
(30, 937),
(30, 940),
(30, 943),
(30, 1004),
(30, 1045),
(30, 1046),
(30, 1053),
(30, 1054),
(30, 1068),
(30, 1075),
(30, 1076),
(30, 1102),
(30, 1105),
(31, 1082),
(31, 1083),
(31, 1085),
(31, 1087),
(31, 1088),
(31, 1092),
(31, 1095),
(31, 1096),
(31, 1099),
(32, 1273),
(32, 1277),
(32, 1284),
(32, 1287),
(32, 1291),
(32, 1313),
(32, 1363),
(32, 1364),
(32, 1379),
(32, 1385),
(32, 1386),
(32, 1387),
(32, 1388),
(32, 1392),
(32, 1393),
(32, 1394),
(32, 1397),
(32, 1398),
(32, 1399),
(32, 1400),
(32, 1401),
(32, 1405),
(32, 1406),
(32, 1407),
(32, 1408),
(32, 1412),
(32, 1413),
(32, 1421),
(32, 1422),
(32, 1428),
(33, 1170),
(33, 1171),
(33, 1172),
(33, 1173),
(33, 1178),
(33, 1207),
(33, 1273),
(33, 1277),
(33, 1291),
(34, 1365),
(34, 1403),
(34, 1465),
(34, 1468),
(34, 1474),
(34, 1476),
(34, 1477),
(34, 1478),
(34, 1481),
(34, 1493),
(35, 1551),
(36, 1110),
(36, 1111),
(36, 1113),
(36, 1116),
(36, 1117),
(36, 1122),
(36, 1125),
(36, 1129),
(36, 1191),
(37, 1215),
(37, 1218),
(37, 1220),
(37, 1221),
(37, 1222),
(37, 1240),
(37, 1327),
(37, 1335),
(38, 1292),
(38, 1293),
(38, 1294),
(39, 1249),
(39, 1250),
(39, 1263),
(39, 1264),
(39, 1265),
(39, 1266),
(40, 1187),
(40, 1190),
(40, 1205),
(40, 1208),
(40, 1240),
(41, 1167),
(41, 1168),
(41, 1169),
(41, 1174),
(41, 1183),
(42, 1196),
(43, 1034),
(43, 1035),
(43, 1161),
(43, 1166),
(43, 1213),
(44, 1213),
(44, 1216);

-- --------------------------------------------------------

--
-- Table structure for table `mountain_content`
--

CREATE TABLE IF NOT EXISTS `mountain_content` (
  `id` int(11) NOT NULL AUTO_INCREMENT,
  `id_mountain` int(11) NOT NULL,
  `title` varchar(50) NOT NULL,
  `content` varchar(500) NOT NULL,
  `time` int(11) DEFAULT NULL,
  `overwrite` int(1) NOT NULL DEFAULT '1' COMMENT '1: nur akuteller eintrag',
  PRIMARY KEY (`id`),
  KEY `id_mountain` (`id_mountain`)
) ENGINE=MyISAM DEFAULT CHARSET=utf8 AUTO_INCREMENT=1 ;

-- --------------------------------------------------------

--
-- Table structure for table `period`
--

CREATE TABLE IF NOT EXISTS `period` (
  `id` int(3) unsigned NOT NULL AUTO_INCREMENT,
  `name` varchar(20) DEFAULT NULL,
  PRIMARY KEY (`id`)
) ENGINE=MyISAM  DEFAULT CHARSET=utf8 AUTO_INCREMENT=14 ;

--
-- Dumping data for table `period`
--

INSERT INTO `period` (`id`, `name`) VALUES
(1, 'Praios'),
(2, 'Rondra'),
(3, 'Efferd'),
(4, 'Travia'),
(5, 'Boron'),
(6, 'Hesinde'),
(7, 'Firun'),
(8, 'Tsa'),
(9, 'Phex'),
(10, 'Peraine'),
(11, 'Ingerimm'),
(12, 'Rahja'),
(13, 'Namenlose Tage');

-- --------------------------------------------------------

--
-- Table structure for table `plant`
--

CREATE TABLE IF NOT EXISTS `plant` (
  `id` int(3) unsigned NOT NULL AUTO_INCREMENT,
  `name` varchar(50) NOT NULL,
  `harvest` varchar(50) NOT NULL,
  `ident` varchar(50) NOT NULL,
  `page` int(3) DEFAULT NULL,
  `path` varchar(50) NOT NULL,
  `done` tinyint(1) NOT NULL DEFAULT '0' COMMENT 'has entry been reviewed',
  PRIMARY KEY (`id`)
) ENGINE=MyISAM  DEFAULT CHARSET=utf8 AUTO_INCREMENT=227 ;

--
-- Dumping data for table `plant`
--

INSERT INTO `plant` (`id`, `name`, `harvest`, `ident`, `page`, `path`, `done`) VALUES
(1, 'Alraune', 'Ganzjährig', '+9', 227, '', 1),
(2, 'Alveranie', 'Ganzjährig, bis auf die Namenlosen Tage.', '-5', 228, '', 1),
(3, 'Arganstrauch', 'Ganzjährig', '+4', 228, '', 1),
(7, 'Atan-Kiefer', 'Ganzjährig', '+6', 228, '', 1),
(8, 'Atmon', 'Peraine', '+5', 229, '', 1),
(9, 'Axorda-Baum', 'Ganzjährig', '+4', 229, '', 1),
(10, 'Basilamine', 'Ingerimm', '+15 / +5 (allg / Blütezeit)', 230, '', 1),
(11, 'Belmart', 'Perraine - Boron', '+6', 230, '', 1),
(13, 'Blutblatt', 'Ganzjährig', '+4', 230, '', 1),
(14, 'Boronie', '', '', 231, '', 0),
(15, 'Boronsschlinge', '', '', 231, '', 0),
(16, 'Carlog', '', '', 232, '', 0),
(17, 'Cheria-Kaktus', '', '', 232, '', 0),
(18, 'Chonchinis', '', '', 233, '', 0),
(20, 'Disdychonda', '', '', 233, '', 0),
(22, 'Donf', 'Ganzjährig', '+6', 234, '', 1),
(23, 'Dornrose', '', '', 235, '', 0),
(24, 'Efeuer', '', '', 235, '', 0),
(25, 'Egelschreck', '', '', 235, '', 0),
(27, 'Eitriger Krötenschemel', '', '', 236, '', 0),
(28, 'Feuer-/ Efferdsmoos', '', '', 236, '', 0),
(30, 'Feuerschlick (leuchtend)', '', '', 237, '', 0),
(34, 'Feuerschlick', '', '', 237, '', 0),
(36, 'Finage', '', '', 238, '', 0),
(39, 'Grüne Schleimschlange', '', '', 238, '', 0),
(40, 'Gulmond', '', '', 239, '', 0),
(44, 'Hiradwurz', '', '', 239, '', 0),
(45, 'Höllenkraut', '', '', 240, '', 0),
(46, 'Hollbeere', '', '', 240, '', 0),
(47, 'Horusche', '', '', 241, '', 0),
(48, 'Ilmenblatt', '', '', 241, '', 0),
(49, 'Iribaarslilie', '', '', 241, '', 0),
(50, 'Jagdgras', '', '', 242, '', 0),
(51, 'Joruga', '', '', 243, '', 0),
(52, 'Kairan', '', '', 243, '', 0),
(53, 'Kajubo', '', '', 244, '', 0),
(54, 'Khomknolle', '', '', 244, '', 0),
(56, 'Klippenzahn', '', '', 245, '', 0),
(58, 'Kukuka', '', '', 245, '', 0),
(60, 'Lotos (gelb, blau, rosa)', '', '', 246, '', 0),
(61, 'Lotos (grau)', '', '', 246, '', 0),
(62, 'Lotos (purpur)', '', '', 246, '', 0),
(63, 'Lotos (schwarz)', '', '', 246, '', 0),
(64, 'Lotos (weiss)', '', '', 247, '', 0),
(65, 'Lotos (weissgelb)', '', '', 247, '', 0),
(67, 'Lulanie', '', '', 247, '', 0),
(69, 'Madablüte', '', '', 248, '', 0),
(71, 'Malomis', '', '', 248, '', 0),
(72, 'Menchal-Kaktus', 'Ganzjährig', '+4', 249, '', 1),
(75, 'Merach-Strauch', 'Efferd bis Travia', '+2', 250, '', 1),
(76, 'Messergras', '', '', 250, '', 0),
(77, 'Mibelrohr', '', '', 251, '', 0),
(79, 'Mirbelstein', '', '', 251, '', 0),
(80, 'Mirhamer Seidenliane', '', '', 252, '', 0),
(82, 'Mohn (bleich)', '', '', 252, '', 0),
(83, 'Mohn (bunt)', '', '', 252, '', 0),
(84, 'Mohn (grau)', '', '', 253, '', 0),
(85, 'Mohn (purpur)', '', '', 253, '', 0),
(86, 'Mohn (schwarz)', '', '', 253, '', 0),
(88, 'Mohn (tiger)', '', '', 254, '', 0),
(89, 'Morgendorn-strauch', '', '', 254, '', 0),
(90, 'Naftanstaude', '', '', 255, '', 0),
(91, 'Neckerkraut', '', '', 255, '', 0),
(92, 'Nothilf', 'Blü: Praios; Blä: Perraine', '+6', 256, '', 1),
(93, 'Olginwurz', 'Ganzjährig', '+10', 256, '', 1),
(95, 'Orazal', 'Ganzjährig', '+4', 257, '', 1),
(97, 'Orkland-Bovist', '', '', 258, '', 0),
(98, 'Pestsporenpilz', '', '', 258, '', 0),
(99, 'Phosphorpilz', '', '', 258, '', 0),
(100, 'Quasselwurz (Hexenkraut)', '', '', 259, '', 0),
(101, 'Quinja', '', '', 259, '', 0),
(102, 'Rahjalieb', '', '', 260, '', 0),
(103, 'Rattenpilz', '', '', 260, '', 0),
(104, 'Rauschgurke', '', '', 261, '', 0),
(105, 'Rote Pfeilblüte', '', '', 261, '', 0),
(109, 'Roter Drachenschlund', '', '', 262, '', 0),
(111, 'Sansaro', '', '', 262, '', 0),
(113, 'Satuariensbusch', '', '', 263, '', 0),
(116, 'Schlangen-zünglein', '', '', 263, '', 0),
(117, 'Schleichender Tod', 'Ingerimm bis Rahja', '+6', 264, '', 1),
(118, 'Schleimiger Sumpf-knöterich', '', '', 264, '', 0),
(119, 'Schlinggras', '', '', 265, '', 0),
(120, 'Schwarm-schwamm*', '', '', 265, '', 0),
(121, 'Schwarzer Wein*', '', '', 266, '', 0),
(122, 'Shurinstrauch', '', '', 267, '', 0),
(123, 'Talaschin', '', '', 268, '', 0),
(124, 'Tarnblatt', '', '', 0, '', 0),
(125, 'Tarnele', '', '', 268, '', 0),
(126, 'Thonnys', '', '', 269, '', 0),
(127, 'Traschbart', '', '', 270, '', 0),
(128, 'Trichterwurzel', '', '', 270, '', 0),
(129, 'Tuur-Amash-Kelch*', '', '', 270, '', 0),
(130, 'Ulmenwürger', 'Efferd bis Travia', '+2', 271, '', 1),
(132, 'Vierblättrige Einbeere', 'Phex bis Hesinde', '+5', 271, '', 1),
(135, 'Vragieswurzel', '', '', 272, '', 0),
(136, 'Waldwebe', '', '', 272, '', 0),
(137, 'Wasserrausch', 'B: Rahja bis Efferd; F: Rondra bis Travia', '+1', 273, '', 1),
(139, 'Winselgras', '', '+12 tagsüber; -2 nachts', 273, '', 1),
(140, 'Wirselkraut', 'Ganzjährig, bis auf den Winter', '+5', 273, '', 1),
(141, 'Würgedattel', '', '+5', 274, '', 1),
(142, 'Yaganstrauch', '', '', 275, '', 0),
(146, 'Zithabar', '', '', 275, '', 0),
(147, 'Zunder-schwamm', '', '', 275, '', 0),
(148, 'Zwölfblatt', '', '', 276, '', 0),
(149, 'Almadanischer Goldregen', '', '', 203, '', 0),
(151, 'Asmodenie', '', '', 213, '', 0),
(152, 'Bingelkraut', '', '', 208, '', 0),
(153, 'Bittersüsser Nachtschatten', '', '', 206, '', 0),
(154, 'Blauer Eisenhut', '', '', 211, '', 0),
(155, 'Bleiche Alara', '', '', 221, '', 0),
(156, 'Boronskrone', '', '', 221, '', 0),
(157, 'Butterblume', '', '', 209, '', 0),
(158, 'Cherkemal', '', '', 221, '', 0),
(159, 'Dämonenauge', '', '', 208, '', 0),
(160, 'Dämonenklaue', '', '', 221, '', 0),
(161, 'Eibe', '', '', 198, '', 0),
(162, 'Ekel-schwämmling', '', '', 221, '', 0),
(163, 'Falscher Pfeiferling', '', '', 220, '', 0),
(164, 'Firuns-glöckchen', '', '', 213, '', 0),
(165, 'Fliegenpilz', '', '', 221, '', 0),
(166, 'Frisundrose', '', '', 213, '', 0),
(167, 'Gingkobaum', '', '', 198, '', 0),
(168, 'Glanzbeere', '', '', 211, '', 0),
(169, 'Herbstzeitlose', '', '', 213, '', 0),
(170, 'Hexenpilz', '', '', 221, '', 0),
(171, 'Ifirnrose', '', '', 213, '', 0),
(172, 'Ingerimms-glöckchen', '', '', 213, '', 0),
(174, 'Kartoffel', '', '', 219, '', 0),
(175, 'Lebensbaum', '', '', 198, '', 0),
(176, 'Marbobeere', '', '', 210, '', 0),
(177, 'Marbotäubling', '', '', 221, '', 0),
(178, 'Matagaga', '', '', 221, '', 0),
(179, 'Mischkarasch', '', '', 221, '', 0),
(180, 'Narzisse', '', '', 213, '', 0),
(182, 'Ogerbeeren-ranke', '', '', 207, '', 0),
(183, 'Oleander', '', '', 203, '', 0),
(184, 'Phexenbecher', '', '', 213, '', 0),
(185, 'Pockenpilz', '', '', 221, '', 0),
(186, 'Posaune von Nebachot', '', '', 214, '', 0),
(187, 'Rittersporn', '', '', 211, '', 0),
(188, 'Roter Fingerhut', '', '', 209, '', 0),
(189, 'Schierling', '', '', 211, '', 0),
(190, 'Schwarzer Nachtschatten', '', '', 209, '', 0),
(191, 'Seidelbast', '', '', 202, '', 0),
(193, 'Spritzgurke', '', '', 214, '', 0),
(194, 'Stechpalme', '', '', 202, '', 0),
(195, 'Sumpfschachtel-halm', '', '', 212, '', 0),
(196, 'Telfiskraut', '', '', 210, '', 0),
(197, 'Traviakelchling', '', '', 211, '', 0),
(198, 'Violetter Krokus', '', '', 213, '', 0),
(199, 'Wolfsmilch', '', '', 211, '', 0),
(200, 'Arnika', '', '', 211, '', 0),
(201, 'Augentrost', '', '', 210, '', 0),
(202, 'Baldrian', '', '', 209, '', 0),
(203, 'Beinwell', '', '', 210, '', 0),
(204, 'Ebenholzbaum', '', '', 200, '', 0),
(205, 'Erdbeere', '', '', 209, '', 0),
(206, 'Gelbes Feuerkraut', '', '', 215, '', 0),
(207, 'Hirtentäschel-kraut', '', '', 211, '', 0),
(208, 'Kamille', '', '', 211, '', 0),
(209, 'Kurkumanelke', '', '', 210, '', 0),
(210, 'Lavendel', '', '', 208, '', 0),
(211, 'Leomarswacht', '', '', 203, '', 0),
(212, 'Linde', '', '', 197, '', 0),
(213, 'Mandelbaum', '', '', 199, '', 0),
(214, 'Methumian', '', '', 210, '', 0),
(215, 'Mistel', '', '', 209, '', 0),
(217, 'Moarana-Liane', '', '', 201, '', 0),
(218, 'Ringelblume', '', '', 214, '', 0),
(219, 'Salbei', '', '', 213, '', 0),
(220, 'Schachtelhalm', '', '', 209, '', 0),
(221, 'Schafgarbe', '', '', 210, '', 0),
(222, 'Taubnessel', '', '', 211, '', 0),
(223, 'Tausendgülden-kraut', '', '', 209, '', 0),
(224, 'Walnuss', '', '', 195, '', 0),
(226, 'Zeder', '', '', 198, '', 0);

-- --------------------------------------------------------

--
-- Table structure for table `plantAttribute`
--

CREATE TABLE IF NOT EXISTS `plantAttribute` (
  `id` int(11) NOT NULL AUTO_INCREMENT,
  `name` varchar(30) NOT NULL,
  `sequence` int(11) NOT NULL DEFAULT '99999',
  PRIMARY KEY (`id`)
) ENGINE=MyISAM  DEFAULT CHARSET=utf8 AUTO_INCREMENT=16 ;

--
-- Dumping data for table `plantAttribute`
--

INSERT INTO `plantAttribute` (`id`, `name`, `sequence`) VALUES
(1, '-- kein Wert --', 1),
(2, 'göttlich', 99999),
(3, 'entgiftend', 99999),
(4, 'dornig', 99999),
(5, 'essbar', 99999),
(6, 'heilend', 99999),
(7, 'gefährlich', 99999),
(8, 'rahjaisierend', 99999),
(9, 'äzend', 99999),
(10, 'klebrig', 99999),
(11, 'konservierend', 99999),
(12, 'fiebersenkend', 99999),
(13, 'beeinflussend auf Körpertalent', 99999),
(14, 'giftig', 99999),
(15, 'übernatürlich', 99999);

-- --------------------------------------------------------

--
-- Table structure for table `plantName`
--

CREATE TABLE IF NOT EXISTS `plantName` (
  `id` int(11) NOT NULL AUTO_INCREMENT,
  `name` varchar(50) NOT NULL,
  `id_plant` int(11) NOT NULL,
  `id_plantNameType` int(11) NOT NULL DEFAULT '3',
  PRIMARY KEY (`id`),
  KEY `id_plant` (`id_plant`,`id_plantNameType`)
) ENGINE=MyISAM  DEFAULT CHARSET=utf8 AUTO_INCREMENT=24 ;

--
-- Dumping data for table `plantName`
--

INSERT INTO `plantName` (`id`, `name`, `id_plant`, `id_plantNameType`) VALUES
(1, 'Menchal-Cactus', 72, 2),
(2, 'Stachelkugel', 72, 2),
(3, 'Menchal', 72, 7),
(4, '', 72, 3),
(5, '', 72, 3),
(6, 'Süsser Tod', 75, 2),
(7, 'Merach', 75, 7),
(8, 'Vierblatt', 132, 2),
(9, 'Wuersel', 140, 8),
(10, 'Arganwurzel', 3, 2),
(11, 'Okeko-Guraq', 3, 5),
(12, 'Pashu', 3, 5),
(13, 'Arghanwurtz', 3, 8),
(14, 'Urwar ul gin', 93, 7),
(15, '', 117, 3),
(16, 'Yuton-Banebu', 117, 5),
(17, 'Seele-von-Buam-gefangen-in-falschem-Baum', 95, 5),
(18, 'Mandragora', 1, 2),
(19, 'Krüppelkiefer', 7, 2),
(20, 'Bslilaminablum', 10, 8),
(21, 'Balilamina', 10, 8),
(22, 'Chamäleon-Springkraut', 10, 2),
(23, 'Kugelbusch', 11, 2);

-- --------------------------------------------------------

--
-- Table structure for table `plantNameType`
--

CREATE TABLE IF NOT EXISTS `plantNameType` (
  `id` int(11) NOT NULL AUTO_INCREMENT,
  `name` varchar(30) NOT NULL,
  `sequence` int(11) NOT NULL DEFAULT '99999',
  PRIMARY KEY (`id`)
) ENGINE=MyISAM  DEFAULT CHARSET=utf8 AUTO_INCREMENT=9 ;

--
-- Dumping data for table `plantNameType`
--

INSERT INTO `plantNameType` (`id`, `name`, `sequence`) VALUES
(2, 'Synonym', 99999),
(3, '-- kein Wert --', 1),
(4, 'Isdira', 99999),
(5, 'Mohisch', 99999),
(6, 'Nujuka', 99999),
(7, 'Tulamidya', 99999),
(8, 'Alt Garethi', 99999);

-- --------------------------------------------------------

--
-- Table structure for table `plantPart`
--

CREATE TABLE IF NOT EXISTS `plantPart` (
  `id` int(11) NOT NULL AUTO_INCREMENT,
  `name` varchar(100) NOT NULL,
  `quantity` varchar(50) NOT NULL,
  `durability` varchar(100) NOT NULL,
  `id_plant` int(11) NOT NULL,
  PRIMARY KEY (`id`),
  KEY `id_plant` (`id_plant`)
) ENGINE=MyISAM  DEFAULT CHARSET=utf8 AUTO_INCREMENT=188 ;

--
-- Dumping data for table `plantPart`
--

INSERT INTO `plantPart` (`id`, `name`, `quantity`, `durability`, `id_plant`) VALUES
(1, 'Wurzel', '1', 'W3 + 2 Tage', 1),
(2, 'einzelne Blütenblätter', '12', '12 Stunden', 2),
(3, 'Wurzel', '1', '2W6+18 Stunden', 3),
(4, 'Rinde', 'W20 Stein', 'W6+14 Tage', 7),
(5, 'Büschel', 'W6 ', 'W6+6 Stunden', 8),
(6, 'Rinde', '70 Stein ', 'W6+4 Wochen', 9),
(7, 'Schoten', '1W20 +10', '', 10),
(8, 'Blätter', '4W20 ', '2W6+18 Stunden', 11),
(9, 'Zweige ', 'W20 +2 pro 10 AsP der Astralen Quelle', 'W20: bei 20 geht es ein, sonst W3 SR', 13),
(10, '5 Blüten', '', '5 Stunden', 14),
(11, '', '', '', 15),
(12, 'W6 Blüten mit je einem Stempel', '', '2W6+18 Stunden', 16),
(13, 'W3 Stein Fleisch, pro Stein 3W6+8 Stacheln', '', 'Fleisch:        W6 Tage    Stacheln:      3W6 Tage', 17),
(14, 'W20 Blätter', '', 'W6+24 Stunden', 18),
(15, '4 Blätter', '', 'W3+7 Tage', 20),
(16, 'Stängel', '1', 'W6+6 Stunden', 22),
(17, '', '', '', 23),
(18, '', '', '', 24),
(19, '2W20 Blätter', '', 'W3+4 Tage', 25),
(20, '2W6 Pilzhäute', '', 'W6+1 Tage', 27),
(21, '', '', '', 28),
(22, '1W6 Stein Algen', '', '24 Stunden', 30),
(23, '1W6 Stein Algen', '', '24 Stunden', 34),
(24, 'W20 Triebe', '', 'W3+3 Monate', 36),
(25, 'Bast eines Baumes', '', 'W3+3 Monate', 36),
(26, '', '', '', 39),
(27, '2W6 Blätter', '', 'W6+24 Stunden', 40),
(28, 'eine Wurzel', '', 'W3+6 Tage', 44),
(29, '1W20 Stein/2 Ranken', '', 'W6+6 Monate', 45),
(30, '2W6 Sträucher mit je 2W6+5 Beeren und 2W6+3 Blätte', '', 'W6 Tage', 46),
(31, 'W6 Schoten zu je W3 Kernen', '', 'Kern in Schote: 2W6+2 Tage    Kern einzeln: W6 Tag', 47),
(32, 'W20 Blätter und Blüten', '', '2W+24 Monate', 48),
(33, '', '', '', 49),
(34, '', '', '', 50),
(35, 'eine Wurzel', '', 'W3+2 Tage', 51),
(36, '1 Halm', '', 'W3+3 Wochen im eigenen Wasser', 52),
(37, '2W6 Knospen', '', 'W6+10 Tage', 53),
(38, 'W6 Mass Wasser', '', 'ungeöffnete Knolle: 1 Mon.', 54),
(39, '2W6 Stengel', '', 'W3+2 Tage max. bis zum nächsten Vollmond', 56),
(40, '1W3x20 Blätter', '', '1W6+1 Tage', 58),
(41, '2W6+1 Blüten', '', 'W3+6 Monate', 60),
(42, 'W6+1 Blüten', '', 'W6 Wochen', 61),
(43, 'W6+1 Blüten', '', 'W6+2 Tage', 62),
(44, 'W6 Blüten', '', 'W6+2 Tage', 63),
(45, 'W6+1 Blüten', '', 'W6+2 Tage', 64),
(46, 'W3 Blüten', '', 'W3+6 Monate', 65),
(47, '1 Blüte', '', 'W3+5', 67),
(48, '1 Blüte', '', 'vergeht bei Mondunter-gang', 69),
(49, '', '', '', 71),
(50, 'Entwurzelter Kaktus', '1 Stück', 'W3+5 Wochen', 72),
(51, 'Früchte', '2W20', 'W6+7 Tage', 75),
(52, '', '', '', 76),
(53, '2W6 Kolben', '', 'W6 Tage', 77),
(54, '1 Wurzelknolle', '', 'W3+4 Wochen', 79),
(55, '1 Ranke (2-3 Knoten nur von TSA-ING)', '', '', 80),
(56, 'W6 Samenkapseln', '', '2W6+18 Monate', 82),
(57, '1 Samenkapsel', '', 'W6+9 Monate', 83),
(58, '1 Blüte (im RON nur 1 Samenkapsel)', '', 'Samenkapsel W6+18 Monate; Blüten W6+12 Wochen', 84),
(59, '1 Samenkapsel', '', '13 Monate', 85),
(60, '2 Blätter (im BOR 1 Samenkapsel)', '', '2W6+9 Monate', 86),
(61, '1 Samenkapsel', '', 'W6+9 Monate', 88),
(62, '', '', '', 89),
(63, '1 Staude (im Norden nur ING-RON)', '', '1W-4 Tage', 90),
(64, 'W20+5 Blätter', '', 'W3+3 Wochen', 91),
(65, 'Blüten', 'W20+2', 'W3+3 Tage', 92),
(66, 'Moosballen', 'W3', '2W6+12  Stunden', 93),
(67, 'Stengel, verholzt', 'W6', 'mehrere Jahre', 95),
(68, '', '', '', 97),
(69, '1 Pilzhaut', '', 'W6 Tage', 98),
(70, 'W6 Stein', '', 'W6 SR (Leuchtkraft)', 99),
(71, '1 Wurzel', '', 'W3+3 Tage', 100),
(72, 'W3+2 Beeren', '', 'W6+12 Stunden', 101),
(73, '2W6 Blätter', '', '3 Tage', 102),
(74, '1 Pilz', '', 'W6+48 Stunden', 103),
(75, '3W6 Gurken', '', 'W3+1 Woche', 104),
(76, 'W6 Blüten', '', 'W6 Stunden', 105),
(77, 'W6 Blätter', '', 'W3+6 Tage', 109),
(78, '1 Pflanze (0,5 Stein)', '', 'W6+24 Stunden', 111),
(79, '4W20 Blätter (ING-PRA), W20 Blüten (ING-RAH), W20 ', '', 'W3+6 Tage', 113),
(80, 'Saft einer Pflanze', '', 'W3+6 Tage', 116),
(81, 'Blüten', 'W6', 'W6 Tage', 117),
(82, '2W6 Pilze', '', 'W6+24 Stunden', 118),
(83, '', '', '', 119),
(84, '', '', '', 120),
(85, '', '', '', 121),
(86, 'W20 Knollen', '', 'Knolle:        W6+4 Tage, Blätter:       W3+1 Tage', 122),
(87, 'W6 Flechten', '', '1 Stunde (Wirkdaür)', 123),
(88, '', '', '1W6 Tage', 124),
(89, 'ganze Pflanze', '', 'W6+18 Stunden', 125),
(90, 'W6+4 Blätter', '', '2W6+36 Stunden', 126),
(91, 'W6 Flechten', '', 'W6 Tage', 127),
(92, '', '', '', 128),
(93, '', '', '', 129),
(94, 'Blüten', 'W20', '3W6+24 Monate', 130),
(95, 'Beeren', 'W6', 'W3+2 Tage', 132),
(96, '1 Wurzel', '', 'W6+7 Tage', 135),
(97, '', '', '', 136),
(98, 'Blüten', 'W20', '3W+24 Stunden', 137),
(99, 'Halme', '', '', 139),
(100, 'Blätter', 'W6+4', '2W6+18 Stunden', 140),
(101, '', '', '', 141),
(102, 'W6 Nüsse', '', 'W6+7 Monate', 142),
(103, '3W20 Blätter', '', '1 Tag', 146),
(104, '1W6 Pilze', '', '1W6+2 Monate', 147),
(105, '12 Stängel', '', 'W6+9 Stunden', 148),
(106, 'ganze Pflanze', '', '', 149),
(107, 'Samen', '', '', 149),
(108, 'ganze Pflanze', '', '', 151),
(109, 'Milch', '', '', 152),
(110, 'ganze Pflanze', '', '', 153),
(111, 'ganze Pflanze', '', '', 154),
(112, 'Pilz', '', '', 155),
(113, 'Pilz', '', '', 156),
(114, 'Stengel', '', '', 157),
(115, 'Pilz', '', '', 158),
(116, 'ganze Pflanze', '', '', 159),
(117, 'Pilz', '', '', 160),
(118, 'alles ausser Samenmantel', '', '', 161),
(119, 'Pilz', '', '', 162),
(120, 'Pilz', '', '', 163),
(121, 'ganze Pflanze', '', '', 164),
(122, 'Pilz', '', '', 165),
(123, 'ganze Pflanze', '', '', 166),
(124, 'Blüten', '', '', 167),
(125, 'Beeren', '', '', 168),
(126, 'ganze Pflanze', '', '', 169),
(127, 'Pilz', '', '', 170),
(128, 'Blüte, Beeren', '', '', 171),
(129, 'Beeren', '', '', 172),
(130, 'ganze Pflanze', '', '', 172),
(131, 'oberirdische Teile', '', '', 174),
(132, 'Blätter', '', '', 175),
(133, 'Beeren', '', '', 176),
(134, 'Pilz', '', '', 177),
(135, 'Pilz', '', '', 178),
(136, 'Pilz', '', '', 179),
(137, 'Zwiebel', '', '', 180),
(138, 'ganze Pflanze', '', '', 180),
(139, 'Stacheln', '', '', 182),
(140, 'Früchte', '', '', 183),
(141, 'ganze Pflanze', '', '', 184),
(142, 'Pilz', '', '', 185),
(143, 'ganze Pflanze', '', '', 186),
(144, 'ganze Pflanze', '', '', 187),
(145, 'ganze Pflanze', '', '', 188),
(146, 'ganze Pflanze', '', '', 189),
(147, 'ganze Pflanze', '', '', 190),
(148, 'Blätter, Zweige', '', '', 191),
(149, 'Beeren', '', '', 191),
(150, 'Samen', '', '', 193),
(151, 'Blätter, Samen', '', '', 194),
(152, 'ganze Pflanze', '', '', 195),
(153, 'Blätter, Samen', '', '', 196),
(154, 'ganze Pflanze', '', '', 197),
(155, 'ganze Pflanze', '', '', 198),
(156, 'Milch', '', '', 199),
(157, 'Blüten', '', '', 200),
(158, 'Blüten', '', '', 201),
(159, 'Blätter', '', '', 202),
(160, 'Blüten', '', '', 203),
(161, 'Harz, Holz', '', '', 204),
(162, 'W20 Beeren', '', '', 205),
(163, 'ganze Pflanze', '', '', 206),
(164, 'Blüten', '', '', 207),
(165, 'Blüten', '', '', 208),
(166, 'Oel', '', '', 209),
(167, 'Blätter, Blüten', '', '', 210),
(168, 'Blätter, Blüten', '', '', 211),
(169, '2W20 Blüten', '', '', 212),
(170, 'Milch', '', '', 213),
(171, 'ganze Pflanze', '', '', 214),
(172, 'Beeren', '', '', 215),
(173, 'ganze Liane', '', '', 217),
(174, 'Blüten', '', '', 218),
(175, 'Blätter', '', '', 219),
(176, 'Sporen', '', '', 220),
(177, 'ganze Pflanze', '', '', 221),
(178, 'Blüten', '', '', 222),
(179, '5W6 Blüten', '', '', 223),
(180, '3W20 Nüsse', '', '', 224),
(181, 'Zedernöl', '', '', 226),
(182, 'Menchalsaft', 'W6 halbe Mass', 'W6+8 Wochen', 72),
(184, 'Frucht', '1 (Eine Probe mit 12 TaP* muss gelingen))', 'W6+2 Tage (getrocknet: 1 Jahr)', 137),
(183, 'Blüte', 'Bei einer 1 auf W20 = W6 Blüten', 'W3+3 Monate', 72),
(185, 'Blätter', '2W20+10', 'W3+3 Tage', 92),
(186, 'Pollen', '1 Portion aus zwei Blüten', 'W6 Tage', 117),
(187, 'Blüten', '', '', 9);

-- --------------------------------------------------------

--
-- Table structure for table `plantRarity`
--

CREATE TABLE IF NOT EXISTS `plantRarity` (
  `id` int(11) NOT NULL AUTO_INCREMENT,
  `name` varchar(20) NOT NULL,
  `sequence` int(11) NOT NULL DEFAULT '99999',
  PRIMARY KEY (`id`)
) ENGINE=MyISAM  DEFAULT CHARSET=utf8 AUTO_INCREMENT=7 ;

--
-- Dumping data for table `plantRarity`
--

INSERT INTO `plantRarity` (`id`, `name`, `sequence`) VALUES
(1, 'Sehr häufig', 99999),
(2, 'Häufig', 99999),
(3, 'Gelegnetlich', 99999),
(4, 'Selten', 99999),
(5, 'Sehr selten', 99999),
(6, '-- kein Wert --', 1);

-- --------------------------------------------------------

--
-- Table structure for table `plantRegion`
--

CREATE TABLE IF NOT EXISTS `plantRegion` (
  `id` int(11) NOT NULL AUTO_INCREMENT,
  `name` varchar(50) NOT NULL,
  `sequence` int(11) NOT NULL DEFAULT '99999',
  PRIMARY KEY (`id`)
) ENGINE=MyISAM  DEFAULT CHARSET=utf8 AUTO_INCREMENT=17 ;

--
-- Dumping data for table `plantRegion`
--

INSERT INTO `plantRegion` (`id`, `name`, `sequence`) VALUES
(1, 'Eis', 99999),
(2, 'Wüste und Wüstenrand', 99999),
(3, 'Gebirge', 99999),
(4, 'Hochland', 99999),
(5, 'Steppe', 99999),
(6, 'Grasland, Wiesen', 99999),
(7, 'Fluss- und Seeufer, Teiche', 99999),
(8, 'Küste, Strand', 99999),
(9, 'Flussauen', 99999),
(10, 'Sumpf und Moor', 99999),
(11, 'Regenwald', 99999),
(12, 'Wald', 99999),
(13, 'Waldrand', 99999),
(14, '-- kein Wert --', 1),
(15, 'Ganz Aventurien', 99999),
(16, 'Bei astralen Quellen', 99999);

-- --------------------------------------------------------

--
-- Table structure for table `plantText`
--

CREATE TABLE IF NOT EXISTS `plantText` (
  `id` int(11) NOT NULL AUTO_INCREMENT,
  `text` text NOT NULL,
  `id_plantPart` int(11) NOT NULL,
  `id_plant` int(11) NOT NULL COMMENT 'this field is oblosent (redundancy), but is kept as long as the plant helper is needed',
  `id_plantTextType` int(11) NOT NULL DEFAULT '4',
  PRIMARY KEY (`id`),
  KEY `id_plant` (`id_plant`,`id_plantTextType`),
  KEY `id_plantPart` (`id_plantPart`)
) ENGINE=MyISAM  DEFAULT CHARSET=utf8 AUTO_INCREMENT=439 ;

--
-- Dumping data for table `plantText`
--

INSERT INTO `plantText` (`id`, `text`, `id_plantPart`, `id_plant`, `id_plantTextType`) VALUES
(1, 'Alchemistischer Katalysator. Grundlage für fast alle Tränke usw.', 1, 1, 1),
(2, 'Substitut für Heiltränke in Südaventurien', 3, 3, 1),
(3, 'Hauptzutat des FF-Elixiers', 5, 8, 1),
(4, 'Es wurden Experimente für Antidot gemacht.', 8, 11, 1),
(5, 'Zeigt Magie in Tränken und Elixieren an (Wirkungsgrad bestimmen).', 9, 13, 1),
(6, 'Substitut für Schlafgift', 0, 15, 1),
(7, 'Verarbeitung mit Pestsporenpilz', 0, 16, 1),
(8, 'Pulver der Weissagung', 0, 17, 1),
(9, 'Substitut für den Maraskenstachel beim Purpurblitz (grosse Mengen)', 0, 27, 1),
(10, 'Zutat in Eigenschaftselixieren u.a.', 0, 36, 1),
(11, 'Zutat in Eigenschaftselixieren u.a.', 0, 37, 1),
(13, 'Zutat für Schlaftrunk, Wachtrunk und Stärkungsmittel (zB Erschöpfungspastillen)', 0, 40, 1),
(17, 'sinnvolles Substitut für Belmart', 0, 44, 1),
(18, 'Angstgift', 0, 45, 1),
(19, 'Kraftelixier und Waffenbalsam', 0, 47, 1),
(20, 'vielfältig: KL-Elixier, Liebestrank, Tsatränen/Friedenswasser, Traumpulver/Regenbogenstaub, Schlafgift', 0, 48, 1),
(21, 'Grundlage des Zaubertranks, wichtig bei Willenstrunk, Zielwasser und Verwandlungselixier u.a.', 0, 52, 1),
(22, 'Einfärben von misslungenen Tinkturen um sie als gelungen auszugeben', 0, 60, 1),
(23, 'für Purpurblitz', 0, 62, 1),
(24, 'für Antidot, Traumpulver/Regenbogenstaub', 0, 63, 1),
(25, 'Zutat in verschiedenen Antidoten.', 183, 72, 1),
(26, 'GE-Elixier', 0, 77, 1),
(27, 'Prophylaktikum', 0, 80, 1),
(28, 'Zutat zu Heilsalben', 0, 82, 1),
(29, 'sinnvolle Substitution für Rabenfedern im Schlaftrunk und für Boronwein im Schlafgift', 0, 86, 1),
(30, 'Zutat einiger Beruhigungsmittel', 0, 88, 1),
(31, 'Substitut für andere Giftstoffe', 0, 90, 1),
(32, 'Purpurwasser', 0, 91, 1),
(33, 'Für das Konstitutionselixier.', 66, 93, 1),
(34, 'Bannpulver', 0, 98, 1),
(35, 'Effekthascherei durch leuchtende Elixiere', 0, 99, 1),
(36, 'Grundlage des Kraftelixiers', 0, 101, 1),
(37, 'mögliche Substitution in Liebestrunk', 0, 102, 1),
(38, 'Traumpulver/Regenbogenstaub', 0, 104, 1),
(39, 'Magiepaste hilft bei verschied. Alchimistischen Abläufen', 0, 116, 1),
(40, 'Wird für Liebestrunk, Mengbiller Bannbalöl, Regenbogenstaub verwendet', 186, 117, 1),
(41, 'Berserkerelixier', 0, 118, 1),
(42, 'Bestandteil des Zaubertranks sowie auch Willenstrunk und verschied. Aufputschmittel', 0, 126, 1),
(43, 'Substitut für Wirselkraut in Heiltrank.', 95, 132, 1),
(44, 'Traumpulver/Regenbogenstaub, Schlafgift', 0, 135, 1),
(45, 'Wichtige Zutat des Heiltranks', 100, 140, 1),
(46, 'Schlaftrunk', 0, 142, 1),
(47, 'Pulver der Weissagung', 0, 146, 1),
(48, 'Zutat für CH-Elixier', 0, 202, 1),
(49, 'Asche ist Zutat für Drachenspeichel', 0, 204, 1),
(50, 'Wichtige Zutat für Liebestrank', 0, 205, 1),
(51, 'Gewürz ist Zutat für GE-Elixier und Berserelixier', 0, 206, 1),
(52, 'Zutat zur Hexensalbe', 0, 215, 1),
(53, 'Zutat zur Hexensalbe', 0, 215, 1),
(54, 'Das Waffengift Mandragora wird damit hergestellt.', 1, 1, 5),
(55, 'Blüht jeden Mond in der Farbe des jeweiligen Gottes.', 0, 2, 2),
(56, 'Wird eine 2. Wurzel während diesen 7 Stunden eingenommen wirkt sie zusätzlich wie die Erste. Zudem tritt eine tägige Lähmung ein. (GE,FF,KK je-5)', 3, 3, 3),
(57, 'Bei komplettem Abschälen des ganzen Baumes verdreifacht sich der Wert. Dies gilt aber als grosser Perainefrevel.', 4, 7, 2),
(58, 'Unverarbeitet sind sie bei der Einnahme leicht giftig und führen zu Bauchschmerzen und Druchfall. (W6 SP)', 5, 8, 5),
(59, 'Beim Abschälen der ganzen Rinde (was dem Baum erheblichen Schaden zuführt) erhält man 3x70 Stein Rinde.', 6, 9, 2),
(60, 'Die Pflanze passt sich seinen Umgebungspflanzen an. (Deshalb auch Chamäleon-Springkraut) Ausser zur Blütezeit blüht sie leuchtend rot.', 0, 10, 2),
(61, 'Die Einnahme von Belmart über einen längeren Zeitraum kann das Krankheitsbild verschlechtern und Belmartfieber auslösen.', 8, 11, 2),
(62, 'Hexen und Druiden flechten sich Kränz aus Blutblatt. Dieser hält, auf dem Kopf getragen unbegrenzt.', 9, 13, 2),
(63, 'Ernte in Zone 5+6 zw. TSA und BOR', 0, 14, 2),
(64, 'die verwandte Moorwurz gedeiht auch in Nordaventurien', 0, 15, 2),
(65, 'starke Nebenwirkungen bei Tageslicht', 0, 16, 2),
(66, 'kann zu Rauschgift verarbeitet und geraucht werden', 0, 17, 2),
(67, 'kann auch zu Sonnencreme (Praiosmilch) verarbeitet werden', 0, 18, 2),
(68, 'attackiert mit den Blättern, lähmt mit Gift', 0, 20, 2),
(69, 'Die Gefahr in ein von Donf überwuchertes Sumpfloch zu treten ist bei der Ernte sehr gross.', 0, 22, 2),
(70, 'gilt als gefährliches Dornicht (Seite 205)', 0, 24, 2),
(71, 'kann auch als Insektenschutz verwendet werden', 0, 25, 2),
(72, 'kann zu Krötenschemelgift verarbeitet werden', 0, 27, 2),
(73, 'Wirkung von Feuer- u. Efferdsmoos hebt sich gegenseitig auf', 0, 28, 2),
(74, 'leuchtet bei Vollmond, führt in der Nacht zu starken Visionen, Selbstbeherrschung +7 zur Einnahme, führt zu Ilarissucht', 0, 30, 2),
(75, 'führt zu Ilarissucht', 0, 34, 2),
(76, 'kann zu erhöhter Reizbarkeit führen (Jähzorn)', 0, 36, 2),
(77, 'Patzer bei MU-Probe: Phobie gegen diese Pflanze als permanenter Nachteil', 0, 39, 2),
(78, 'Gefahr eines Katers am nächsten Tag', 0, 40, 2),
(81, 'wirkt nur gegen natürliche und verarbeitete Schlangengifte, Gefahr bei Anwendung gegen andere Vergiftungen, kann zu leichter Schlangengiftresistenz führen, kann zu Hiradantidot verarbeitet werden', 0, 44, 2),
(82, 'kann zu Horuschenöl (Stärkungsmittel, starkes Gift) verarbeitet werden', 0, 47, 2),
(83, 'kann zu einem Rauschmittel verarbeitet werden', 0, 48, 2),
(84, 'Verwechslungsgefahr mit Wirselkraut!', 0, 50, 2),
(85, 'kann zu Fiebersaft verarbeitet werden (3 Monate vorbeugend gegen schwarze Wut und Tollwut, sowie Heilmittel bei Schlachtfeldfieber und Gilbe)', 0, 51, 2),
(86, 'kann zu Astraltrunk verarbeitet werden (für 14 Stunden 1W+4 AsP), Gefahr der Mibelsucht, bevorzugt im Neuaugensee und Einsiedlersee; Suche kann durch Hellsichtzauber erleichtert werden', 0, 52, 2),
(87, 'heilige Pflanze der Haipu', 0, 53, 2),
(88, 'Nebenwirkungen: 12 Stunden kein Schlaf dann 8 Stunden Tiefschlaf', 0, 58, 2),
(89, 'muss Alchimistisch verarbeitet werden', 0, 60, 2),
(90, 'bei Ernte: Gefahr im Umkreis von 5 Metern, KO-Probe um Einatmen zu vermeiden (ansonsten werden soviele Dosen eingeatmet, wie die Probe misslungen ist)', 0, 61, 2),
(91, 'Verarbeitung zu purpurnem Lotosstaub (Atemgift Stufe 8), bei Ernte: Gefahr im Umkreis von 5 Metern, KO-Probe um Einatmen zu vermeiden (ansonsten werden soviele Dosen eingeatmet, wie die Probe misslungen ist)', 0, 62, 2),
(92, 'Verarbeitung zu schwarzem Lotosstaub (Atemgift Stufe 10), bei Ernte: Gefahr im Umkreis von 5 Metern, KO-Probe um Einatmen zu vermeiden (ansonsten werden soviele Dosen eingeatmet, wie die Probe misslungen ist)', 0, 63, 2),
(93, 'Verarbeitung zu Marbos Odem (Rauschgift); bei Ernte: Gefahr im Umkreis von 5 Metern, KO-Probe um Einatmen zu vermeiden (ansonsten werden soviele Dosen eingeatmet, wie die Probe misslungen ist)', 0, 64, 2),
(94, 'kann zu Lotostrunk verarbeitet werden (erleichtert Hellsichtzauber), kann nur per Alchimie (Probe +10) vom weissen Lotos unterschieden werden', 0, 65, 2),
(95, 'Weiterverarbeitung zu Lulanientrunk (Heilmittel für Krankheit Raschen Wahn) möglich', 0, 67, 2),
(96, 'Weiterverarbeitung zu Liebesküchlein (Betören-Probe für 3 Tage gegenüber dem Kuchenesser um 3 Pkt. erleichtert), Rezept nur bei Hexen bekannt', 0, 67, 2),
(97, 'Friedenszone im 7 Meter Radius, pflücken ist Frevel gegen Hesinde', 0, 69, 2),
(98, 'Lieblingsspeise von Dschinnen. Um sie zu seinen Diensten zu überreden erleichtern 6 Blüten am Beschwörungsort die CH-Probe um 2.', 183, 72, 1),
(331, 'Die Kaktushaut ist zäh wie eine Lederrüstung (RS3)', 0, 72, 2),
(99, 'Beliebte Basis für viele Süssspeisen und Liköre.', 51, 75, 2),
(411, 'Überreife Früchte entwickeln Alkohol.', 51, 75, 2),
(100, 'Mibelabsud führt sehr häufig zur Mibelsucht', 0, 77, 2),
(101, 'wirkt nicht gegen Borbaradmoskitos und die Mirbelfliege', 0, 79, 2),
(102, 'Verarbeitung zu Kukris (Einnahme- und Waffengift Stufe 12)', 0, 80, 2),
(103, 'kann zu Schmerzwein verarbeitet werden, Ueberdosis Samenkapseln bewirkt Malus auf Eigenschaften', 0, 82, 2),
(104, 'hohe Suchtgefahr, namenlose Pflanze;', 0, 85, 2),
(105, 'am Folgetag Heilkunde Seele-Probe -6 (auch magische Beherrschung -3)', 0, 86, 2),
(106, 'kann zu Wachkoma mit Amnesie führen', 0, 88, 2),
(107, 'Verarbeitung zu Goldleim möglich (Kontakt-/Waffengift Stufe 5)', 0, 90, 2),
(108, 'kann zu Efferdhilf verarbeitet werden', 0, 91, 2),
(109, 'Kann zu einem Heilmittel verarbeitet werden. Dem Nothilf, welches gegen Tulmadron hilft.', 65, 92, 6),
(110, 'Kann zu einem Heilmittel verarbeitet werden. Dem Olginsud.', 66, 93, 6),
(111, 'Kann zu einem Konservierungsmittel weiterverarbeitet werden. Dem schwefligen Orazal.', 67, 95, 6),
(112, 'Verarbeitung zu Katzenaugensalbe möglich', 0, 98, 2),
(113, 'trockenes Geflecht kann zu kaltem Feür weiterverarbeitet werden;', 0, 99, 2),
(114, 'kann zu Quasselpulver verarbeitet werden (Einnahmegift Stufe 4)', 0, 100, 2),
(115, 'Pflanzenkunde +8 sonst Verwechslung mit Scheinquinja möglich (Einnahmegift Stufe 2)', 0, 101, 2),
(116, 'kann zu Rahjaliebtee weiterverarbeitet werden', 0, 102, 2),
(117, 'Geweihte der Zwölf erkranken bei Berührung zu 50% an Zorganpocken', 0, 103, 2),
(118, 'verschiedene Verarbeitung nur Maraskanern bekannt', 0, 104, 2),
(119, 'kann zu Pfeilblütentee und Pfeilblütenpunsch verarbeitet werden', 0, 105, 2),
(120, 'kann zu rotem Drachenodem weiterverarbeitet werden (Räuchermittel, hält Werwesen fern)', 0, 109, 2),
(121, 'kann zu Sansarosud (Ansteckungsschutz) oder Sansaropaste (Insektenschutz) weiterverarbeitet werden ', 0, 111, 2),
(122, 'kann zu Satuarienstrunk weiterverarbeitet werden: für 1 Tag alle schlechten Eigenschaften -1, 5% geringere Infektionswahrscheinlichkeit bei Krankheiten, 1 SP weniger bei Krankheitswürfen', 0, 113, 2),
(123, 'kann zu Magiepaste weiterverarbeitet werden', 0, 116, 2),
(124, 'Häufiger Genuss fürht zu Abhängigkeit (Krankheitsstufe 5). Mindestens alle 3 Tage muss davon eingeatmet werden. Ein Entzug fürht zu Schlafstörungen.', 186, 117, 7),
(125, 'kann zu Knötergift weiterverarbeitet werden (Kontakt-/Waffengit Stufe 8)', 0, 118, 2),
(126, 'kann zu Shurinknollengift (Einnahme-/Waffengit Sufe 6) weiterverarbeitet werden', 0, 122, 2),
(127, 'Nebenwirkungen: bei mehrfacher Verwendung Rötung und Juckreiz, Weiterverarbeitung zu Talaschinsalbe mindert die Nebenwirkung und erhöht die Wirkdaür', 0, 123, 2),
(128, 'Pflanze ändert das Aussehen im Laufe des Jahres (Hiradwurz, Olginwurz, Mirbelstein, Talaschin)', 0, 124, 2),
(129, 'kann zu Tarnelensalbe weiterverarbeitet werden', 0, 125, 2),
(130, 'wird getrocknet zu Traschbartpulver (gleiche Wirkung wie frisch) oder verarbeitet zu Fiebersirup (KO-Probe zum Widerstand gegen Krankheiten -5)', 0, 127, 2),
(131, 'wurde 6 Stunden vorher eine Knoblauchknolle gegessen halbiert sich der KL-Verlust (Maraskaner-Wissen)', 0, 128, 2),
(132, 'Ein Aufguss von frischen Blüten schmeckt unangegehm seifig. Getrocknet, Würgertee genannt, schmeckt er genau so wie er heisst.', 94, 130, 2),
(133, '4 Beeren pro Tag kann zu einer Sucht führen. (1-4 auf W20. Krankheitsstufe 10). Für diesen hat es keine heilende Wirkung mehr. Wenn innert einer Woche keine Einnahme erfolgt verliert er 1W6 LeP.', 95, 132, 7),
(414, 'Kann zu einem Heilmittel verarbeitet werden. Dem Einbeerentrank.', 95, 132, 6),
(134, 'kann zu Boronwein verarbeitet werden (Droge mit hohem Suchtfaktor Stufe 12)', 0, 135, 2),
(135, 'bei Befreiungsversuch verstrickt sich das Opfer meist noch weiter im klebrigen Netz', 0, 136, 2),
(136, 'Häufiger Verzehr kann zu Sucht führen (Krankheitsstufe 5). Der Entzug verursacht Müdigket und lässt jegliches rahjaisches Interesse abhanden kommen. Kann Unfruchtbar machen.', 184, 137, 7),
(137, 'Kann zu einem Heilmittel weiterverarbeitet werden. Der Heilsalbe.', 100, 140, 6),
(420, 'Kann zu einem Heilmittel weiterverarbeitet werden. Dem Wirseltrank.', 100, 140, 6),
(138, 'Gemisch aus Rauschgurke, Boronwein und Yaganöl: GE +3 für 1 Tag und 1W6+4 SP; der Kern sättigt für 3 Tage (Selbstbeherrschungsprobe +6 zum Essen, starke Nebenwirkungen bei Misslingen)', 0, 142, 2),
(139, 'kann zu Rauschkraut (schwarzer Pfeffer) verarbeitet werden (erzeugt Trugbilder)', 0, 146, 2),
(140, 'wird zu Zunder verarbeitet', 0, 147, 2),
(141, 'kann zu Zwölftee verarbeitet werden (2 Tage Schutz, höhere Haltbarkeit)', 0, 148, 2),
(142, 'gefährlich für Pferde', 0, 161, 2),
(143, 'kann zu Niespulver/Schnupfpulver verarbeitet werden', 0, 166, 2),
(144, '3 Beeren sind tödlich, ähnelt dem Vierblatt', 0, 168, 2),
(145, 'gefährlich für Pferde', 0, 175, 2),
(146, 'nur für Elfen', 0, 180, 2),
(147, 'Sud aus 4 Pflanzen wird für Selbstmord verwendet', 0, 189, 2),
(148, 'ausser Elfen', 0, 191, 2),
(149, 'Räucherstoff bei Beschwörung', 0, 196, 2),
(150, 'kann zu Moarana-Sucht führen (Stufe 6)', 0, 217, 2),
(151, 'Der Saft der Wurzel enthält giftige Bitterstoffe (1W SP), der zu starkem Brechreiz führt. (KK-1, GE-1 für 1W6 SR)', 1, 1, 5),
(152, 'göttliche Wunderpflanze', 0, 2, 3),
(153, 'Während 7 Stunden Ruhe gibt sie W6+10 LeP zurück. Bei Anstrengung nur W6 LeP. Bei Wundfieber werden 4 Punkte abgezogen.', 3, 3, 3),
(154, 'Um eine Wirkung zu erlangen muss die Rinde zu Atanax weiterverarbeitet werden. Dieser wirkt Fiebersenkend und verringert Fieber-Schadenswürfe um 2 Punkte un KO-Proben sind um 5 erleichtert.', 4, 7, 6),
(155, 'Kann zu Atmonbrei weiterverarbeitet werden. Dieser erleichtert dann alle körp. Talente um 2 Pkt. für 5h', 5, 8, 6),
(156, 'Kann zu Xordai weiterverarbeitet werden. Dies ist das einzige Heilmittel gegen Zorganpocken.', 6, 9, 3),
(157, 'Die reifen Fruchtschoten (Pflanzengruppen à W20 Pflanzen) platzen auf und verursachen Brandflecken. Pro Pflanze W20 Treffer: jeder Treffer auf ungeschützte Stellen 1/10 SP. Kleidung und Rüstung (ausser Metall) verlieren pro Treffer 1/100 RS.', 7, 10, 3),
(158, 'Stoppt die Wirkung von Krankheiten für 1 Tag (heilt nicht). Bei Vergiftungen: KO-Probe darf wiederholt werden.', 8, 11, 3),
(159, 'Kann zum Auffinden magischer Ströme und Präsenzen verwendet werden. (schlägt Wurzeln an magischen Orten oder verdorrt in wenigen SR.)', 9, 13, 3),
(160, 'Borongesegnet, kann Liturgien Grabsegen od. Weihe der letzten Ruhestatt entfalten: schützt vor Untoten', 0, 14, 3),
(161, 'schläfert Opfer ein und umschlingt es', 0, 15, 3),
(162, '1-2 Blüten bringt W6+12SR lang Nachtsicht', 0, 16, 3),
(163, 'halluzinogene Droge', 0, 17, 3),
(164, 'unverarbeitet: 5 Blätter bei Aetz- und Brandwunden 5 LE, Verarbeitung erhöht die Wirkung', 0, 18, 3),
(165, 'Fleischfressende (Menschen) Pflanze', 0, 20, 3),
(166, 'kann zu Kelmon verarbeitet werden: dann W6 SP und Lähmung', 0, 20, 3),
(167, 'Frisch zerkaut lindert er verschiedene Fieberkrankheiten wie Paralyse und Brabaker Schweiss (Schadenswurf -2)', 16, 22, 3),
(168, 'Berührung verursacht 1 SP', 0, 24, 3),
(169, 'muss verarbeitet werden: dann gibt es auf Wunden aufgetragen 1 LeP zurück und stoppt die Blutung', 0, 25, 3),
(170, 'muss verarbeitet werden: vertreibt dann alle Parasiten (auch Zecken und Egel)', 0, 25, 3),
(171, 'schwere Magenverstimmung (1W SP; KK,IN je -1 für 1h)', 0, 27, 3),
(172, 'Sekret führt zu starken Verätzungen', 0, 28, 3),
(173, '1 Unze KL+1, Zauber (Hell/Vers) und Wissen +5; Reg +1 Pkt. LE, +1W6AsP; Verarbeitung zu Feürschlickessenz möglich', 0, 30, 3),
(174, '1 Unze erleichtert für 1h Zauber mit Merkmal Hell/Vers, Proben auf Wissenstalente -3, Verarbeitung zu Feürschlickpulver möglich', 0, 34, 3),
(175, 'muss verarbeitet werden: Sud aus 7 Trieben hebt/senkt Eigenschaften auf ihren Grundwert (bei Gift, Zauberei, Erschöpfung)', 0, 36, 3),
(176, 'muss verarbeitet werden: als Verbandszeug von Wunden: Erfolgswurf (W6) bei Heilkunde Wunden darf wiederholt werden', 0, 37, 3),
(178, 'MU-Probe bei Anblick (überwuchert Leichen)', 0, 39, 3),
(179, '3 frische Blätter: für 12h KO+1, AU+5, LE+1; vielfältige Verarbeitungsmöglichkeiten (Gulmondtee, starker Gulmond, doppelter Gulmond)', 0, 40, 3),
(182, 'muss verarbeitet werden (Tee): gegen Sumpffieber, Zorganpocken, Tollwut, Gilbe', 0, 40, 3),
(183, 'hebt Wirkung von Giften auf und gibt jede SR 1 LeP zurück, es können doppelt so viele LeP zurückgewonnen werden wie bei einer Probe auf Heilkunde Gift übrig bleiben (max. 15 LeP/Wurzel)', 0, 44, 3),
(184, 'muss verarbeitet werden: Wurara (leichtes Waffengift)', 0, 45, 3),
(185, 'unverarbeitet leicht giftig (Brechreiz, keine nächtl. Reg.), Verarbeitung: Tee aus 7 Blättern erlaubt eine wiederholung des LE-Regenerationswurf', 0, 46, 3),
(186, 'pro Kern für 3W6+10h KK+1; jeder weitere Kern ebenfalls KK+1 plus zusätzlich 1W+4 SP; ', 0, 47, 3),
(187, 'leichte Bewusstseinstrübung und Entspannung beim Essen von W6 frischen Blättern und Blüten', 0, 48, 3),
(188, 'Wirkungsradius 10 Schritt, Opfer wird verzaubert, vergiftet und unter Wasser gezogen', 0, 49, 3),
(189, 'lässt sich nachts auf dem Opfer nieder und schlägt Wurzeln', 0, 50, 3),
(190, 'unbehandelt wird die Wurzel unter starkem Durchfall wieder ausgeschieden', 0, 51, 3),
(191, 'muss verarbeitet werden', 0, 52, 3),
(192, '5 Knospen ermöglichen es max. 3 SR ganz ohne Luft auszukommen', 0, 53, 3),
(193, 'frisches Wasser in der Wüste', 0, 54, 3),
(194, 'Saft eines Stengels:  + 1/2 LP; max 10 Stengel nutzbar; Wahrscheinlichkeit für Wundfieber -20%; Wunden heilen in 2/3 der Zeit;', 0, 56, 3),
(195, '1 Blatt verdoppelt für 3 Stunden die Ausdaür und macht unempfindlich gegen Schmerz (keine Abzüge bei LE-Verlust, keine Selbstbeherrschungsproben) sowie gegen Ueberanstrengung (keine Abzüge bei Ueberanstrengung)', 0, 58, 3),
(196, 'Farbzusatz in Schminke, Elexieren; Augentropfen zum ändern der Augenfarbe;', 0, 60, 3),
(197, '3W6+4 SR lang schwere Albträume, Totenangst +7, tödliche Träume', 0, 61, 3),
(198, '1 Blüte macht 1W SP sowie KL,IN,GE -1 für 1 SR', 0, 62, 3),
(199, '1 Blüte macht 1W3+3 SP sowie KL,IN -1 für 1 SR', 0, 63, 3),
(200, '1 Blüte macht 1W-1 SP sowie KL,IN -1 für 1 SR', 0, 64, 3),
(201, 'unverarbeitet 1 SP pro Blüte sowie Verlust von 3 AP', 0, 65, 3),
(202, 'Tee aus rohen Blüten beruhigt Magen und Nerven, zB gegen Jähzorn', 0, 67, 3),
(203, 'Tee aus rohen Blüten beruhigt Magen und Nerven, zB gegen Jähzorn', 0, 67, 3),
(204, 'der Anblick verleiht KL+1 für 1 Monat', 0, 69, 3),
(205, 'Halbiert die Wirkung aller Gifte (heilt aber nicht)\nBei Vergiftungen, die länger anhalten muss täglich ca 1/2 Mass über den Tag verteilt verabreicht werden.', 182, 72, 3),
(206, 'Wurde 3 Tage vor oder nach dem Verzehr Alkohol getrunken: 5W20 SP (Atemnot und drohender Herzstillstand). Wird nicht die ganze Frucht gegessen: 1-2W20 SP.', 51, 75, 5),
(207, 'Berührung verursacht 1W+2 TP, Reise durch Messergras pro Stunde 1W+5 TP + Verlust von 1 RS-Pkt.', 0, 76, 3),
(208, 'muss verarbeitet werden: Mibelabsud (erhöht für 2W6+5 SR KL,GE +2)', 0, 77, 3),
(209, 'muss zu Stinkmirbel verarbeitet werden: vertreibt Flöhe, Läuse, Wanzen, Fliegen, Mücken, Bremsen in 2 Meter Entfernung (CHARISMA -4, bei Elfen -8)', 0, 79, 3),
(210, 'Herstellung von Seidenseilen und Schwindelseide', 0, 80, 3),
(211, 'erleichtert Selbstbeherrschungsprobe gegen Schmerzen für W3+3 Stunden, Dosierung schwierig, Verarbeitung zu Schmerzwein erleichtert die Dosierung', 0, 82, 3),
(212, 'wird zum Würzen von Brotwaren verwendet', 0, 83, 3),
(213, 'Samen: 2W6+6 SR Koma (Seelenwanderung, etc.), Blüte: W3+3 SR Angst-, Freuden- od. Lethargiezustände', 0, 84, 3),
(214, 'W6+12 SR positives Rauscherlebnis dann ebenso lange negatives Rauscherlebnis', 0, 85, 3),
(215, 'verdoppelt die nächtliche Regeneration (LE, AE)', 0, 86, 3),
(216, '1 Kapsel: Nachteile /schlechte Eigenschaften werden für W3+3 Stunden um einen Punkt gesenkt bzw. in der Daür halbiert; 3 Kapseln: 2W6 SR Lethargie', 0, 88, 3),
(217, 'nach Berührung verwandelt sich das Opfer binnen einer Woche in eine Sumpfranze', 0, 89, 3),
(218, 'muss verarbeitet werden,  FF +2 zum Ernten sonst 2W SP pro Flux bei Berührung', 0, 90, 3),
(219, '5 Blätter pro Tag verhindern das Auftreten von Kerker- od. Efferdsieche für eine Woche', 0, 91, 3),
(220, 'Frisch gepüflückt bei Brandwunden gibt eine Erleichterung in Heilkunde Wunden um -5.', 185, 92, 3),
(221, 'Hilft, mit etwas Alkohol eingenomen, zur Entgiftung aller Gifte. (Ausser vom Noralec Otter.) Pro Portion sinkt die Giftstufe bis Stufe 19 um einen Punkt. (Max. um die halbe Giftstufe)', 66, 93, 3),
(222, 'Der Kontakt mit frischem Pflanzensaft führt zu Verätzungen. (FF Probe beim klettert; 2W6+6SP Verätzungen) Zudem werden auch Lederrüstungen angegriffen (RS-1)', 0, 95, 2),
(223, 'gefährlich von ING-RON: Radius 5 Meter, verschiesst Pilzsporen mit gefährlichen Auswirkungen', 0, 97, 3),
(224, 'muss verarbeitet werden, Ernte: GE+2 bzw. FF+2 sonst 2W+4 SP (Sporenwolke)', 0, 98, 3),
(225, 'kann kurz als Leuchtmittel verwendet werden', 0, 99, 3),
(226, 'muss verarbeitet werden', 0, 100, 3),
(227, 'KK+1 für 2 Stunden', 0, 101, 3),
(228, '12 Blätter verhüten für W3+1 Tag', 0, 102, 3),
(229, 'zieht Wanderer an (20-MR), Einnahme: W6+3 Tage namenlose Zweifel (je 1 Probe auf KL und IN sonst Beitritt zum Kult)', 0, 103, 3),
(230, '1 Gurke: KK+3, KL-1W6+2 (sinkt die KL um mind. 5 Pkt. dann Tiefschlaf), Wirkungsdaür:2W6 Stunden', 0, 104, 3),
(231, 'Tee aus drei Blüten bringt 3W6+2 LeP innerhalb von 3 Stunden, rohe Blütenknospen bringen CH+1 für 12 Stunden', 0, 105, 3),
(232, 'verhindert den Ausbruch von Lykanthropie (Verwandlung in Werwolf)', 0, 109, 3),
(233, 'lindert die Kerkersieche (2 Wochen täglich beendet die Krankheit, 1-2 SP weniger bei allen fiebrigen Krankheiten)', 0, 111, 3),
(234, 'Verarbeitung von Blättern, Blüten und Früchte nötig; unverarbeitet nur der Saft verwendbar: getränkter Wundverband senkt Wundfieberwahrscheinlichkeit um 10%', 0, 113, 3),
(235, 'Saft reagiert auf die Präsenz magischer Energie und färbt sich Blutrot', 0, 116, 3),
(236, 'Kann zu einer Droge / Atemgift verarbeitet werden. Dem Samthauch. (Auf Alanfisch auch Kamaluaqs Tatze oder Scharlachkatze)', 186, 117, 6),
(237, 'muss weiterverarbeitet werden, Ernte: Berührung verursacht 3 SP pro Pilz', 0, 118, 3),
(238, 'IN-Probe sonst schnappt die Pflanze zu (GE-Probe), zieht die Opfer in den Sumpf', 0, 119, 3),
(239, 'rohe Knolle 1W+4 SP', 0, 122, 3),
(240, 'Körper mit Flechte einreiben: nicht einmal ein Spürhund nimmt noch Witterung auf', 0, 123, 3),
(241, 'GE,FF,KL halbiert; MU +3; Nase schwillt an für 30-KO SR', 0, 124, 3),
(242, 'auf Wunden aufgelegt Regeneration +1', 0, 125, 3),
(243, '7 Thonnysblätter ermöglichen Astrale Meditation ohne Kenntnis der SF und erleichtern diese bei Kenntnis der SF', 0, 126, 3),
(244, 'Einnahme gegen fiebrige Erkrankungen (1 SP pro Tag weniger), schmeckt frisch jedoch ekelerregend', 0, 127, 3),
(245, 'wächst in getarnten Gruben, Sinnesschärfe +8 um nicht hineinzufallen, Gift der Pflanze senkt die Klugheit ', 0, 128, 3),
(246, 'Aufguss aus 12 Blüten verbessert die nächtliche Regeneration um 2 LeP und senkt Wundfiebergefahr für einen Tag und 20%.', 94, 130, 3),
(247, 'Extern oder Intern: 1 Beere stoppt Blutungen und bringt W3 LeP. Bei gelungener Heilkunde-Probe (Wunden, Krankheit, Gift) zusätzliche W6 LeP. Max. jedoch W6 LeP pro Stunde; bei Anstrengung nur 1 LeP pro Beere', 95, 132, 3),
(248, 'unbehandelte Wurzel führt zu Uebelkeit und Erbrechen (2 SP, 1 Pkt. Ueberanstrengung) und verhindert Aufnahme von Nahrung oder Flüssigkeit für einen halben Tag', 0, 135, 3),
(249, 'Sinnesschärfe-Probe +12 um das feine Webwerk zu entdecken', 0, 136, 3),
(250, 'Einnahme führt nach W6/2 SR zu leichtem euphorischem Rausch. Nach W6 SR steigert sich die Wirkung zu einem rahjaischem Verlangen. (Mit Selbstbherschung +3 zu kontrollieren.) Wirkungsdauer: W6 /2 Stunden', 184, 137, 3),
(251, 'Nachts und in der Dämmerung bei Wind (eine Brise genügt) entstehen unheimliche Geräusche (winseln, kreischen, brüllen), kann einem den Schlaf rauben, zumindest Regeneration -2.', 99, 139, 3),
(252, 'Stoppt Blutungen und bringt 5 LeP während eines Tages. Eingenommen aber nur 3 LeP.', 100, 140, 3),
(253, 'Hochaggressive Würgepflanze. Bei Berührung der Früchte, greiffen die Würgeschlingen mit AT10 an. (Ausweichen -1). Ist man gefangen erleidet man 1W+2SP. (Ranke RS2, LEP10) Will man die ganze Pflanze vernichten benötigt man Feuer oder Goldleim und muss 40SP am Stamm anrichten.', 0, 141, 3),
(254, 'Oel einer Nuss steigert Ausdaür für 24 Stunden um 2W6 Punkte (auch für Tiere geeignet, 1 SR länger galoppieren), nächsten Tag Ausdaür/2, hilft bei Schlafkrankheit', 0, 142, 3),
(255, '3 frische Blätter kaün lindert Zahnschmerz', 0, 146, 3),
(256, 'muss getrocknet und verarbeitet werden', 0, 147, 3),
(257, 'frisches Zwölfblatt gewährt für 4 Tage Schutz vor Ansteckungen aller Art, frisches Zwölfblatt RON-BOR führt zu Magenkrämpfen und Atemnot bis zu einer Stunde (ausser bei Erbrechen keine Wirkungseinschränkung)', 0, 148, 3),
(258, 'Atembeschwerden', 0, 149, 3),
(259, 'Atemlähmung', 0, 150, 3),
(260, 'Bauchschmerzen, Schweissausbrüche, leichte Sinnestrübung', 0, 151, 3),
(261, 'Harntreibung, Abführend', 0, 152, 3),
(262, 'Magenkrämpfe, Fieberschübe, Sinnestrübung', 0, 153, 3),
(263, 'Blutfluss, Herzrasen, massive Sinnestrübung', 0, 154, 3),
(264, 'verursacht Krämpfe', 0, 155, 3),
(265, 'schwere Betäubung, todesähnlicher Schlaf', 0, 156, 3),
(266, 'Schwindel, Bauchschmerzen, Durchfall', 0, 157, 3),
(267, 'Zittern, Sinnestrübung', 0, 158, 3),
(268, 'Angstzustände, Zittern, Speichelfluss', 0, 159, 3),
(269, 'Muskelzuckungen, schmerzhafte Krämpfe', 0, 160, 3),
(270, 'Bauchschmerzen', 0, 161, 3),
(271, 'massiver Durchfall', 0, 162, 3),
(272, 'innere und äussere Schwellungen, Atemnot', 0, 163, 3),
(273, 'Bauchschmerzen', 0, 164, 3),
(274, 'Halluzinationen, allgemeine körperliche Erregung', 0, 165, 3),
(275, 'Atemirritationen', 0, 166, 3),
(276, 'Herzrasen, Atemschwierigkeiten, Schweissausbrüche', 0, 168, 3),
(277, 'Magenkrämpfe, Harndrang, Blutungen, Herzrasen', 0, 169, 3),
(278, 'Ohnmacht, Schock, innere Blutungen', 0, 170, 3),
(279, 'Atemstockung, Zittern, Erschöpfung', 0, 171, 3),
(280, 'Schwindel, Sehstörungen, Zittern', 0, 172, 3),
(282, 'Uebelkeit, Erbrechen, Krämpfe, Schwindel', 0, 174, 3),
(283, 'Krämpfe, Durchfall', 0, 175, 3),
(284, 'Uebelkeit, Erbrechen, Schwindelgefühl', 0, 176, 3),
(285, 'in kleiner Dosis berauschend, in hoher Dosis betäubend', 0, 177, 3),
(286, 'Blutungen der Schleimhäute, innere Blutungen', 0, 178, 3),
(287, 'massive Atemnot', 0, 179, 3),
(288, 'Erbrechen, Durchfall', 0, 180, 3),
(289, 'Ausschlag', 0, 180, 3),
(290, 'nässender Hautausschlag', 0, 182, 3),
(291, 'Schwindel, Herzrasen, Herzschlag', 0, 183, 3),
(292, 'Erbrechen, Durchfall, Herzrhythmusstörungen', 0, 184, 3),
(293, 'innere Blutungen, Schwächeanfälle', 0, 185, 3),
(294, 'Herzrasen, Kopfschmerzen, Fahrigkeit, Sinnestrübungen', 0, 186, 3),
(295, 'Bauchschmerzen, Durchfall', 0, 187, 3),
(296, 'Herzrasen bis zu Herzstillstand', 0, 188, 3),
(297, 'innere und Schleimhautblutungen, Magenschmerzen', 0, 189, 3),
(298, 'Herzrasen, Blutungen, Hallozinationen, Panikattacken', 0, 190, 3),
(299, 'Juckreiz, Ausschlag', 0, 191, 3),
(300, 'Bauchschmerzen, leichte Sinnestrübung', 0, 191, 3),
(301, 'Jucken und Brennen', 0, 193, 3),
(302, 'Bauchschmerzen, Durchfall', 0, 194, 3),
(303, 'Sodbrennen, Erbrechen', 0, 195, 3),
(304, 'Entspannend, Blicktrübend, Herzrasen', 0, 196, 3),
(305, 'Erbrechen, Schweissausbrüche, Herzrasen', 0, 197, 3),
(306, 'Erbrechen, Durchfall', 0, 198, 3),
(307, 'brennende Magenkrämpfe', 0, 199, 3),
(308, 'Arnika-Umschlag bäugt Wundfieber vor', 0, 200, 3),
(309, 'Sud hilft gegen Augenentzündungen (Sandstürme, Schneeblindheit,...)', 0, 201, 3),
(310, 'mittelmässiger Ersatz für Tarnele', 0, 203, 3),
(311, 'Harz wird als Weihrauch verwendet', 0, 204, 3),
(312, 'Tee gegen Gicht und Gliederreissen', 0, 207, 3),
(313, 'Tee wirkt gegen innere Entzündungen und Verletzungen und als Schlaftrunk', 0, 208, 3),
(314, 'Nelkenöl färbt Haare rot', 0, 209, 3),
(315, 'Oel der Blüten und Blätter gegen Gicht und Gliederreissen', 0, 210, 3),
(316, 'Haare und Nägel rot färben', 0, 211, 3),
(317, 'Lindentee hilft gegen Dumpfschädel', 0, 212, 3),
(318, 'kann zu Mandelmilch (Gesichtspflege) verarbeitet werden', 0, 213, 3),
(319, 'Mittel gegen Husten', 0, 214, 3),
(320, 'Salbe aus den Beeren ist das einzige Gegenmittel bei Guhlbiss (Leichenfresser), verhindert die Verwandlung wenn innerhalb von 3 Tagen aufgetragen', 0, 215, 3),
(321, 'steigert die Leistungsfähigkeit', 0, 217, 3),
(322, 'hilft gegen wundgelaufene Füsse', 0, 218, 3),
(323, 'Salbeitee oder Salbeisud reinigt Entzündungen oder verschmutzte Wunden (senkt Wundfiebergefahr)', 0, 219, 3),
(324, 'Sud hilft gegen Gift und Gliederreissen', 0, 220, 3),
(325, 'Mittel gegen Darmfraisch (Durchfall)', 0, 221, 3),
(326, 'Taubnesseltee hilft bei Sorgen, bei Husen und wirkt als Schlafmittel', 0, 222, 3),
(327, 'Tee aus den Blüten gilt als Rettung bei Stichwunden in den Eingeweiden', 0, 223, 3),
(328, 'aus Nussöl: Sonnenschutz', 0, 224, 3),
(329, 'Insektenschutz', 0, 226, 3),
(330, 'Verfeinert das Essen (Guter Koch, TaW >6,  kriegt einen Bonus von 5 auf Kochen)', 183, 72, 2),
(332, 'Die safrangelben Blütenkätzchen rufen bei Einnahme Sinnestrübungen und Verlust des Gleichgewichtssinn herbei. (Einnahmegift Stufe 3)', 187, 9, 5),
(333, '4/A', 0, 15, 5),
(334, '1/E u. K', 0, 17, 5),
(335, '5/K', 0, 20, 5),
(336, '2/E', 0, 27, 5),
(337, '1/E', 0, 46, 5),
(338, '2/E', 0, 47, 5),
(339, '7/A', 0, 61, 5),
(340, '3/A', 0, 62, 5),
(341, '4/A', 0, 63, 5),
(342, '1/A', 0, 64, 5),
(343, 'Durch erhitzen wird die Frucht ungefährlich.', 51, 75, 2),
(344, '2/E', 0, 84, 5),
(345, '1/A', 0, 85, 5),
(346, '5/K', 0, 90, 5),
(347, '4/A', 0, 98, 5),
(348, '4/K', 0, 118, 5),
(349, '2/E', 0, 122, 5),
(350, '3/K', 0, 124, 5),
(351, '4/K', 0, 128, 5),
(352, '1/E', 0, 135, 5),
(353, 'Der Duft einer frischen Blüte verursacht einen schlafähnlichen Rausch mit lüsternen Träumen. Im 5 Schritt Radius KO-Probe +5; sonst berauschende Träume. Am nächsten Tag ist mit starken Kopfschmerzen zu rechen.', 98, 137, 3),
(354, '2/E', 0, 149, 5),
(355, '5/E', 0, 149, 5),
(356, '1/E', 0, 151, 5),
(357, '2/E', 0, 152, 5),
(358, '6/E', 0, 153, 5),
(359, '7/E', 0, 154, 5),
(360, '4/E', 0, 155, 5),
(361, '7/E', 0, 156, 5),
(362, '4/E', 0, 157, 5),
(363, '3/E', 0, 158, 5),
(364, '4/E', 0, 159, 5),
(365, '8/E', 0, 160, 5),
(366, '3/E', 0, 161, 5),
(367, '3/E', 0, 162, 5),
(368, '7/E', 0, 163, 5),
(369, '3/E', 0, 164, 5),
(370, '5/E', 0, 165, 5),
(371, '3/E', 0, 166, 5),
(372, '2/E', 0, 167, 5),
(373, '4/E', 0, 168, 5),
(374, '5/E', 0, 169, 5),
(375, '5/E', 0, 170, 5),
(376, '3/E', 0, 171, 5),
(377, '5/E', 0, 172, 5),
(378, '3/E', 0, 172, 5),
(379, '2/E', 0, 174, 5),
(380, '1/E', 0, 175, 5),
(381, '5/E', 0, 176, 5),
(382, '7/E', 0, 177, 5),
(383, '7/EK', 0, 178, 5),
(384, '6/E', 0, 179, 5),
(385, '3/E', 0, 180, 5),
(386, '3/K', 0, 180, 5),
(387, '2/K', 0, 182, 5),
(388, 'W6/E', 0, 183, 5),
(389, '3/E', 0, 184, 5),
(390, '7/E', 0, 185, 5),
(391, '6/E', 0, 186, 5),
(392, '2/E', 0, 187, 5),
(393, '9/E', 0, 188, 5),
(394, '3/E', 0, 189, 5),
(395, '6/E', 0, 190, 5),
(396, '2/K', 0, 191, 5),
(397, '2/E', 0, 191, 5),
(398, '1/K', 0, 193, 5),
(399, '2/E', 0, 194, 5),
(400, '2/E', 0, 195, 5),
(401, '6/E', 0, 196, 5),
(402, '4/E', 0, 197, 5),
(403, '5/E', 0, 198, 5),
(404, '6/E', 0, 199, 5),
(405, 'Ist während den Namenlosen Tagen unauffindbar.', 0, 2, 2),
(406, 'Bis 6 Schritt um die Alveraine kann (nach Meisterentscheid) ein Sanktuarium sein.', 0, 2, 2),
(407, 'Jeder Teil der Plfanze gilt als einfach geweiht.', 0, 2, 2),
(408, 'Kann nur durch extreme Gewalt (100 LeP), Katastrophen oder schwarze Magie zerstört werden. Kann aber durch eine gute Tat oder ein göttergefälliges Ritual wiederbelebt werden.', 0, 2, 2),
(409, 'Herstellung von fliegenden Tepichen und anderen Artefakten mit gebundenen Dschinnen.', 183, 72, 1),
(410, 'Feen lieben Menchalblüten und setzen alles daran, diese zu kreigen. (W6 würfeln: \n1: Das Feenwesen gewährt einen Wunsch nach Meisterentscheid mit typischen feeischen Nebenwirkungen.\n2-4: Das Feenwesen bedient sich koboldischer Penetranz, bis der Besitzer die Blüten verschenkt.\n5: Es klaut die Blüte und hinterlässt anstelle ein Geschenk.\n6: Es ärgert die Mitreisenden so lange, bis diese den Besitzer überreden, die Blüten zu verschenken.)', 183, 72, 2),
(412, 'Für Achaz nicht schmackhaft (aber trotzdem giftig)', 51, 75, 2),
(413, 'Kann zu einem Einnahmegift verarbeitet werden: Dem Merach-Extrakt.', 51, 75, 6),
(415, 'Verwendung im Schlaftrunk.', 95, 132, 1),
(416, 'Wächst fast ausschliesslich an Eichen.', 0, 92, 2),
(417, 'Kann zu einem Heilmittel verarbeitet werden. Dem Brandhilf. Bei Zwergen ist dies jedoch Wirkungslos.', 185, 92, 6),
(418, 'Kann als Heilmittel bis zu W6+9Monate haltbarer gemacht werden. Als Eingelegter Donf', 16, 22, 6),
(419, 'Bei Zwergen kann das Kraut nur mit einer Selbstbeherschungsprobe +6 eingenommen werden. Und selbst dann bringt sie nur 2 LeP zurück. Ansonsten wird ein Brechreiz ausgelöst.', 100, 140, 3),
(421, 'Kann zu einem Heilmittel verarbeitet werden. Dem Argansud.', 3, 3, 6),
(422, 'Bei der Einnahme von mindestens zwei Portionen wird in der darauffolgenden Stunde jeder Schadenswurf durch das Gift um 1 Punkt vermindert.', 66, 93, 3),
(423, 'Um die Anzahl der eingenommenem Moosballen wird die Erschwernis auf Heilkunde Gift erleichtert. (Jedoch max. um die hälfte der Giftstufe)', 66, 93, 3),
(424, 'Die Pollen von zwei Blüten eingeatmet erzeugen rauschhafte Träume (W6 Stunden ekstatisches Delirium, danach 3W6 schwerer Kater (gute Eigenschaft je -2)', 186, 117, 3),
(425, 'Beim einatmen von Pollen aus 5 Blüten wirkt es als tödliches Atemgift. (Giftstufe 5, 2W6 SP pro Stunde für W6 Stunden)', 186, 117, 5),
(426, 'Für den Umgang als Rauschmittel benötigt man Proben Alchemie +9 oder Pflanzenkunde +6. Die Gefahr einer Selbstvergiftung ist gross.', 186, 117, 2),
(427, 'Kann zu einem Klebstoff weiterverarbeitet werden. Dem Orazalkleber.', 67, 95, 6),
(428, 'Als Feuerholz benützt entsteht ein beissend, qualmender Rauch. Dieser bringt die Augen zum tränen und ruft starke Kopfschmerzen hervor. (KL und IN je -5)', 67, 95, 2),
(429, 'Im Sonnenlicht erhitzt sich das Holz sosehr, dass man bei einer Berührung klebenbleibt. Durch entfernen wird gleich die oberste Hautschicht mit abgerissen. (Selbstbeherschungsprobe)', 67, 95, 2),
(430, 'Bis auf die Einheimischen der Insel ist diese Pflanze kaum bekannt und zählt zu den Pflanzen aus den Legenden und Sagen.', 0, 141, 2),
(431, 'Kann zu einem Alraunen-Sud verarbeitet werden, der die Haltbarkeit eines Trankes verlängern kann.', 1, 1, 6),
(432, 'Die Alraunenwurzel kann in starkem Alkohol eingelegt werden um diese haltbarer zu machen. Nach 24h werden die giftigen Bitterstoffe abgebaut.', 1, 1, 2),
(433, 'Vereinzelt wird versucht, die Rinde als konservierungsmittel bei Elixieren usw. zu verwenden.', 6, 9, 1),
(434, 'Um Xordai in Shikanydad zu erwerben muss man den Freiheitskampf der Maraskaner mit Gold oder Tat unterstrützen. In Tuzak und Jergan ist es günstiger zu erwerben...', 6, 9, 2),
(435, 'Die Blätter können zu Getrocknetem Belmart weiterverarbeitet werden. Diese haben eine heilende Wirkung und die Gefahr von Nebenwirkungen ist kleiner.', 8, 11, 6),
(436, 'Einen Absud von Borongeernteten Blättern soll abscheulich schmecken, regelmässig eingenommen aber vor viellerlei Krankheiten und Giften schützen. So wird jedenfalls gemunkelt.', 8, 11, 6),
(437, 'Ähnlich wie Mindergeister wächst die Kletterpflanze dort wo längere Zeit astrale Kräfte freigesetzt wurden. Bei Astraler Enerige in Artefakten gebunden wächst sie einen Bogen herum. ', 9, 13, 2),
(438, 'Bei dämonischer Präsenz verdorrt das Blutblat sekundenschnell.', 9, 13, 2);

-- --------------------------------------------------------

--
-- Table structure for table `plantTextType`
--

CREATE TABLE IF NOT EXISTS `plantTextType` (
  `id` int(11) NOT NULL AUTO_INCREMENT,
  `name` varchar(30) NOT NULL,
  `sequence` int(11) NOT NULL DEFAULT '99999',
  PRIMARY KEY (`id`)
) ENGINE=MyISAM  DEFAULT CHARSET=utf8 AUTO_INCREMENT=8 ;

--
-- Dumping data for table `plantTextType`
--

INSERT INTO `plantTextType` (`id`, `name`, `sequence`) VALUES
(1, 'Alchemistischer Nutzen', 99999),
(2, 'Besonderheiten', 99999),
(3, 'Effekt', 99999),
(4, '-- kein Wert --', 1),
(5, 'Gift', 99999),
(6, 'Weiterverarbeitung', 99999),
(7, 'Sucht', 99999);

-- --------------------------------------------------------

--
-- Table structure for table `plantType`
--

CREATE TABLE IF NOT EXISTS `plantType` (
  `id` int(11) NOT NULL AUTO_INCREMENT,
  `name` varchar(30) NOT NULL,
  `sequence` int(11) NOT NULL DEFAULT '99999',
  PRIMARY KEY (`id`)
) ENGINE=MyISAM  DEFAULT CHARSET=utf8 AUTO_INCREMENT=9 ;

--
-- Dumping data for table `plantType`
--

INSERT INTO `plantType` (`id`, `name`, `sequence`) VALUES
(1, 'Nutzpflanze', 99999),
(2, 'Übernatürliche Pflanze', 99999),
(3, 'Heilpflanze', 99999),
(4, 'Gewürz', 99999),
(5, 'Gefährliche Pflanze', 99999),
(6, 'Droge', 99999),
(7, 'Giftpflanze', 99999),
(8, '-- kein Wert --', 1);

-- --------------------------------------------------------

--
-- Table structure for table `plant_plantAttribute`
--

CREATE TABLE IF NOT EXISTS `plant_plantAttribute` (
  `id` int(11) NOT NULL AUTO_INCREMENT,
  `id_plant` int(11) NOT NULL,
  `id_plantAttribute` int(11) NOT NULL DEFAULT '1',
  PRIMARY KEY (`id`),
  KEY `id_plant` (`id_plant`,`id_plantAttribute`)
) ENGINE=MyISAM  DEFAULT CHARSET=utf8 AUTO_INCREMENT=33 ;

--
-- Dumping data for table `plant_plantAttribute`
--

INSERT INTO `plant_plantAttribute` (`id`, `id_plant`, `id_plantAttribute`) VALUES
(1, 149, 1),
(2, 2, 2),
(3, 72, 3),
(4, 75, 4),
(5, 75, 5),
(6, 132, 3),
(7, 132, 6),
(8, 72, 5),
(9, 72, 4),
(10, 75, 7),
(11, 132, 7),
(12, 137, 7),
(13, 137, 8),
(14, 92, 6),
(15, 22, 6),
(16, 140, 6),
(17, 3, 6),
(18, 93, 3),
(19, 117, 7),
(20, 117, 1),
(21, 95, 9),
(22, 95, 10),
(23, 130, 6),
(24, 1, 11),
(25, 7, 12),
(26, 8, 13),
(27, 9, 14),
(28, 10, 9),
(29, 11, 3),
(30, 11, 6),
(31, 11, 12),
(32, 13, 1);

-- --------------------------------------------------------

--
-- Table structure for table `plant_plantRegion`
--

CREATE TABLE IF NOT EXISTS `plant_plantRegion` (
  `id` int(11) NOT NULL AUTO_INCREMENT,
  `id_plant` int(11) NOT NULL,
  `id_plantRegion` int(11) NOT NULL DEFAULT '14',
  `id_plantRarity` int(11) NOT NULL DEFAULT '6',
  PRIMARY KEY (`id`),
  KEY `id_plant` (`id_plant`,`id_plantRegion`,`id_plantRarity`)
) ENGINE=MyISAM  DEFAULT CHARSET=utf8 AUTO_INCREMENT=55 ;

--
-- Dumping data for table `plant_plantRegion`
--

INSERT INTO `plant_plantRegion` (`id`, `id_plant`, `id_plantRegion`, `id_plantRarity`) VALUES
(1, 72, 2, 5),
(2, 72, 4, 5),
(3, 2, 15, 5),
(4, 75, 11, 4),
(5, 75, 12, 5),
(6, 132, 1, 5),
(7, 132, 3, 5),
(8, 132, 4, 5),
(9, 132, 5, 5),
(10, 132, 6, 3),
(11, 132, 7, 5),
(12, 132, 8, 5),
(13, 132, 9, 5),
(14, 132, 10, 5),
(15, 132, 12, 2),
(16, 132, 13, 2),
(17, 137, 7, 4),
(18, 92, 3, 4),
(19, 92, 12, 4),
(20, 22, 7, 4),
(21, 22, 9, 5),
(22, 22, 10, 3),
(23, 140, 5, 2),
(24, 140, 6, 3),
(25, 3, 12, 1),
(26, 3, 11, 3),
(27, 3, 10, 4),
(28, 93, 12, 4),
(29, 93, 4, 4),
(30, 93, 3, 4),
(31, 117, 13, 5),
(32, 117, 7, 5),
(33, 95, 11, 4),
(34, 95, 12, 5),
(35, 130, 12, 3),
(36, 130, 13, 4),
(37, 139, 5, 3),
(38, 139, 6, 4),
(39, 141, 13, 5),
(40, 141, 11, 5),
(41, 1, 7, 5),
(42, 1, 13, 5),
(43, 7, 3, 4),
(44, 8, 4, 4),
(45, 8, 5, 3),
(46, 8, 10, 5),
(47, 8, 9, 5),
(48, 9, 3, 5),
(49, 9, 11, 5),
(50, 10, 13, 5),
(51, 10, 12, 3),
(52, 11, 13, 4),
(53, 11, 12, 3),
(54, 13, 16, 4);

-- --------------------------------------------------------

--
-- Table structure for table `plant_plantType`
--

CREATE TABLE IF NOT EXISTS `plant_plantType` (
  `id` int(11) NOT NULL AUTO_INCREMENT,
  `id_plant` int(11) NOT NULL,
  `id_plantType` int(11) NOT NULL DEFAULT '8',
  PRIMARY KEY (`id`),
  KEY `id_plant` (`id_plant`,`id_plantType`)
) ENGINE=MyISAM  DEFAULT CHARSET=utf8 AUTO_INCREMENT=203 ;

--
-- Dumping data for table `plant_plantType`
--

INSERT INTO `plant_plantType` (`id`, `id_plant`, `id_plantType`) VALUES
(1, 18, 3),
(2, 18, 1),
(3, 20, 5),
(4, 20, 7),
(5, 25, 3),
(6, 25, 1),
(7, 28, 5),
(8, 28, 3),
(9, 30, 3),
(10, 30, 4),
(11, 65, 4),
(12, 71, 2),
(13, 67, 3),
(14, 67, 4),
(15, 69, 2),
(16, 69, 4),
(17, 72, 8),
(18, 72, 1),
(19, 72, 4),
(20, 80, 1),
(21, 80, 7),
(22, 105, 3),
(23, 105, 4),
(24, 109, 1),
(25, 109, 3),
(26, 111, 1),
(27, 111, 3),
(28, 113, 3),
(29, 113, 4),
(30, 137, 1),
(31, 137, 8),
(32, 142, 1),
(33, 142, 3),
(34, 142, 4),
(35, 215, 1),
(36, 215, 3),
(37, 224, 1),
(38, 224, 3),
(39, 1, 1),
(40, 2, 2),
(41, 3, 3),
(42, 7, 3),
(43, 8, 1),
(44, 9, 3),
(45, 10, 5),
(46, 11, 3),
(47, 13, 1),
(48, 14, 2),
(49, 15, 5),
(50, 16, 4),
(51, 17, 6),
(52, 22, 3),
(53, 23, 2),
(54, 24, 5),
(55, 27, 7),
(56, 34, 4),
(57, 36, 4),
(58, 36, 3),
(59, 39, 5),
(60, 40, 4),
(61, 40, 3),
(62, 44, 3),
(63, 45, 7),
(64, 46, 3),
(65, 47, 4),
(66, 48, 6),
(67, 49, 5),
(68, 50, 5),
(69, 51, 3),
(70, 52, 4),
(71, 53, 4),
(72, 54, 1),
(73, 56, 3),
(74, 57, 3),
(75, 58, 4),
(76, 60, 1),
(77, 61, 2),
(78, 62, 7),
(79, 63, 7),
(80, 64, 7),
(81, 65, 7),
(82, 75, 1),
(83, 76, 5),
(84, 77, 4),
(85, 79, 1),
(86, 82, 4),
(87, 83, 1),
(88, 84, 7),
(89, 85, 2),
(90, 86, 3),
(91, 88, 4),
(92, 89, 5),
(93, 90, 7),
(94, 91, 3),
(95, 92, 3),
(96, 93, 3),
(97, 95, 1),
(98, 97, 5),
(99, 98, 4),
(100, 99, 1),
(101, 100, 4),
(102, 101, 4),
(103, 102, 1),
(104, 103, 2),
(105, 104, 4),
(106, 116, 2),
(107, 117, 1),
(108, 118, 7),
(109, 119, 5),
(110, 120, 2),
(111, 121, 2),
(112, 122, 5),
(113, 123, 4),
(114, 124, 5),
(115, 125, 3),
(116, 126, 4),
(117, 127, 3),
(118, 128, 5),
(119, 129, 2),
(120, 130, 3),
(121, 132, 3),
(122, 135, 7),
(123, 136, 5),
(124, 139, 1),
(125, 140, 3),
(126, 141, 5),
(127, 146, 6),
(128, 147, 1),
(129, 148, 3),
(130, 149, 7),
(131, 151, 7),
(132, 152, 7),
(133, 153, 7),
(134, 154, 7),
(135, 155, 7),
(136, 156, 7),
(137, 157, 7),
(138, 158, 7),
(139, 159, 7),
(140, 160, 7),
(141, 161, 7),
(142, 162, 7),
(143, 163, 7),
(144, 164, 7),
(145, 165, 7),
(146, 166, 7),
(147, 167, 7),
(148, 168, 7),
(149, 169, 7),
(150, 170, 7),
(151, 171, 7),
(152, 172, 7),
(153, 182, 7),
(154, 174, 7),
(155, 175, 7),
(156, 176, 7),
(157, 177, 7),
(158, 178, 7),
(159, 179, 7),
(160, 180, 7),
(161, 183, 7),
(162, 184, 7),
(163, 185, 7),
(164, 186, 7),
(165, 187, 7),
(166, 188, 7),
(167, 189, 7),
(168, 190, 7),
(169, 191, 7),
(170, 192, 7),
(171, 193, 7),
(172, 194, 7),
(173, 195, 7),
(174, 196, 7),
(175, 197, 7),
(176, 198, 7),
(177, 199, 7),
(178, 200, 3),
(179, 201, 3),
(180, 202, 1),
(181, 203, 3),
(182, 204, 1),
(183, 205, 1),
(184, 206, 1),
(185, 207, 3),
(186, 208, 3),
(187, 209, 1),
(188, 210, 3),
(189, 211, 1),
(190, 212, 3),
(191, 213, 1),
(192, 214, 3),
(193, 217, 4),
(194, 218, 3),
(195, 219, 3),
(196, 220, 3),
(197, 221, 3),
(198, 222, 3),
(199, 223, 3),
(200, 226, 1),
(201, 75, 7),
(202, 117, 6);

-- --------------------------------------------------------

--
-- Table structure for table `race`
--

CREATE TABLE IF NOT EXISTS `race` (
  `id` int(3) unsigned NOT NULL AUTO_INCREMENT,
  `name` varchar(20) DEFAULT NULL,
  `id_mode` int(3) unsigned DEFAULT NULL,
  `picturePath` varchar(30) NOT NULL,
  `picturePathAlt` varchar(30) NOT NULL,
  `picturePathSel` varchar(30) NOT NULL,
  PRIMARY KEY (`id`),
  KEY `name` (`name`),
  KEY `id_mode` (`id_mode`)
) ENGINE=MyISAM  DEFAULT CHARSET=utf8 AUTO_INCREMENT=28 ;

--
-- Dumping data for table `race`
--

INSERT INTO `race` (`id`, `name`, `id_mode`, `picturePath`, `picturePathAlt`, `picturePathSel`) VALUES
(1, 'Mittelländer', 22, 'race/race_1.png', 'race_alt/race_1.png', ''),
(2, 'Thorwaler', 22, 'race/race_2.png', 'race_alt/race_2.png', ''),
(3, 'Nivesen', 22, 'race/race_3.png', 'race_alt/race_3.png', ''),
(4, 'Norbarden', 22, 'race/race_4.png', 'race_alt/race_4.png', ''),
(5, 'Trollzacker', 22, 'race/race_5.png', '', ''),
(6, 'Waldmenschen', 22, 'race/race_6.png', 'race_alt/race_6.png', ''),
(7, 'Utulus', 22, 'race/race_7.png', 'race_alt/race_7.png', ''),
(8, 'Auelfen', 23, 'race/race_8.png', 'race_alt/race_8.png', ''),
(9, 'Waldelfen', 23, 'race/race_9.png', 'race_alt/race_9.png', ''),
(10, 'Firnelfen', 23, 'race/race_10.png', 'race_alt/race_10.png', ''),
(11, 'Halbelfen', 23, 'race/race_11.png', 'race_alt/race_11.png', ''),
(12, 'Ambosszwerge', 24, 'race/race_12.png', 'race_alt/race_12.png', ''),
(13, 'Erzzwerge', 24, 'race/race_13.png', 'race_alt/race_13.png', ''),
(14, 'Hügelzwerge', 24, 'race/race_14.png', 'race_alt/race_14.png', ''),
(15, 'Brillantzwerge', 24, 'race/race_15.png', 'race_alt/race_15.png', ''),
(16, 'Wilde Zwerge', 24, 'race/race_16.png', '', ''),
(17, 'Orks', 25, 'race/race_17.png', 'race_alt/race_17.png', ''),
(18, 'Halborks', 25, 'race/race_18.png', 'race_alt/race_18.png', ''),
(19, 'Goblins', 26, 'race/race_19.png', 'race_alt/race_19.png', ''),
(20, 'Achaz', 27, 'race/race_20.png', 'race_alt/race_20.png', ''),
(22, 'Orkland-Achaz', 27, 'race/race_22.png', '', ''),
(23, 'Waldinsel-Achaz', 27, 'race/race_23.png', '', ''),
(24, 'Maraskan-Achaz', 27, 'race/race_24.png', '', ''),
(25, 'Tulamiden', 22, 'race/race_25.png', 'race_alt/race_25.png', ''),
(26, 'Rochshaz', 22, 'race/race_26.png', '', ''),
(27, 'Tocamuyac', 22, 'race/race_27.png', 'race_alt/race_27.png', '');

-- --------------------------------------------------------

--
-- Table structure for table `race_color`
--

CREATE TABLE IF NOT EXISTS `race_color` (
  `id_race` int(3) NOT NULL,
  `id_color` int(3) NOT NULL,
  KEY `id_race` (`id_race`,`id_color`)
) ENGINE=MyISAM DEFAULT CHARSET=utf8;

--
-- Dumping data for table `race_color`
--

INSERT INTO `race_color` (`id_race`, `id_color`) VALUES
(1, 32),
(1, 34),
(1, 35),
(1, 36),
(1, 37),
(1, 38),
(1, 39),
(1, 40),
(1, 43),
(1, 45),
(1, 49),
(1, 50),
(1, 51),
(1, 55),
(1, 58),
(1, 67),
(1, 73),
(1, 75),
(1, 76),
(1, 77),
(1, 78),
(1, 79),
(1, 80),
(1, 83),
(1, 84),
(1, 85),
(1, 87),
(1, 88),
(1, 89),
(1, 90),
(1, 91),
(1, 92),
(1, 96),
(1, 100),
(1, 102),
(1, 103),
(1, 104),
(1, 106),
(1, 107),
(1, 109),
(1, 110),
(1, 111),
(1, 120),
(1, 121),
(1, 124),
(1, 130),
(1, 131),
(1, 132),
(1, 134),
(1, 142),
(1, 144),
(1, 146),
(1, 147),
(1, 148),
(1, 151),
(1, 152),
(1, 153),
(1, 154),
(1, 161),
(1, 162),
(1, 163),
(1, 164),
(1, 173),
(1, 174),
(1, 177),
(1, 178),
(1, 179),
(1, 180),
(1, 181),
(1, 182),
(1, 183),
(1, 184),
(1, 191),
(1, 192),
(1, 196),
(1, 197),
(1, 198),
(1, 199),
(1, 200),
(1, 201),
(1, 202),
(1, 203),
(1, 204),
(1, 210),
(1, 211),
(1, 212),
(1, 213),
(1, 214),
(1, 217),
(1, 219),
(1, 220),
(1, 221),
(1, 224),
(1, 225),
(1, 226),
(1, 227),
(1, 228),
(1, 229),
(1, 230),
(1, 231),
(1, 232),
(1, 233),
(1, 234),
(1, 235),
(1, 236),
(1, 237),
(1, 238),
(1, 239),
(1, 240),
(1, 241),
(1, 242),
(1, 243),
(1, 244),
(1, 245),
(1, 246),
(1, 247),
(1, 248),
(1, 249),
(1, 250),
(1, 251),
(1, 254),
(1, 255),
(1, 256),
(1, 257),
(1, 258),
(1, 259),
(1, 260),
(1, 261),
(1, 263),
(1, 270),
(1, 271),
(1, 273),
(1, 274),
(1, 275),
(1, 277),
(1, 278),
(1, 279),
(1, 280),
(1, 281),
(1, 282),
(1, 283),
(1, 284),
(1, 285),
(1, 286),
(1, 287),
(1, 288),
(1, 289),
(1, 291),
(1, 292),
(1, 293),
(1, 294),
(1, 295),
(1, 297),
(1, 298),
(1, 299),
(1, 300),
(1, 301),
(1, 302),
(1, 303),
(1, 304),
(1, 305),
(1, 306),
(1, 307),
(1, 308),
(1, 309),
(1, 310),
(1, 316),
(1, 317),
(1, 321),
(1, 322),
(1, 325),
(1, 326),
(1, 328),
(1, 331),
(1, 332),
(1, 333),
(1, 334),
(1, 335),
(1, 336),
(1, 339),
(1, 340),
(1, 341),
(1, 343),
(1, 344),
(1, 345),
(1, 347),
(1, 348),
(1, 349),
(1, 352),
(1, 353),
(1, 356),
(1, 361),
(1, 362),
(1, 363),
(1, 364),
(1, 366),
(1, 367),
(1, 368),
(1, 369),
(1, 370),
(1, 371),
(1, 372),
(1, 373),
(1, 374),
(1, 376),
(1, 378),
(1, 380),
(1, 382),
(1, 383),
(1, 384),
(1, 385),
(1, 387),
(1, 390),
(1, 391),
(1, 392),
(1, 393),
(1, 395),
(1, 397),
(1, 400),
(1, 410),
(1, 411),
(1, 412),
(1, 413),
(1, 414),
(1, 415),
(1, 416),
(1, 417),
(1, 418),
(1, 419),
(1, 420),
(1, 424),
(1, 425),
(1, 426),
(1, 431),
(1, 432),
(1, 433),
(1, 434),
(1, 435),
(1, 436),
(1, 437),
(1, 438),
(1, 440),
(1, 441),
(1, 445),
(1, 447),
(1, 448),
(1, 449),
(1, 454),
(1, 455),
(1, 456),
(1, 460),
(1, 461),
(1, 466),
(1, 467),
(1, 468),
(1, 469),
(1, 471),
(1, 474),
(1, 478),
(1, 480),
(1, 482),
(1, 483),
(1, 486),
(1, 488),
(1, 489),
(1, 490),
(1, 491),
(1, 492),
(1, 494),
(1, 496),
(1, 497),
(1, 498),
(1, 499),
(1, 500),
(1, 502),
(1, 503),
(1, 504),
(1, 507),
(1, 508),
(1, 511),
(1, 512),
(1, 514),
(1, 515),
(1, 516),
(1, 517),
(1, 518),
(1, 519),
(1, 524),
(1, 525),
(1, 526),
(1, 527),
(1, 528),
(1, 529),
(1, 531),
(1, 532),
(1, 533),
(1, 534),
(1, 536),
(1, 537),
(1, 538),
(1, 540),
(1, 541),
(1, 542),
(1, 546),
(1, 547),
(1, 548),
(1, 549),
(1, 550),
(1, 552),
(1, 553),
(1, 554),
(1, 555),
(1, 564),
(1, 565),
(1, 569),
(1, 570),
(1, 571),
(1, 576),
(1, 578),
(1, 580),
(1, 581),
(1, 582),
(1, 583),
(1, 584),
(1, 585),
(1, 586),
(1, 587),
(1, 588),
(1, 590),
(1, 591),
(1, 592),
(1, 593),
(1, 594),
(1, 595),
(1, 596),
(1, 597),
(1, 599),
(1, 600),
(1, 601),
(1, 602),
(1, 603),
(1, 604),
(1, 605),
(1, 606),
(1, 609),
(1, 610),
(1, 611),
(1, 612),
(1, 613),
(1, 614),
(1, 615),
(1, 616),
(1, 618),
(1, 619),
(1, 620),
(1, 621),
(1, 622),
(1, 624),
(1, 625),
(1, 626),
(1, 629),
(1, 631),
(1, 632),
(1, 633),
(1, 634),
(1, 636),
(1, 637),
(1, 644),
(1, 645),
(1, 646),
(1, 647),
(1, 648),
(1, 649),
(1, 650),
(1, 653),
(1, 656),
(1, 657),
(1, 658),
(1, 659),
(1, 660),
(1, 661),
(1, 662),
(1, 663),
(1, 664),
(1, 665),
(1, 666),
(1, 667),
(1, 668),
(1, 669),
(1, 670),
(1, 671),
(1, 672),
(1, 673),
(1, 674),
(1, 675),
(1, 676),
(1, 677),
(1, 678),
(1, 679),
(1, 680),
(1, 681),
(1, 682),
(1, 683),
(1, 684),
(1, 685),
(1, 686),
(1, 687),
(1, 688),
(1, 690),
(1, 691),
(1, 693),
(1, 694),
(1, 695),
(1, 696),
(1, 697),
(1, 699),
(1, 700),
(1, 701),
(1, 702),
(1, 703),
(1, 704),
(1, 705),
(1, 706),
(1, 707),
(1, 708),
(1, 710),
(1, 711),
(1, 712),
(1, 714),
(1, 715),
(1, 716),
(1, 717),
(1, 718),
(1, 719),
(1, 720),
(1, 721),
(1, 722),
(1, 723),
(1, 724),
(1, 725),
(1, 726),
(1, 727),
(1, 729),
(1, 731),
(1, 732),
(1, 733),
(1, 734),
(1, 735),
(1, 736),
(1, 737),
(1, 738),
(1, 739),
(1, 740),
(1, 741),
(1, 742),
(1, 743),
(1, 744),
(1, 745),
(1, 747),
(1, 748),
(1, 749),
(1, 750),
(1, 751),
(1, 753),
(1, 754),
(1, 755),
(1, 757),
(1, 758),
(1, 759),
(1, 760),
(1, 761),
(1, 762),
(1, 763),
(1, 764),
(1, 765),
(1, 766),
(1, 767),
(1, 768),
(1, 769),
(1, 770),
(1, 771),
(1, 772),
(1, 773),
(1, 774),
(1, 775),
(1, 776),
(1, 777),
(1, 778),
(1, 779),
(1, 780),
(1, 781),
(1, 782),
(1, 783),
(1, 784),
(1, 785),
(1, 786),
(1, 787),
(1, 788),
(1, 789),
(1, 790),
(1, 791),
(1, 792),
(1, 793),
(1, 794),
(1, 795),
(1, 796),
(1, 797),
(1, 798),
(1, 799),
(1, 800),
(1, 801),
(1, 802),
(1, 803),
(1, 804),
(1, 805),
(1, 806),
(1, 807),
(1, 808),
(1, 809),
(1, 810),
(1, 811),
(1, 812),
(1, 813),
(1, 814),
(1, 815),
(1, 816),
(1, 817),
(1, 818),
(1, 819),
(1, 820),
(1, 821),
(1, 822),
(1, 823),
(1, 824),
(1, 825),
(1, 826),
(1, 827),
(1, 828),
(1, 829),
(1, 830),
(1, 831),
(1, 832),
(1, 833),
(1, 834),
(1, 835),
(1, 836),
(1, 837),
(1, 838),
(1, 839),
(1, 840),
(1, 841),
(1, 842),
(1, 843),
(1, 844),
(1, 845),
(1, 846),
(1, 847),
(1, 848),
(1, 849),
(1, 850),
(1, 851),
(1, 852),
(1, 853),
(1, 854),
(1, 855),
(1, 856),
(1, 857),
(1, 858),
(1, 859),
(1, 860),
(1, 861),
(1, 862),
(1, 863),
(1, 864),
(1, 865),
(1, 866),
(1, 867),
(1, 868),
(1, 869),
(1, 870),
(1, 871),
(1, 872),
(1, 873),
(1, 874),
(1, 875),
(1, 876),
(1, 877),
(1, 878),
(1, 879),
(1, 880),
(1, 881),
(1, 882),
(1, 883),
(1, 884),
(1, 885),
(1, 886),
(1, 887),
(1, 888),
(1, 889),
(1, 890),
(1, 891),
(1, 892),
(1, 893),
(1, 894),
(1, 895),
(1, 896),
(1, 897),
(1, 898),
(1, 899),
(1, 900),
(1, 901),
(1, 902),
(1, 903),
(1, 904),
(1, 905),
(1, 907),
(1, 908),
(1, 909),
(1, 910),
(1, 911),
(1, 912),
(1, 913),
(1, 914),
(1, 915),
(1, 916),
(1, 917),
(1, 918),
(1, 919),
(1, 920),
(1, 921),
(1, 922),
(1, 924),
(1, 925),
(1, 926),
(1, 929),
(1, 930),
(1, 931),
(1, 932),
(1, 933),
(1, 934),
(1, 935),
(1, 938),
(1, 939),
(1, 940),
(1, 941),
(1, 942),
(1, 943),
(1, 944),
(1, 945),
(1, 946),
(1, 947),
(1, 948),
(1, 949),
(1, 950),
(1, 951),
(1, 952),
(1, 953),
(1, 954),
(1, 955),
(1, 956),
(1, 958),
(1, 959),
(1, 960),
(1, 961),
(1, 962),
(1, 963),
(1, 964),
(1, 965),
(1, 966),
(1, 967),
(1, 968),
(1, 969),
(1, 970),
(1, 971),
(1, 972),
(1, 973),
(1, 974),
(1, 975),
(1, 976),
(1, 977),
(1, 978),
(1, 979),
(1, 980),
(1, 981),
(1, 982),
(1, 983),
(1, 984),
(1, 985),
(1, 986),
(1, 987),
(1, 988),
(1, 989),
(1, 990),
(1, 991),
(1, 992),
(1, 993),
(1, 994),
(1, 995),
(1, 996),
(1, 997),
(1, 998),
(1, 999),
(1, 1000),
(1, 1001),
(1, 1002),
(1, 1003),
(1, 1004),
(1, 1005),
(1, 1006),
(1, 1007),
(1, 1008),
(1, 1009),
(1, 1010),
(1, 1011),
(1, 1012),
(1, 1013),
(1, 1014),
(1, 1015),
(1, 1016),
(1, 1017),
(1, 1018),
(1, 1019),
(1, 1020),
(1, 1021),
(1, 1022),
(1, 1023),
(1, 1024),
(1, 1025),
(1, 1026),
(1, 1027),
(1, 1028),
(1, 1029),
(1, 1030),
(1, 1031),
(1, 1032),
(1, 1033),
(1, 1034),
(1, 1035),
(1, 1036),
(1, 1037),
(1, 1038),
(1, 1039),
(1, 1040),
(1, 1041),
(1, 1042),
(1, 1043),
(1, 1044),
(1, 1045),
(1, 1047),
(1, 1048),
(1, 1049),
(1, 1050),
(1, 1051),
(1, 1052),
(1, 1054),
(1, 1055),
(1, 1057),
(1, 1058),
(1, 1059),
(1, 1060),
(1, 1061),
(1, 1062),
(1, 1063),
(1, 1064),
(1, 1065),
(1, 1066),
(1, 1067),
(1, 1068),
(1, 1069),
(1, 1070),
(1, 1071),
(1, 1072),
(1, 1073),
(1, 1074),
(1, 1075),
(1, 1076),
(1, 1077),
(1, 1078),
(1, 1079),
(1, 1080),
(1, 1081),
(1, 1082),
(1, 1086),
(1, 1089),
(1, 1090),
(1, 1091),
(1, 1095),
(1, 1100),
(1, 1101),
(1, 1102),
(1, 1103),
(1, 1104),
(1, 1105),
(1, 1106),
(1, 1107),
(1, 1108),
(1, 1109),
(1, 1112),
(1, 1115),
(1, 1118),
(1, 1119),
(1, 1120),
(1, 1122),
(1, 1123),
(1, 1126),
(1, 1127),
(1, 1130),
(1, 1131),
(1, 1132),
(1, 1133),
(1, 1134),
(1, 1135),
(1, 1136),
(1, 1137),
(1, 1138),
(1, 1139),
(1, 1140),
(1, 1141),
(1, 1142),
(1, 1143),
(1, 1144),
(1, 1145),
(1, 1147),
(1, 1148),
(1, 1149),
(1, 1150),
(1, 1151),
(1, 1152),
(1, 1153),
(1, 1154),
(1, 1156),
(1, 1157),
(1, 1158),
(1, 1159),
(1, 1160),
(1, 1161),
(1, 1162),
(1, 1163),
(1, 1164),
(1, 1165),
(1, 1166),
(1, 1167),
(1, 1168),
(1, 1169),
(1, 1175),
(1, 1176),
(1, 1177),
(1, 1180),
(1, 1181),
(1, 1182),
(1, 1183),
(1, 1184),
(1, 1185),
(1, 1186),
(1, 1188),
(1, 1189),
(1, 1192),
(1, 1193),
(1, 1194),
(1, 1195),
(1, 1197),
(1, 1198),
(1, 1199),
(1, 1200),
(1, 1201),
(1, 1202),
(1, 1203),
(1, 1204),
(1, 1205),
(1, 1206),
(1, 1207),
(1, 1208),
(1, 1209),
(1, 1210),
(1, 1211),
(1, 1212),
(1, 1213),
(1, 1214),
(1, 1216),
(1, 1217),
(1, 1219),
(1, 1223),
(1, 1224),
(1, 1226),
(1, 1227),
(1, 1228),
(1, 1229),
(1, 1230),
(1, 1231),
(1, 1232),
(1, 1233),
(1, 1234),
(1, 1235),
(1, 1236),
(1, 1237),
(1, 1238),
(1, 1239),
(1, 1241),
(1, 1242),
(1, 1243),
(1, 1245),
(1, 1247),
(1, 1248),
(1, 1250),
(1, 1251),
(1, 1252),
(1, 1253),
(1, 1254),
(1, 1255),
(1, 1256),
(1, 1257),
(1, 1258),
(1, 1259),
(1, 1260),
(1, 1261),
(1, 1262),
(1, 1263),
(1, 1264),
(1, 1265),
(1, 1266),
(1, 1267),
(1, 1268),
(1, 1269),
(1, 1270),
(1, 1271),
(1, 1274),
(1, 1275),
(1, 1278),
(1, 1279),
(1, 1280),
(1, 1281),
(1, 1282),
(1, 1283),
(1, 1285),
(1, 1286),
(1, 1289),
(1, 1290),
(1, 1291),
(1, 1293),
(1, 1294),
(1, 1295),
(1, 1296),
(1, 1297),
(1, 1298),
(1, 1299),
(1, 1300),
(1, 1301),
(1, 1302),
(1, 1303),
(1, 1304),
(1, 1305),
(1, 1306),
(1, 1307),
(1, 1309),
(1, 1310),
(1, 1311),
(1, 1312),
(1, 1313),
(1, 1314),
(1, 1317),
(1, 1318),
(1, 1319),
(1, 1320),
(1, 1322),
(1, 1323),
(1, 1324),
(1, 1326),
(1, 1327),
(1, 1328),
(1, 1330),
(1, 1331),
(1, 1332),
(1, 1333),
(1, 1334),
(1, 1335),
(1, 1336),
(1, 1337),
(1, 1338),
(1, 1339),
(1, 1340),
(1, 1341),
(1, 1342),
(1, 1343),
(1, 1344),
(1, 1345),
(1, 1346),
(1, 1347),
(1, 1348),
(1, 1349),
(1, 1351),
(1, 1352),
(1, 1353),
(1, 1354),
(1, 1355),
(1, 1356),
(1, 1357),
(1, 1358),
(1, 1360),
(1, 1361),
(1, 1364),
(1, 1366),
(1, 1367),
(1, 1368),
(1, 1370),
(1, 1371),
(1, 1372),
(1, 1373),
(1, 1374),
(1, 1375),
(1, 1376),
(1, 1377),
(1, 1378),
(1, 1379),
(1, 1381),
(1, 1382),
(1, 1383),
(1, 1384),
(1, 1385),
(1, 1386),
(1, 1387),
(1, 1389),
(1, 1390),
(1, 1391),
(1, 1392),
(1, 1395),
(1, 1396),
(1, 1397),
(1, 1398),
(1, 1400),
(1, 1401),
(1, 1403),
(1, 1404),
(1, 1405),
(1, 1406),
(1, 1407),
(1, 1408),
(1, 1409),
(1, 1410),
(1, 1411),
(1, 1412),
(1, 1413),
(1, 1414),
(1, 1415),
(1, 1417),
(1, 1418),
(1, 1419),
(1, 1420),
(1, 1421),
(1, 1422),
(1, 1423),
(1, 1424),
(1, 1425),
(1, 1426),
(1, 1427),
(1, 1428),
(1, 1429),
(1, 1430),
(1, 1431),
(1, 1432),
(1, 1433),
(1, 1434),
(1, 1435),
(1, 1436),
(1, 1437),
(1, 1438),
(1, 1439),
(1, 1440),
(1, 1441),
(1, 1442),
(1, 1443),
(1, 1444),
(1, 1445),
(1, 1446),
(1, 1447),
(1, 1448),
(1, 1449),
(1, 1450),
(1, 1451),
(1, 1452),
(1, 1453),
(1, 1454),
(1, 1455),
(1, 1456),
(1, 1457),
(1, 1458),
(1, 1459),
(1, 1461),
(1, 1462),
(1, 1463),
(1, 1464),
(1, 1466),
(1, 1467),
(1, 1468),
(1, 1469),
(1, 1470),
(1, 1477),
(1, 1478),
(1, 1479),
(1, 1480),
(1, 1481),
(1, 1482),
(1, 1484),
(1, 1485),
(1, 1486),
(1, 1487),
(1, 1488),
(1, 1489),
(1, 1490),
(1, 1491),
(1, 1492),
(1, 1493),
(1, 1494),
(1, 1495),
(1, 1496),
(1, 1497),
(1, 1499),
(1, 1500),
(1, 1502),
(1, 1503),
(1, 1504),
(1, 1505),
(1, 1506),
(1, 1507),
(1, 1508),
(1, 1509),
(1, 1510),
(1, 1512),
(1, 1513),
(1, 1514),
(1, 1515),
(1, 1516),
(1, 1518),
(1, 1519),
(1, 1520),
(1, 1521),
(1, 1522),
(1, 1523),
(1, 1524),
(1, 1525),
(1, 1526),
(1, 1527),
(1, 1528),
(1, 1529),
(1, 1530),
(1, 1531),
(1, 1532),
(1, 1533),
(1, 1534),
(1, 1535),
(1, 1536),
(1, 1537),
(1, 1538),
(1, 1539),
(1, 1540),
(1, 1541),
(1, 1542),
(1, 1543),
(1, 1544),
(1, 1545),
(1, 1546),
(1, 1547),
(1, 1548),
(1, 1549),
(1, 1550),
(1, 1551),
(1, 1552),
(1, 1553),
(1, 1554),
(1, 1555),
(1, 1556),
(1, 1557),
(1, 1558),
(1, 1559),
(1, 1560),
(1, 1561),
(1, 1562),
(1, 1563),
(1, 1564),
(1, 1565),
(1, 1566),
(1, 1567),
(1, 1568),
(1, 1569),
(1, 1570),
(1, 1571),
(1, 1573),
(1, 1574),
(1, 1575),
(1, 1576),
(1, 1577),
(1, 1578),
(1, 1579),
(1, 1580),
(1, 1581),
(1, 1582),
(1, 1584),
(1, 1585),
(1, 1586),
(1, 1587),
(1, 1588),
(1, 1589),
(1, 1590),
(1, 1591),
(1, 1592),
(1, 1593),
(1, 1594),
(1, 1595),
(1, 1596),
(1, 1597),
(1, 1598),
(1, 1599),
(1, 1600),
(1, 1601),
(1, 1602),
(1, 1603),
(1, 1604),
(1, 1605),
(1, 1606),
(1, 1607),
(1, 1608),
(1, 1609),
(1, 1610),
(1, 1611),
(1, 1612),
(1, 1613),
(1, 1614),
(1, 1615),
(1, 1616),
(1, 1617),
(1, 1618),
(1, 1619),
(1, 1620),
(1, 1621),
(1, 1622),
(1, 1623),
(1, 1624),
(1, 1625),
(1, 1626),
(1, 1627),
(1, 1628),
(1, 1629),
(1, 1630),
(1, 1631),
(1, 1632),
(1, 1633),
(1, 1634),
(1, 1635),
(1, 1636),
(1, 1637),
(1, 1638),
(1, 1639),
(1, 1641),
(1, 1642),
(1, 1643),
(1, 1644),
(1, 1645),
(1, 1646),
(1, 1647),
(1, 1648),
(1, 1649),
(1, 1650),
(1, 1651),
(1, 1652),
(1, 1653),
(1, 1654),
(1, 1655),
(1, 1656),
(1, 1657),
(1, 1658),
(1, 1659),
(1, 1660),
(1, 1661),
(1, 1662),
(1, 1663),
(1, 1664),
(1, 1665),
(1, 1666),
(1, 1667),
(1, 1668),
(1, 1669),
(1, 1670),
(1, 1671),
(1, 1672),
(1, 1673),
(1, 1674),
(1, 1675),
(1, 1676),
(2, 22),
(2, 23),
(2, 27),
(2, 28),
(2, 29),
(2, 32),
(2, 33),
(2, 34),
(2, 35),
(2, 36),
(2, 37),
(2, 38),
(2, 39),
(2, 40),
(2, 43),
(2, 44),
(2, 45),
(2, 49),
(2, 50),
(2, 51),
(2, 55),
(2, 58),
(2, 67),
(2, 73),
(2, 75),
(2, 76),
(2, 77),
(2, 78),
(2, 79),
(2, 80),
(2, 81),
(2, 83),
(2, 84),
(2, 85),
(2, 87),
(2, 88),
(2, 89),
(2, 90),
(2, 91),
(2, 92),
(2, 95),
(2, 96),
(2, 100),
(2, 102),
(2, 103),
(2, 104),
(2, 106),
(2, 107),
(2, 109),
(2, 110),
(2, 111),
(2, 117),
(2, 118),
(2, 119),
(2, 120),
(2, 121),
(2, 124),
(2, 130),
(2, 131),
(2, 132),
(2, 134),
(2, 141),
(2, 142),
(2, 144),
(2, 145),
(2, 146),
(2, 147),
(2, 148),
(2, 149),
(2, 151),
(2, 152),
(2, 153),
(2, 154),
(2, 161),
(2, 162),
(2, 163),
(2, 164),
(2, 167),
(2, 168),
(2, 172),
(2, 173),
(2, 174),
(2, 177),
(2, 178),
(2, 179),
(2, 180),
(2, 181),
(2, 182),
(2, 183),
(2, 184),
(2, 191),
(2, 192),
(2, 196),
(2, 197),
(2, 198),
(2, 199),
(2, 200),
(2, 201),
(2, 202),
(2, 203),
(2, 204),
(2, 210),
(2, 211),
(2, 212),
(2, 213),
(2, 214),
(2, 215),
(2, 216),
(2, 217),
(2, 219),
(2, 220),
(2, 221),
(2, 224),
(2, 225),
(2, 226),
(2, 227),
(2, 228),
(2, 229),
(2, 230),
(2, 231),
(2, 232),
(2, 233),
(2, 234),
(2, 235),
(2, 236),
(2, 237),
(2, 238),
(2, 239),
(2, 240),
(2, 241),
(2, 242),
(2, 243),
(2, 244),
(2, 245),
(2, 246),
(2, 247),
(2, 248),
(2, 249),
(2, 250),
(2, 251),
(2, 254),
(2, 255),
(2, 256),
(2, 257),
(2, 258),
(2, 259),
(2, 260),
(2, 261),
(2, 263),
(2, 270),
(2, 271),
(2, 272),
(2, 273),
(2, 274),
(2, 275),
(2, 277),
(2, 278),
(2, 279),
(2, 280),
(2, 281),
(2, 282),
(2, 283),
(2, 284),
(2, 285),
(2, 286),
(2, 287),
(2, 288),
(2, 289),
(2, 290),
(2, 291),
(2, 292),
(2, 293),
(2, 294),
(2, 295),
(2, 296),
(2, 297),
(2, 298),
(2, 299),
(2, 300),
(2, 301),
(2, 302),
(2, 303),
(2, 304),
(2, 305),
(2, 306),
(2, 307),
(2, 308),
(2, 309),
(2, 310),
(2, 316),
(2, 317),
(2, 318),
(2, 321),
(2, 322),
(2, 325),
(2, 326),
(2, 328),
(2, 329),
(2, 331),
(2, 332),
(2, 333),
(2, 334),
(2, 335),
(2, 336),
(2, 339),
(2, 340),
(2, 341),
(2, 343),
(2, 344),
(2, 345),
(2, 346),
(2, 347),
(2, 348),
(2, 349),
(2, 351),
(2, 352),
(2, 353),
(2, 355),
(2, 356),
(2, 358),
(2, 359),
(2, 361),
(2, 362),
(2, 363),
(2, 364),
(2, 366),
(2, 367),
(2, 368),
(2, 369),
(2, 370),
(2, 371),
(2, 372),
(2, 373),
(2, 374),
(2, 376),
(2, 378),
(2, 380),
(2, 382),
(2, 383),
(2, 384),
(2, 385),
(2, 387),
(2, 390),
(2, 391),
(2, 392),
(2, 393),
(2, 395),
(2, 397),
(2, 400),
(2, 410),
(2, 411),
(2, 412),
(2, 413),
(2, 414),
(2, 415),
(2, 416),
(2, 417),
(2, 418),
(2, 419),
(2, 420),
(2, 424),
(2, 425),
(2, 426),
(2, 431),
(2, 432),
(2, 433),
(2, 434),
(2, 435),
(2, 436),
(2, 437),
(2, 438),
(2, 440),
(2, 441),
(2, 445),
(2, 447),
(2, 448),
(2, 449),
(2, 454),
(2, 455),
(2, 456),
(2, 460),
(2, 461),
(2, 466),
(2, 467),
(2, 468),
(2, 469),
(2, 471),
(2, 474),
(2, 478),
(2, 480),
(2, 482),
(2, 483),
(2, 486),
(2, 488),
(2, 489),
(2, 490),
(2, 491),
(2, 492),
(2, 494),
(2, 496),
(2, 497),
(2, 498),
(2, 499),
(2, 500),
(2, 502),
(2, 503),
(2, 504),
(2, 507),
(2, 508),
(2, 511),
(2, 512),
(2, 514),
(2, 515),
(2, 516),
(2, 517),
(2, 518),
(2, 519),
(2, 524),
(2, 525),
(2, 526),
(2, 527),
(2, 528),
(2, 529),
(2, 531),
(2, 532),
(2, 533),
(2, 534),
(2, 536),
(2, 537),
(2, 538),
(2, 540),
(2, 541),
(2, 542),
(2, 546),
(2, 547),
(2, 548),
(2, 549),
(2, 550),
(2, 552),
(2, 553),
(2, 554),
(2, 555),
(2, 564),
(2, 565),
(2, 569),
(2, 570),
(2, 571),
(2, 576),
(2, 578),
(2, 580),
(2, 581),
(2, 582),
(2, 583),
(2, 584),
(2, 585),
(2, 586),
(2, 587),
(2, 588),
(2, 590),
(2, 591),
(2, 592),
(2, 593),
(2, 594),
(2, 595),
(2, 596),
(2, 597),
(2, 599),
(2, 600),
(2, 601),
(2, 602),
(2, 603),
(2, 604),
(2, 605),
(2, 606),
(2, 609),
(2, 610),
(2, 611),
(2, 612),
(2, 613),
(2, 614),
(2, 615),
(2, 616),
(2, 618),
(2, 619),
(2, 620),
(2, 621),
(2, 622),
(2, 624),
(2, 625),
(2, 626),
(2, 629),
(2, 631),
(2, 632),
(2, 633),
(2, 634),
(2, 636),
(2, 637),
(2, 644),
(2, 645),
(2, 647),
(2, 648),
(2, 649),
(2, 650),
(2, 653),
(2, 656),
(2, 657),
(2, 658),
(2, 659),
(2, 660),
(2, 661),
(2, 662),
(2, 663),
(2, 664),
(2, 665),
(2, 666),
(2, 667),
(2, 668),
(2, 669),
(2, 670),
(2, 671),
(2, 672),
(2, 673),
(2, 674),
(2, 675),
(2, 676),
(2, 677),
(2, 678),
(2, 679),
(2, 680),
(2, 681),
(2, 682),
(2, 683),
(2, 684),
(2, 685),
(2, 686),
(2, 687),
(2, 688),
(2, 690),
(2, 691),
(2, 693),
(2, 694),
(2, 695),
(2, 696),
(2, 697),
(2, 699),
(2, 700),
(2, 701),
(2, 702),
(2, 703),
(2, 704),
(2, 705),
(2, 706),
(2, 708),
(2, 710),
(2, 711),
(2, 712),
(2, 714),
(2, 715),
(2, 716),
(2, 717),
(2, 718),
(2, 719),
(2, 720),
(2, 721),
(2, 722),
(2, 723),
(2, 724),
(2, 725),
(2, 726),
(2, 727),
(2, 729),
(2, 731),
(2, 732),
(2, 733),
(2, 734),
(2, 735),
(2, 736),
(2, 737),
(2, 738),
(2, 739),
(2, 740),
(2, 741),
(2, 742),
(2, 743),
(2, 744),
(2, 745),
(2, 747),
(2, 748),
(2, 749),
(2, 750),
(2, 751),
(2, 753),
(2, 754),
(2, 755),
(2, 757),
(2, 758),
(2, 759),
(2, 760),
(2, 761),
(2, 762),
(2, 763),
(2, 764),
(2, 765),
(2, 766),
(2, 767),
(2, 768),
(2, 769),
(2, 770),
(2, 771),
(2, 772),
(2, 773),
(2, 774),
(2, 775),
(2, 777),
(2, 778),
(2, 779),
(2, 780),
(2, 781),
(2, 782),
(2, 783),
(2, 784),
(2, 785),
(2, 787),
(2, 788),
(2, 789),
(2, 790),
(2, 791),
(2, 792),
(2, 793),
(2, 794),
(2, 795),
(2, 796),
(2, 797),
(2, 798),
(2, 799),
(2, 800),
(2, 801),
(2, 802),
(2, 803),
(2, 804),
(2, 805),
(2, 806),
(2, 807),
(2, 808),
(2, 809),
(2, 810),
(2, 811),
(2, 812),
(2, 813),
(2, 814),
(2, 815),
(2, 816),
(2, 817),
(2, 818),
(2, 819),
(2, 820),
(2, 821),
(2, 822),
(2, 823),
(2, 824),
(2, 825),
(2, 826),
(2, 827),
(2, 828),
(2, 829),
(2, 830),
(2, 831),
(2, 832),
(2, 833),
(2, 834),
(2, 835),
(2, 836),
(2, 837),
(2, 838),
(2, 839),
(2, 840),
(2, 841),
(2, 842),
(2, 845),
(2, 846),
(2, 847),
(2, 849),
(2, 850),
(2, 851),
(2, 852),
(2, 853),
(2, 854),
(2, 855),
(2, 856),
(2, 857),
(2, 858),
(2, 859),
(2, 860),
(2, 861),
(2, 862),
(2, 863),
(2, 864),
(2, 865),
(2, 866),
(2, 867),
(2, 868),
(2, 869),
(2, 870),
(2, 871),
(2, 872),
(2, 873),
(2, 874),
(2, 875),
(2, 876),
(2, 877),
(2, 880),
(2, 881),
(2, 882),
(2, 883),
(2, 885),
(2, 886),
(2, 887),
(2, 888),
(2, 889),
(2, 890),
(2, 891),
(2, 892),
(2, 893),
(2, 894),
(2, 895),
(2, 896),
(2, 897),
(2, 898),
(2, 899),
(2, 900),
(2, 901),
(2, 902),
(2, 904),
(2, 905),
(2, 907),
(2, 908),
(2, 909),
(2, 910),
(2, 911),
(2, 912),
(2, 913),
(2, 914),
(2, 915),
(2, 916),
(2, 917),
(2, 918),
(2, 919),
(2, 920),
(2, 921),
(2, 922),
(2, 924),
(2, 925),
(2, 926),
(2, 929),
(2, 930),
(2, 931),
(2, 932),
(2, 933),
(2, 934),
(2, 935),
(2, 938),
(2, 939),
(2, 940),
(2, 942),
(2, 944),
(2, 945),
(2, 946),
(2, 947),
(2, 948),
(2, 949),
(2, 950),
(2, 951),
(2, 953),
(2, 954),
(2, 959),
(2, 960),
(2, 961),
(2, 962),
(2, 964),
(2, 965),
(2, 966),
(2, 967),
(2, 968),
(2, 969),
(2, 970),
(2, 975),
(2, 977),
(2, 978),
(2, 979),
(2, 980),
(2, 981),
(2, 982),
(2, 983),
(2, 984),
(2, 985),
(2, 986),
(2, 987),
(2, 988),
(2, 989),
(2, 990),
(2, 996),
(2, 997),
(2, 1000),
(2, 1001),
(2, 1002),
(2, 1004),
(2, 1005),
(2, 1006),
(2, 1007),
(2, 1008),
(2, 1009),
(2, 1010),
(2, 1011),
(2, 1012),
(2, 1013),
(2, 1014),
(2, 1015),
(2, 1016),
(2, 1019),
(2, 1020),
(2, 1022),
(2, 1023),
(2, 1024),
(2, 1025),
(2, 1026),
(2, 1027),
(2, 1029),
(2, 1030),
(2, 1031),
(2, 1032),
(2, 1033),
(2, 1034),
(2, 1036),
(2, 1037),
(2, 1038),
(2, 1039),
(2, 1040),
(2, 1041),
(2, 1042),
(2, 1043),
(2, 1045),
(2, 1047),
(2, 1048),
(2, 1049),
(2, 1050),
(2, 1051),
(2, 1057),
(2, 1058),
(2, 1059),
(2, 1060),
(2, 1061),
(2, 1062),
(2, 1063),
(2, 1064),
(2, 1065),
(2, 1066),
(2, 1067),
(2, 1069),
(2, 1070),
(2, 1075),
(2, 1076),
(2, 1077),
(2, 1078),
(2, 1119),
(2, 1120),
(2, 1133),
(2, 1134),
(2, 1135),
(2, 1148),
(2, 1149),
(2, 1150),
(2, 1151),
(2, 1152),
(2, 1153),
(2, 1154),
(2, 1157),
(2, 1159),
(2, 1161),
(2, 1162),
(2, 1164),
(2, 1166),
(2, 1167),
(2, 1168),
(2, 1175),
(2, 1176),
(2, 1181),
(2, 1182),
(2, 1184),
(2, 1185),
(2, 1186),
(2, 1188),
(2, 1189),
(2, 1192),
(2, 1193),
(2, 1194),
(2, 1195),
(2, 1197),
(2, 1198),
(2, 1200),
(2, 1201),
(2, 1203),
(2, 1204),
(2, 1205),
(2, 1208),
(2, 1226),
(2, 1227),
(2, 1228),
(2, 1230),
(2, 1233),
(2, 1236),
(2, 1237),
(2, 1263),
(2, 1264),
(2, 1265),
(2, 1266),
(2, 1270),
(2, 1274),
(2, 1280),
(2, 1281),
(2, 1290),
(2, 1294),
(2, 1299),
(2, 1300),
(2, 1303),
(2, 1304),
(2, 1306),
(2, 1310),
(2, 1311),
(2, 1317),
(2, 1318),
(2, 1319),
(2, 1322),
(2, 1324),
(2, 1326),
(2, 1331),
(2, 1332),
(2, 1333),
(2, 1334),
(2, 1335),
(2, 1336),
(2, 1337),
(2, 1338),
(2, 1339),
(2, 1340),
(2, 1341),
(2, 1342),
(2, 1343),
(2, 1344),
(2, 1352),
(2, 1353),
(2, 1354),
(2, 1357),
(2, 1358),
(2, 1366),
(2, 1371),
(2, 1374),
(2, 1375),
(2, 1377),
(2, 1378),
(2, 1379),
(2, 1383),
(2, 1384),
(2, 1385),
(2, 1387),
(2, 1390),
(2, 1391),
(2, 1392),
(2, 1395),
(2, 1396),
(2, 1397),
(2, 1398),
(2, 1400),
(2, 1401),
(2, 1404),
(2, 1405),
(2, 1406),
(2, 1407),
(2, 1408),
(2, 1409),
(2, 1410),
(2, 1411),
(2, 1412),
(2, 1413),
(2, 1414),
(2, 1415),
(2, 1417),
(2, 1418),
(2, 1419),
(2, 1420),
(2, 1421),
(2, 1422),
(2, 1423),
(2, 1424),
(2, 1425),
(2, 1426),
(2, 1427),
(2, 1428),
(2, 1429),
(2, 1430),
(2, 1431),
(2, 1432),
(2, 1433),
(2, 1434),
(2, 1435),
(2, 1436),
(2, 1437),
(2, 1438),
(2, 1439),
(2, 1440),
(2, 1441),
(2, 1442),
(2, 1443),
(2, 1446),
(2, 1447),
(2, 1448),
(2, 1449),
(2, 1450),
(2, 1451),
(2, 1452),
(2, 1453),
(2, 1454),
(2, 1455),
(2, 1459),
(2, 1461),
(2, 1462),
(2, 1463),
(2, 1464),
(2, 1466),
(2, 1467),
(2, 1468),
(2, 1469),
(2, 1470),
(2, 1477),
(2, 1478),
(2, 1479),
(2, 1480),
(2, 1485),
(2, 1486),
(2, 1487),
(2, 1488),
(2, 1489),
(2, 1490),
(2, 1491),
(2, 1492),
(2, 1493),
(2, 1494),
(2, 1495),
(2, 1496),
(2, 1497),
(2, 1499),
(2, 1500),
(2, 1502),
(2, 1503),
(2, 1504),
(2, 1505),
(2, 1506),
(2, 1507),
(2, 1508),
(2, 1509),
(2, 1510),
(2, 1512),
(2, 1513),
(2, 1514),
(2, 1515),
(2, 1516),
(2, 1518),
(2, 1519),
(2, 1520),
(2, 1521),
(2, 1522),
(2, 1523),
(2, 1524),
(2, 1525),
(2, 1526),
(2, 1527),
(2, 1528),
(2, 1529),
(2, 1530),
(2, 1531),
(2, 1532),
(2, 1533),
(2, 1534),
(2, 1535),
(2, 1536),
(2, 1537),
(2, 1538),
(2, 1539),
(2, 1540),
(2, 1541),
(2, 1542),
(2, 1543),
(2, 1544),
(2, 1545),
(2, 1546),
(2, 1547),
(2, 1548),
(2, 1549),
(2, 1550),
(2, 1551),
(2, 1552),
(2, 1553),
(2, 1554),
(2, 1555),
(2, 1556),
(2, 1557),
(2, 1558),
(2, 1559),
(2, 1560),
(2, 1561),
(2, 1562),
(2, 1563),
(2, 1564),
(2, 1565),
(2, 1566),
(2, 1567),
(2, 1568),
(2, 1569),
(2, 1570),
(2, 1571),
(2, 1573),
(2, 1574),
(2, 1575),
(2, 1576),
(2, 1577),
(2, 1578),
(2, 1579),
(2, 1580),
(2, 1581),
(2, 1582),
(2, 1584),
(2, 1585),
(2, 1586),
(2, 1587),
(2, 1588),
(2, 1589),
(2, 1590),
(2, 1591),
(2, 1592),
(2, 1593),
(2, 1594),
(2, 1595),
(2, 1596),
(2, 1597),
(2, 1598),
(2, 1599),
(2, 1600),
(2, 1601),
(2, 1602),
(2, 1603),
(2, 1604),
(2, 1605),
(2, 1606),
(2, 1607),
(2, 1608),
(2, 1609),
(2, 1610),
(2, 1611),
(2, 1612),
(2, 1613),
(2, 1614),
(2, 1615),
(2, 1616),
(2, 1617),
(2, 1618),
(2, 1619),
(2, 1620),
(2, 1621),
(2, 1622),
(2, 1623),
(2, 1624),
(2, 1625),
(2, 1626),
(2, 1627),
(2, 1628),
(2, 1629),
(2, 1630),
(2, 1631),
(2, 1632),
(2, 1633),
(2, 1634),
(2, 1635),
(2, 1636),
(2, 1637),
(2, 1638),
(2, 1639),
(2, 1641),
(2, 1642),
(2, 1643),
(2, 1644),
(2, 1645),
(2, 1646),
(2, 1647),
(2, 1648),
(2, 1649),
(2, 1650),
(2, 1651),
(2, 1652),
(2, 1653),
(2, 1654),
(2, 1655),
(2, 1656),
(2, 1657),
(2, 1658),
(2, 1659),
(2, 1660),
(2, 1661),
(2, 1662),
(2, 1663),
(2, 1664),
(2, 1665),
(2, 1666),
(2, 1667),
(2, 1668),
(2, 1669),
(2, 1670),
(2, 1671),
(2, 1672),
(2, 1673),
(2, 1674),
(2, 1675),
(2, 1676),
(3, 22),
(3, 23),
(3, 24),
(3, 25),
(3, 26),
(3, 27),
(3, 28),
(3, 29),
(3, 30),
(3, 31),
(3, 32),
(3, 33),
(3, 34),
(3, 35),
(3, 36),
(3, 37),
(3, 38),
(3, 39),
(3, 40),
(3, 41),
(3, 43),
(3, 44),
(3, 45),
(3, 46),
(3, 48),
(3, 49),
(3, 50),
(3, 51),
(3, 52),
(3, 53),
(3, 54),
(3, 55),
(3, 57),
(3, 58),
(3, 63),
(3, 64),
(3, 65),
(3, 66),
(3, 67),
(3, 68),
(3, 69),
(3, 70),
(3, 71),
(3, 72),
(3, 73),
(3, 74),
(3, 75),
(3, 76),
(3, 77),
(3, 78),
(3, 79),
(3, 80),
(3, 81),
(3, 83),
(3, 84),
(3, 85),
(3, 87),
(3, 88),
(3, 89),
(3, 90),
(3, 91),
(3, 92),
(3, 95),
(3, 96),
(3, 100),
(3, 102),
(3, 103),
(3, 104),
(3, 106),
(3, 107),
(3, 109),
(3, 110),
(3, 111),
(3, 117),
(3, 118),
(3, 119),
(3, 120),
(3, 121),
(3, 124),
(3, 130),
(3, 131),
(3, 132),
(3, 134),
(3, 141),
(3, 142),
(3, 144),
(3, 145),
(3, 146),
(3, 147),
(3, 148),
(3, 149),
(3, 151),
(3, 152),
(3, 153),
(3, 154),
(3, 161),
(3, 162),
(3, 163),
(3, 164),
(3, 167),
(3, 168),
(3, 172),
(3, 173),
(3, 174),
(3, 177),
(3, 178),
(3, 179),
(3, 180),
(3, 181),
(3, 182),
(3, 183),
(3, 184),
(3, 191),
(3, 192),
(3, 196),
(3, 197),
(3, 198),
(3, 199),
(3, 200),
(3, 201),
(3, 202),
(3, 203),
(3, 204),
(3, 210),
(3, 211),
(3, 212),
(3, 213),
(3, 214),
(3, 215),
(3, 216),
(3, 217),
(3, 218),
(3, 219),
(3, 220),
(3, 221),
(3, 224),
(3, 225),
(3, 226),
(3, 227),
(3, 228),
(3, 229),
(3, 230),
(3, 231),
(3, 232),
(3, 233),
(3, 234),
(3, 235),
(3, 236),
(3, 237),
(3, 238),
(3, 239),
(3, 240),
(3, 241),
(3, 242),
(3, 243),
(3, 244),
(3, 245),
(3, 246),
(3, 247),
(3, 248),
(3, 249),
(3, 250),
(3, 251),
(3, 253),
(3, 254),
(3, 255),
(3, 256),
(3, 257),
(3, 258),
(3, 259),
(3, 260),
(3, 261),
(3, 263),
(3, 270),
(3, 271),
(3, 272),
(3, 273),
(3, 274),
(3, 275),
(3, 277),
(3, 278),
(3, 279),
(3, 280),
(3, 281),
(3, 282),
(3, 283),
(3, 284),
(3, 285),
(3, 286),
(3, 287),
(3, 288),
(3, 289),
(3, 290),
(3, 291),
(3, 292),
(3, 293),
(3, 294),
(3, 295),
(3, 296),
(3, 297),
(3, 298),
(3, 299),
(3, 300),
(3, 301),
(3, 302),
(3, 303),
(3, 304),
(3, 305),
(3, 306),
(3, 307),
(3, 308),
(3, 309),
(3, 310),
(3, 316),
(3, 317),
(3, 318),
(3, 321),
(3, 322),
(3, 325),
(3, 326),
(3, 327),
(3, 328),
(3, 329),
(3, 331),
(3, 332),
(3, 333),
(3, 334),
(3, 335),
(3, 336),
(3, 337),
(3, 339),
(3, 340),
(3, 341),
(3, 343),
(3, 344),
(3, 345),
(3, 346),
(3, 347),
(3, 348),
(3, 349),
(3, 351),
(3, 352),
(3, 353),
(3, 354),
(3, 355),
(3, 356),
(3, 357),
(3, 358),
(3, 359),
(3, 361),
(3, 362),
(3, 363),
(3, 364),
(3, 366),
(3, 367),
(3, 368),
(3, 369),
(3, 370),
(3, 371),
(3, 372),
(3, 373),
(3, 374),
(3, 375),
(3, 376),
(3, 378),
(3, 380),
(3, 382),
(3, 383),
(3, 384),
(3, 385),
(3, 387),
(3, 390),
(3, 391),
(3, 392),
(3, 393),
(3, 395),
(3, 397),
(3, 400),
(3, 401),
(3, 404),
(3, 405),
(3, 410),
(3, 411),
(3, 412),
(3, 413),
(3, 414),
(3, 415),
(3, 416),
(3, 417),
(3, 418),
(3, 419),
(3, 420),
(3, 424),
(3, 425),
(3, 426),
(3, 431),
(3, 432),
(3, 433),
(3, 434),
(3, 435),
(3, 436),
(3, 437),
(3, 438),
(3, 440),
(3, 441),
(3, 445),
(3, 447),
(3, 448),
(3, 449),
(3, 454),
(3, 455),
(3, 456),
(3, 460),
(3, 461),
(3, 466),
(3, 467),
(3, 468),
(3, 469),
(3, 471),
(3, 474),
(3, 478),
(3, 480),
(3, 482),
(3, 483),
(3, 486),
(3, 488),
(3, 489),
(3, 490),
(3, 491),
(3, 492),
(3, 494),
(3, 496),
(3, 497),
(3, 498),
(3, 499),
(3, 500),
(3, 502),
(3, 503),
(3, 504),
(3, 507),
(3, 508),
(3, 511),
(3, 512),
(3, 514),
(3, 515),
(3, 516),
(3, 517),
(3, 518),
(3, 519),
(3, 524),
(3, 525),
(3, 526),
(3, 527),
(3, 528),
(3, 529),
(3, 531),
(3, 532),
(3, 533),
(3, 534),
(3, 536),
(3, 537),
(3, 538),
(3, 540),
(3, 541),
(3, 542),
(3, 546),
(3, 547),
(3, 548),
(3, 549),
(3, 550),
(3, 552),
(3, 553),
(3, 554),
(3, 555),
(3, 564),
(3, 565),
(3, 569),
(3, 570),
(3, 571),
(3, 576),
(3, 578),
(3, 580),
(3, 581),
(3, 582),
(3, 583),
(3, 584),
(3, 585),
(3, 586),
(3, 587),
(3, 588),
(3, 590),
(3, 591),
(3, 592),
(3, 593),
(3, 594),
(3, 595),
(3, 596),
(3, 597),
(3, 599),
(3, 600),
(3, 601),
(3, 602),
(3, 603),
(3, 604),
(3, 605),
(3, 606),
(3, 609),
(3, 610),
(3, 611),
(3, 612),
(3, 613),
(3, 614),
(3, 615),
(3, 616),
(3, 618),
(3, 619),
(3, 620),
(3, 621),
(3, 622),
(3, 624),
(3, 625),
(3, 626),
(3, 629),
(3, 632),
(3, 633),
(3, 634),
(3, 636),
(3, 644),
(3, 645),
(3, 647),
(3, 648),
(3, 649),
(3, 650),
(3, 653),
(3, 656),
(3, 657),
(3, 658),
(3, 659),
(3, 660),
(3, 661),
(3, 662),
(3, 663),
(3, 664),
(3, 665),
(3, 666),
(3, 667),
(3, 668),
(3, 669),
(3, 670),
(3, 671),
(3, 672),
(3, 673),
(3, 674),
(3, 675),
(3, 676),
(3, 677),
(3, 678),
(3, 679),
(3, 680),
(3, 681),
(3, 682),
(3, 683),
(3, 684),
(3, 685),
(3, 686),
(3, 687),
(3, 688),
(3, 690),
(3, 691),
(3, 693),
(3, 694),
(3, 695),
(3, 696),
(3, 697),
(3, 699),
(3, 700),
(3, 701),
(3, 702),
(3, 703),
(3, 704),
(3, 705),
(3, 706),
(3, 708),
(3, 710),
(3, 711),
(3, 712),
(3, 714),
(3, 715),
(3, 716),
(3, 717),
(3, 718),
(3, 719),
(3, 720),
(3, 722),
(3, 723),
(3, 724),
(3, 725),
(3, 726),
(3, 729),
(3, 731),
(3, 732),
(3, 735),
(3, 736),
(3, 737),
(3, 738),
(3, 739),
(3, 740),
(3, 741),
(3, 743),
(3, 744),
(3, 745),
(3, 747),
(3, 749),
(3, 750),
(3, 751),
(3, 753),
(3, 754),
(3, 759),
(3, 760),
(3, 761),
(3, 763),
(3, 764),
(3, 765),
(3, 771),
(3, 772),
(3, 773),
(3, 774),
(3, 775),
(3, 777),
(3, 778),
(3, 779),
(3, 780),
(3, 781),
(3, 782),
(3, 784),
(3, 785),
(3, 787),
(3, 788),
(3, 789),
(3, 790),
(3, 791),
(3, 792),
(3, 793),
(3, 794),
(3, 795),
(3, 796),
(3, 797),
(3, 798),
(3, 799),
(3, 800),
(3, 804),
(3, 805),
(3, 806),
(3, 807),
(3, 808),
(3, 809),
(3, 811),
(3, 812),
(3, 813),
(3, 814),
(3, 815),
(3, 816),
(3, 818),
(3, 819),
(3, 820),
(3, 821),
(3, 822),
(3, 823),
(3, 824),
(3, 825),
(3, 826),
(3, 827),
(3, 828),
(3, 829),
(3, 830),
(3, 831),
(3, 832),
(3, 833),
(3, 834),
(3, 835),
(3, 836),
(3, 837),
(3, 838),
(3, 839),
(3, 840),
(3, 841),
(3, 842),
(3, 845),
(3, 850),
(3, 851),
(3, 852),
(3, 853),
(3, 854),
(3, 855),
(3, 856),
(3, 858),
(3, 859),
(3, 860),
(3, 861),
(3, 862),
(3, 863),
(3, 864),
(3, 865),
(3, 866),
(3, 868),
(3, 869),
(3, 870),
(3, 871),
(3, 872),
(3, 873),
(3, 874),
(3, 875),
(3, 883),
(3, 886),
(3, 890),
(3, 891),
(3, 892),
(3, 894),
(3, 895),
(3, 898),
(3, 899),
(3, 900),
(3, 904),
(3, 905),
(3, 908),
(3, 909),
(3, 931),
(3, 934),
(3, 945),
(3, 946),
(3, 947),
(3, 948),
(3, 949),
(3, 950),
(3, 951),
(3, 953),
(3, 954),
(3, 960),
(3, 962),
(3, 965),
(3, 966),
(3, 967),
(3, 1005),
(3, 1006),
(3, 1010),
(3, 1011),
(3, 1029),
(3, 1030),
(3, 1031),
(3, 1032),
(3, 1033),
(3, 1034),
(3, 1036),
(3, 1037),
(3, 1040),
(3, 1041),
(3, 1042),
(3, 1043),
(3, 1047),
(3, 1048),
(3, 1049),
(3, 1050),
(3, 1051),
(3, 1057),
(3, 1065),
(3, 1066),
(3, 1069),
(3, 1070),
(3, 1119),
(3, 1120),
(3, 1133),
(3, 1134),
(3, 1135),
(3, 1148),
(3, 1149),
(3, 1150),
(3, 1151),
(3, 1152),
(3, 1153),
(3, 1154),
(3, 1157),
(3, 1159),
(3, 1161),
(3, 1162),
(3, 1164),
(3, 1166),
(3, 1167),
(3, 1168),
(3, 1175),
(3, 1176),
(3, 1181),
(3, 1182),
(3, 1185),
(3, 1188),
(3, 1226),
(3, 1227),
(3, 1228),
(3, 1230),
(3, 1233),
(3, 1236),
(3, 1237),
(3, 1263),
(3, 1264),
(3, 1265),
(3, 1266),
(3, 1270),
(3, 1274),
(3, 1280),
(3, 1281),
(3, 1290),
(3, 1294),
(3, 1299),
(3, 1300),
(3, 1303),
(3, 1304),
(3, 1306),
(3, 1310),
(3, 1311),
(3, 1317),
(3, 1318),
(3, 1319),
(3, 1322),
(3, 1324),
(3, 1326),
(3, 1331),
(3, 1332),
(3, 1333),
(3, 1334),
(3, 1335),
(3, 1336),
(3, 1337),
(3, 1338),
(3, 1339),
(3, 1340),
(3, 1341),
(3, 1342),
(3, 1343),
(3, 1344),
(3, 1352),
(3, 1353),
(3, 1374),
(3, 1375),
(3, 1377),
(3, 1378),
(3, 1383),
(3, 1384),
(3, 1390),
(3, 1395),
(3, 1396),
(3, 1404),
(3, 1405),
(3, 1406),
(3, 1407),
(3, 1408),
(3, 1409),
(3, 1411),
(3, 1413),
(3, 1414),
(3, 1415),
(3, 1418),
(3, 1419),
(3, 1420),
(3, 1423),
(3, 1424),
(3, 1425),
(3, 1435),
(3, 1461),
(3, 1462),
(3, 1464),
(3, 1492),
(3, 1494),
(3, 1495),
(3, 1499),
(3, 1525),
(3, 1528),
(3, 1532),
(3, 1537),
(3, 1545),
(3, 1546),
(3, 1547),
(3, 1548),
(3, 1554),
(3, 1555),
(3, 1558),
(3, 1559),
(3, 1560),
(3, 1562),
(3, 1573),
(3, 1574),
(3, 1575),
(3, 1576),
(3, 1579),
(3, 1582),
(3, 1585),
(3, 1587),
(3, 1590),
(4, 24),
(4, 25),
(4, 26),
(4, 29),
(4, 30),
(4, 31),
(4, 32),
(4, 33),
(4, 34),
(4, 35),
(4, 36),
(4, 37),
(4, 38),
(4, 39),
(4, 40),
(4, 41),
(4, 43),
(4, 44),
(4, 45),
(4, 46),
(4, 48),
(4, 49),
(4, 50),
(4, 51),
(4, 52),
(4, 54),
(4, 55),
(4, 57),
(4, 58),
(4, 63),
(4, 64),
(4, 65),
(4, 66),
(4, 67),
(4, 68),
(4, 69),
(4, 70),
(4, 71),
(4, 72),
(4, 73),
(4, 74),
(4, 75),
(4, 76),
(4, 77),
(4, 78),
(4, 79),
(4, 80),
(4, 81),
(4, 83),
(4, 84),
(4, 85),
(4, 87),
(4, 88),
(4, 89),
(4, 90),
(4, 91),
(4, 92),
(4, 96),
(4, 100),
(4, 102),
(4, 103),
(4, 104),
(4, 106),
(4, 107),
(4, 109),
(4, 110),
(4, 111),
(4, 117),
(4, 118),
(4, 119),
(4, 120),
(4, 121),
(4, 124),
(4, 130),
(4, 131),
(4, 132),
(4, 134),
(4, 141),
(4, 142),
(4, 144),
(4, 145),
(4, 146),
(4, 147),
(4, 148),
(4, 149),
(4, 151),
(4, 152),
(4, 153),
(4, 154),
(4, 161),
(4, 162),
(4, 163),
(4, 164),
(4, 167),
(4, 168),
(4, 172),
(4, 173),
(4, 174),
(4, 177),
(4, 178),
(4, 179),
(4, 180),
(4, 181),
(4, 182),
(4, 183),
(4, 184),
(4, 191),
(4, 192),
(4, 196),
(4, 197),
(4, 198),
(4, 199),
(4, 200),
(4, 201),
(4, 202),
(4, 203),
(4, 204),
(4, 210),
(4, 211),
(4, 212),
(4, 213),
(4, 214),
(4, 215),
(4, 216),
(4, 217),
(4, 219),
(4, 220),
(4, 221),
(4, 224),
(4, 225),
(4, 226),
(4, 227),
(4, 228),
(4, 229),
(4, 230),
(4, 231),
(4, 232),
(4, 233),
(4, 234),
(4, 235),
(4, 236),
(4, 237),
(4, 238),
(4, 239),
(4, 240),
(4, 241),
(4, 242),
(4, 243),
(4, 244),
(4, 245),
(4, 246),
(4, 247),
(4, 248),
(4, 249),
(4, 250),
(4, 251),
(4, 253),
(4, 254),
(4, 255),
(4, 256),
(4, 257),
(4, 258),
(4, 259),
(4, 260),
(4, 261),
(4, 263),
(4, 270),
(4, 271),
(4, 272),
(4, 273),
(4, 274),
(4, 275),
(4, 277),
(4, 278),
(4, 279),
(4, 280),
(4, 281),
(4, 282),
(4, 283),
(4, 284),
(4, 285),
(4, 286),
(4, 287),
(4, 288),
(4, 289),
(4, 290),
(4, 291),
(4, 292),
(4, 293),
(4, 294),
(4, 295),
(4, 296),
(4, 297),
(4, 298),
(4, 299),
(4, 300),
(4, 301),
(4, 302),
(4, 303),
(4, 304),
(4, 305),
(4, 306),
(4, 307),
(4, 308),
(4, 309),
(4, 310),
(4, 316),
(4, 317),
(4, 318),
(4, 321),
(4, 322),
(4, 325),
(4, 326),
(4, 328),
(4, 329),
(4, 331),
(4, 332),
(4, 333),
(4, 334),
(4, 335),
(4, 336),
(4, 339),
(4, 340),
(4, 341),
(4, 343),
(4, 344),
(4, 345),
(4, 346),
(4, 347),
(4, 348),
(4, 349),
(4, 351),
(4, 352),
(4, 353),
(4, 355),
(4, 356),
(4, 358),
(4, 359),
(4, 361),
(4, 362),
(4, 363),
(4, 364),
(4, 366),
(4, 367),
(4, 368),
(4, 369),
(4, 370),
(4, 371),
(4, 372),
(4, 373),
(4, 374),
(4, 376),
(4, 378),
(4, 380),
(4, 382),
(4, 383),
(4, 384),
(4, 385),
(4, 387),
(4, 390),
(4, 391),
(4, 392),
(4, 393),
(4, 395),
(4, 397),
(4, 400),
(4, 401),
(4, 404),
(4, 405),
(4, 410),
(4, 411),
(4, 412),
(4, 413),
(4, 414),
(4, 415),
(4, 416),
(4, 417),
(4, 418),
(4, 419),
(4, 420),
(4, 424),
(4, 425),
(4, 426),
(4, 431),
(4, 432),
(4, 433),
(4, 434),
(4, 435),
(4, 436),
(4, 437),
(4, 438),
(4, 440),
(4, 441),
(4, 445),
(4, 447),
(4, 448),
(4, 449),
(4, 454),
(4, 455),
(4, 456),
(4, 460),
(4, 461),
(4, 466),
(4, 467),
(4, 468),
(4, 469),
(4, 471),
(4, 474),
(4, 478),
(4, 480),
(4, 482),
(4, 483),
(4, 486),
(4, 488),
(4, 489),
(4, 490),
(4, 491),
(4, 492),
(4, 494),
(4, 496),
(4, 497),
(4, 498),
(4, 499),
(4, 500),
(4, 502),
(4, 503),
(4, 504),
(4, 507),
(4, 508),
(4, 511),
(4, 512),
(4, 514),
(4, 515),
(4, 516),
(4, 517),
(4, 518),
(4, 519),
(4, 524),
(4, 525),
(4, 526),
(4, 527),
(4, 528),
(4, 529),
(4, 531),
(4, 532),
(4, 533),
(4, 534),
(4, 536),
(4, 537),
(4, 538),
(4, 540),
(4, 541),
(4, 542),
(4, 546),
(4, 547),
(4, 548),
(4, 549),
(4, 550),
(4, 552),
(4, 553),
(4, 554),
(4, 555),
(4, 564),
(4, 565),
(4, 569),
(4, 570),
(4, 571),
(4, 576),
(4, 578),
(4, 580),
(4, 581),
(4, 582),
(4, 583),
(4, 584),
(4, 585),
(4, 586),
(4, 587),
(4, 588),
(4, 590),
(4, 591),
(4, 592),
(4, 593),
(4, 594),
(4, 595),
(4, 596),
(4, 597),
(4, 599),
(4, 600),
(4, 601),
(4, 602),
(4, 603),
(4, 604),
(4, 605),
(4, 606),
(4, 609),
(4, 610),
(4, 611),
(4, 612),
(4, 613),
(4, 614),
(4, 615),
(4, 616),
(4, 618),
(4, 619),
(4, 620),
(4, 621),
(4, 622),
(4, 624),
(4, 625),
(4, 626),
(4, 629),
(4, 632),
(4, 633),
(4, 634),
(4, 636),
(4, 644),
(4, 645),
(4, 647),
(4, 648),
(4, 649),
(4, 650),
(4, 653),
(4, 656),
(4, 657),
(4, 658),
(4, 659),
(4, 660),
(4, 661),
(4, 662),
(4, 663),
(4, 664),
(4, 665),
(4, 666),
(4, 667),
(4, 668),
(4, 669),
(4, 670),
(4, 671),
(4, 672),
(4, 673),
(4, 674),
(4, 675),
(4, 676),
(4, 677),
(4, 678),
(4, 679),
(4, 680),
(4, 681),
(4, 682),
(4, 683),
(4, 684),
(4, 685),
(4, 686),
(4, 687),
(4, 688),
(4, 690),
(4, 691),
(4, 693),
(4, 694),
(4, 695),
(4, 696),
(4, 697),
(4, 699),
(4, 700),
(4, 701),
(4, 702),
(4, 703),
(4, 704),
(4, 705),
(4, 706),
(4, 708),
(4, 710),
(4, 711),
(4, 712),
(4, 714),
(4, 715),
(4, 716),
(4, 717),
(4, 718),
(4, 719),
(4, 720),
(4, 722),
(4, 723),
(4, 724),
(4, 725),
(4, 726),
(4, 729),
(4, 731),
(4, 732),
(4, 735),
(4, 736),
(4, 737),
(4, 738),
(4, 739),
(4, 740),
(4, 741),
(4, 743),
(4, 744),
(4, 745),
(4, 747),
(4, 749),
(4, 750),
(4, 751),
(4, 753),
(4, 754),
(4, 759),
(4, 760),
(4, 761),
(4, 763),
(4, 764),
(4, 765),
(4, 771),
(4, 772),
(4, 773),
(4, 774),
(4, 775),
(4, 777),
(4, 778),
(4, 779),
(4, 780),
(4, 781),
(4, 782),
(4, 784),
(4, 785),
(4, 787),
(4, 788),
(4, 789),
(4, 790),
(4, 791),
(4, 792),
(4, 793),
(4, 794),
(4, 795),
(4, 796),
(4, 797),
(4, 798),
(4, 799),
(4, 800),
(4, 804),
(4, 805),
(4, 806),
(4, 807),
(4, 808),
(4, 809),
(4, 811),
(4, 812),
(4, 813),
(4, 814),
(4, 815),
(4, 816),
(4, 818),
(4, 819),
(4, 820),
(4, 821),
(4, 822),
(4, 823),
(4, 824),
(4, 825),
(4, 826),
(4, 827),
(4, 828),
(4, 829),
(4, 830),
(4, 831),
(4, 832),
(4, 833),
(4, 834),
(4, 835),
(4, 836),
(4, 837),
(4, 838),
(4, 839),
(4, 840),
(4, 841),
(4, 842),
(4, 845),
(4, 850),
(4, 851),
(4, 852),
(4, 853),
(4, 854),
(4, 855),
(4, 856),
(4, 858),
(4, 859),
(4, 860),
(4, 861),
(4, 862),
(4, 863),
(4, 864),
(4, 865),
(4, 866),
(4, 868),
(4, 869),
(4, 870),
(4, 871),
(4, 872),
(4, 873),
(4, 874),
(4, 875),
(4, 883),
(4, 886),
(4, 890),
(4, 891),
(4, 892),
(4, 894),
(4, 895),
(4, 898),
(4, 899),
(4, 900),
(4, 904),
(4, 905),
(4, 908),
(4, 909),
(4, 931),
(4, 934),
(4, 945),
(4, 946),
(4, 947),
(4, 948),
(4, 949),
(4, 950),
(4, 951),
(4, 953),
(4, 954),
(4, 960),
(4, 962),
(4, 965),
(4, 966),
(4, 967),
(4, 1005),
(4, 1006),
(4, 1010),
(4, 1011),
(4, 1029),
(4, 1030),
(4, 1031),
(4, 1032),
(4, 1033),
(4, 1034),
(4, 1036),
(4, 1037),
(4, 1040),
(4, 1041),
(4, 1042),
(4, 1043),
(4, 1047),
(4, 1048),
(4, 1049),
(4, 1050),
(4, 1051),
(4, 1057),
(4, 1065),
(4, 1066),
(4, 1069),
(4, 1070),
(4, 1119),
(4, 1120),
(4, 1133),
(4, 1134),
(4, 1135),
(4, 1148),
(4, 1149),
(4, 1150),
(4, 1151),
(4, 1152),
(4, 1153),
(4, 1154),
(4, 1157),
(4, 1159),
(4, 1161),
(4, 1162),
(4, 1164),
(4, 1166),
(4, 1167),
(4, 1168),
(4, 1175),
(4, 1176),
(4, 1181),
(4, 1182),
(4, 1185),
(4, 1188),
(4, 1226),
(4, 1227),
(4, 1228),
(4, 1230),
(4, 1233),
(4, 1236),
(4, 1237),
(4, 1263),
(4, 1264),
(4, 1265),
(4, 1266),
(4, 1270),
(4, 1274),
(4, 1280),
(4, 1281),
(4, 1290),
(4, 1294),
(4, 1299),
(4, 1300),
(4, 1303),
(4, 1304),
(4, 1306),
(4, 1310),
(4, 1311),
(4, 1317),
(4, 1318),
(4, 1319),
(4, 1322),
(4, 1324),
(4, 1326),
(4, 1331),
(4, 1332),
(4, 1333),
(4, 1334),
(4, 1335),
(4, 1336),
(4, 1337),
(4, 1338),
(4, 1339),
(4, 1340),
(4, 1341),
(4, 1342),
(4, 1343),
(4, 1344),
(4, 1352),
(4, 1353),
(4, 1374),
(4, 1375),
(4, 1377),
(4, 1378),
(4, 1383),
(4, 1384),
(4, 1390),
(4, 1395),
(4, 1396),
(4, 1404),
(4, 1405),
(4, 1406),
(4, 1407),
(4, 1408),
(4, 1409),
(4, 1411),
(4, 1413),
(4, 1414),
(4, 1415),
(4, 1418),
(4, 1419),
(4, 1420),
(4, 1423),
(4, 1424),
(4, 1425),
(4, 1435),
(4, 1461),
(4, 1462),
(4, 1464),
(4, 1492),
(4, 1494),
(4, 1495),
(4, 1499),
(4, 1525),
(4, 1528),
(4, 1532),
(4, 1537),
(4, 1545),
(4, 1546),
(4, 1547),
(4, 1548),
(4, 1554),
(4, 1555),
(4, 1558),
(4, 1559),
(4, 1560),
(4, 1562),
(4, 1573),
(4, 1574),
(4, 1575),
(4, 1576),
(4, 1579),
(4, 1582),
(4, 1585),
(4, 1587),
(4, 1590),
(5, 761),
(5, 763),
(5, 764),
(5, 765),
(5, 805),
(5, 816),
(5, 837),
(5, 842),
(5, 846),
(5, 847),
(5, 850),
(5, 853),
(5, 855),
(5, 859),
(5, 868),
(5, 883),
(5, 901),
(5, 925),
(5, 932),
(5, 933),
(5, 936),
(5, 937),
(5, 938),
(5, 940),
(5, 941),
(5, 942),
(5, 943),
(5, 944),
(5, 947),
(5, 950),
(5, 951),
(5, 952),
(5, 953),
(5, 954),
(5, 955),
(5, 956),
(5, 958),
(5, 963),
(5, 965),
(5, 966),
(5, 967),
(5, 969),
(5, 970),
(5, 973),
(5, 976),
(5, 991),
(5, 992),
(5, 998),
(5, 999),
(5, 1004),
(5, 1005),
(5, 1006),
(5, 1010),
(5, 1011),
(5, 1021),
(5, 1033),
(5, 1040),
(5, 1041),
(5, 1045),
(5, 1046),
(5, 1047),
(5, 1048),
(5, 1049),
(5, 1050),
(5, 1051),
(5, 1052),
(5, 1053),
(5, 1054),
(5, 1055),
(5, 1068),
(5, 1074),
(5, 1075),
(5, 1076),
(5, 1077),
(5, 1078),
(5, 1089),
(5, 1090),
(5, 1091),
(5, 1100),
(5, 1102),
(5, 1103),
(5, 1105),
(5, 1108),
(5, 1109),
(5, 1122),
(5, 1123),
(5, 1126),
(5, 1130),
(5, 1131),
(5, 1132),
(5, 1145),
(5, 1149),
(5, 1152),
(5, 1184),
(5, 1186),
(5, 1189),
(5, 1192),
(5, 1193),
(5, 1194),
(5, 1195),
(5, 1197),
(6, 421),
(6, 422),
(6, 427),
(6, 428),
(6, 442),
(6, 443),
(6, 452),
(6, 458),
(6, 459),
(6, 479),
(6, 530),
(6, 559),
(6, 560),
(6, 565),
(6, 566),
(6, 571),
(6, 576),
(6, 577),
(6, 583),
(6, 590),
(6, 593),
(6, 594),
(6, 597),
(6, 598),
(6, 599),
(6, 600),
(6, 603),
(6, 606),
(6, 615),
(6, 616),
(6, 619),
(6, 646),
(6, 688),
(6, 694),
(6, 707),
(6, 710),
(6, 711),
(6, 712),
(6, 717),
(6, 753),
(6, 772),
(6, 775),
(6, 776),
(6, 779),
(6, 786),
(6, 809),
(6, 811),
(6, 812),
(6, 843),
(6, 844),
(6, 878),
(6, 879),
(6, 897),
(6, 898),
(6, 899),
(6, 902),
(6, 903),
(6, 906),
(6, 907),
(6, 918),
(6, 919),
(6, 922),
(6, 923),
(6, 925),
(6, 926),
(6, 927),
(6, 935),
(6, 938),
(6, 939),
(6, 940),
(6, 941),
(6, 942),
(6, 943),
(6, 946),
(6, 949),
(6, 950),
(6, 951),
(6, 952),
(6, 953),
(6, 954),
(6, 955),
(6, 956),
(6, 957),
(6, 958),
(6, 963),
(6, 965),
(6, 966),
(6, 967),
(6, 969),
(6, 970),
(6, 971),
(6, 972),
(6, 973),
(6, 976),
(6, 991),
(6, 992),
(6, 993),
(6, 994),
(6, 995),
(6, 997),
(6, 998),
(6, 999),
(6, 1001),
(6, 1002),
(6, 1004),
(6, 1005),
(6, 1006),
(6, 1007),
(6, 1008),
(6, 1009),
(6, 1010),
(6, 1011),
(6, 1014),
(6, 1015),
(6, 1016),
(6, 1017),
(6, 1018),
(6, 1019),
(6, 1020),
(6, 1021),
(6, 1022),
(6, 1023),
(6, 1024),
(6, 1025),
(6, 1026),
(6, 1028),
(6, 1029),
(6, 1031),
(6, 1033),
(6, 1038),
(6, 1039),
(6, 1040),
(6, 1041),
(6, 1044),
(6, 1045),
(6, 1047),
(6, 1048),
(6, 1049),
(6, 1050),
(6, 1051),
(6, 1052),
(6, 1054),
(6, 1055),
(6, 1057),
(6, 1058),
(6, 1059),
(6, 1060),
(6, 1061),
(6, 1062),
(6, 1063),
(6, 1064),
(6, 1066),
(6, 1067),
(6, 1068),
(6, 1069),
(6, 1070),
(6, 1071),
(6, 1072),
(6, 1073),
(6, 1074),
(6, 1075),
(6, 1076),
(6, 1077),
(6, 1078),
(6, 1079),
(6, 1080),
(6, 1081),
(6, 1082),
(6, 1086),
(6, 1089),
(6, 1090),
(6, 1091),
(6, 1095),
(6, 1100),
(6, 1101),
(6, 1102),
(6, 1103),
(6, 1104),
(6, 1105),
(6, 1106),
(6, 1107),
(6, 1108),
(6, 1109),
(6, 1112),
(6, 1115),
(6, 1118),
(6, 1119),
(6, 1120),
(6, 1122),
(6, 1123),
(6, 1124),
(6, 1126),
(6, 1127),
(6, 1130),
(6, 1131),
(6, 1132),
(6, 1133),
(6, 1134),
(6, 1135),
(6, 1136),
(6, 1137),
(6, 1138),
(6, 1140),
(6, 1141),
(6, 1142),
(6, 1143),
(6, 1145),
(6, 1147),
(6, 1148),
(6, 1149),
(6, 1150),
(6, 1151),
(6, 1152),
(6, 1153),
(6, 1154),
(6, 1156),
(6, 1157),
(6, 1158),
(6, 1159),
(6, 1160),
(6, 1163),
(6, 1165),
(6, 1167),
(6, 1168),
(6, 1175),
(6, 1176),
(6, 1177),
(6, 1180),
(6, 1181),
(6, 1182),
(6, 1183),
(6, 1184),
(6, 1185),
(6, 1186),
(6, 1188),
(6, 1189),
(6, 1192),
(6, 1193),
(6, 1194),
(6, 1195),
(6, 1197),
(6, 1198),
(6, 1199),
(6, 1200),
(6, 1201),
(6, 1202),
(6, 1203),
(6, 1204),
(6, 1205),
(6, 1206),
(6, 1207),
(6, 1208),
(6, 1209),
(6, 1210),
(6, 1211),
(6, 1212),
(6, 1214),
(6, 1217),
(6, 1219),
(6, 1223),
(6, 1224),
(6, 1226),
(6, 1227),
(6, 1229),
(6, 1231),
(6, 1232),
(6, 1233),
(6, 1234),
(6, 1235),
(6, 1236),
(6, 1237),
(6, 1238),
(6, 1239),
(6, 1241),
(6, 1242),
(6, 1243),
(6, 1245),
(6, 1247),
(6, 1248),
(6, 1251),
(6, 1253),
(6, 1254),
(6, 1255),
(6, 1256),
(6, 1257),
(6, 1258),
(6, 1259),
(6, 1260),
(6, 1262),
(6, 1263),
(6, 1264),
(6, 1265),
(6, 1266),
(6, 1267),
(6, 1268),
(6, 1269),
(6, 1270),
(6, 1272),
(6, 1274),
(6, 1275),
(6, 1276),
(6, 1278),
(6, 1279),
(6, 1280),
(6, 1281),
(6, 1282),
(6, 1283),
(6, 1285),
(6, 1286),
(6, 1289),
(6, 1290),
(6, 1291),
(6, 1294),
(6, 1295),
(6, 1296),
(6, 1297),
(6, 1298),
(6, 1299),
(6, 1300),
(6, 1301),
(6, 1302),
(6, 1303),
(6, 1304),
(6, 1305),
(6, 1306),
(6, 1307),
(6, 1309),
(6, 1310),
(6, 1311),
(6, 1312),
(6, 1313),
(6, 1315),
(6, 1316),
(6, 1317),
(6, 1318),
(6, 1319),
(6, 1320),
(6, 1321),
(6, 1323),
(6, 1325),
(6, 1328),
(6, 1329),
(6, 1337),
(6, 1338),
(6, 1340),
(6, 1341),
(6, 1343),
(6, 1344),
(6, 1345),
(6, 1346),
(6, 1347),
(6, 1348),
(6, 1350),
(6, 1351),
(6, 1352),
(6, 1353),
(6, 1354),
(6, 1355),
(6, 1357),
(6, 1358),
(6, 1363),
(6, 1364),
(6, 1365),
(6, 1366),
(6, 1367),
(6, 1368),
(6, 1369),
(6, 1370),
(6, 1371),
(6, 1372),
(6, 1373),
(6, 1374),
(6, 1375),
(6, 1376),
(6, 1377),
(6, 1378),
(6, 1379),
(6, 1380),
(6, 1382),
(6, 1383),
(6, 1384),
(6, 1385),
(6, 1386),
(6, 1387),
(6, 1389),
(6, 1390),
(6, 1391),
(6, 1392),
(6, 1394),
(6, 1395),
(6, 1396),
(6, 1397),
(6, 1398),
(6, 1399),
(6, 1400),
(6, 1401),
(6, 1402),
(6, 1403),
(6, 1404),
(6, 1405),
(6, 1406),
(6, 1407),
(6, 1408),
(6, 1409),
(6, 1410),
(6, 1411),
(6, 1412),
(6, 1413),
(6, 1414),
(6, 1415),
(6, 1416),
(6, 1417),
(6, 1418),
(6, 1419),
(6, 1420),
(6, 1421),
(6, 1422),
(6, 1423),
(6, 1424),
(6, 1425),
(6, 1426),
(6, 1427),
(6, 1428),
(6, 1429),
(6, 1430),
(6, 1431),
(6, 1432),
(6, 1433),
(6, 1434),
(6, 1435),
(6, 1436),
(6, 1437),
(6, 1438),
(6, 1439),
(6, 1440),
(6, 1441),
(6, 1442),
(6, 1443),
(6, 1444),
(6, 1445),
(6, 1446),
(6, 1447),
(6, 1448),
(6, 1449),
(6, 1450),
(6, 1451),
(6, 1452),
(6, 1453),
(6, 1454),
(6, 1455),
(6, 1456),
(6, 1457),
(6, 1458),
(6, 1459),
(6, 1460),
(6, 1461),
(6, 1462),
(6, 1463),
(6, 1464),
(6, 1465),
(6, 1466),
(6, 1467),
(6, 1468),
(6, 1469),
(6, 1470),
(6, 1471),
(6, 1472),
(6, 1473),
(6, 1474),
(6, 1476),
(6, 1477),
(6, 1478),
(6, 1479),
(6, 1480),
(6, 1481),
(6, 1482),
(6, 1483),
(6, 1484),
(6, 1485),
(6, 1486),
(6, 1487),
(6, 1488),
(6, 1489),
(6, 1490),
(6, 1491),
(6, 1492),
(6, 1493),
(6, 1494),
(6, 1495),
(6, 1496),
(6, 1497),
(6, 1498),
(6, 1499),
(6, 1500),
(6, 1501),
(6, 1502),
(6, 1503),
(6, 1504),
(6, 1505),
(6, 1506),
(6, 1507),
(6, 1508),
(6, 1509),
(6, 1510),
(6, 1511),
(6, 1512),
(6, 1513),
(6, 1514),
(6, 1515),
(6, 1516),
(6, 1517),
(6, 1518),
(6, 1519),
(6, 1520),
(6, 1521),
(6, 1522),
(6, 1523),
(6, 1524),
(6, 1525),
(6, 1526),
(6, 1527),
(6, 1528),
(6, 1529),
(6, 1530),
(6, 1531),
(6, 1532),
(6, 1533),
(6, 1534),
(6, 1535),
(6, 1536),
(6, 1537),
(6, 1538),
(6, 1539),
(6, 1540),
(6, 1541),
(6, 1542),
(6, 1543),
(6, 1544),
(6, 1545),
(6, 1546),
(6, 1547),
(6, 1548),
(6, 1549),
(6, 1550),
(6, 1551),
(6, 1552),
(6, 1553),
(6, 1554),
(6, 1555),
(6, 1556),
(6, 1557),
(6, 1558),
(6, 1559),
(6, 1560),
(6, 1561),
(6, 1562),
(6, 1563),
(6, 1564),
(6, 1565),
(6, 1566),
(6, 1567),
(6, 1568),
(6, 1569),
(6, 1570),
(6, 1571),
(6, 1572),
(6, 1573),
(6, 1574),
(6, 1575),
(6, 1576),
(6, 1577),
(6, 1578),
(6, 1579),
(6, 1580),
(6, 1581),
(6, 1582),
(6, 1583),
(6, 1584),
(6, 1585),
(6, 1586),
(6, 1587),
(6, 1588),
(6, 1589),
(6, 1590),
(6, 1591),
(6, 1592),
(6, 1593),
(6, 1594),
(6, 1595),
(6, 1596),
(6, 1597),
(6, 1598),
(6, 1599),
(6, 1600),
(6, 1601),
(6, 1602),
(6, 1603),
(6, 1604),
(6, 1605),
(6, 1606),
(6, 1607),
(6, 1608),
(6, 1609),
(6, 1610),
(6, 1611),
(6, 1612),
(6, 1613),
(6, 1614),
(6, 1615),
(6, 1616),
(6, 1617),
(6, 1618),
(6, 1619),
(6, 1620),
(6, 1621),
(6, 1622),
(6, 1623),
(6, 1624),
(6, 1625),
(6, 1626),
(6, 1627),
(6, 1628),
(6, 1629),
(6, 1630),
(6, 1631),
(6, 1632),
(6, 1633),
(6, 1634),
(6, 1635),
(6, 1636),
(6, 1637),
(6, 1638),
(6, 1639),
(6, 1640),
(6, 1641),
(6, 1642),
(6, 1643),
(6, 1644),
(6, 1645),
(6, 1646),
(6, 1647),
(6, 1648),
(6, 1649),
(6, 1650),
(6, 1651),
(6, 1652),
(6, 1653),
(6, 1654),
(6, 1655),
(6, 1656),
(6, 1657),
(6, 1658),
(6, 1659),
(6, 1660),
(6, 1661),
(6, 1662),
(6, 1663),
(6, 1664),
(6, 1665),
(6, 1666),
(6, 1667),
(6, 1668),
(6, 1669),
(6, 1670),
(6, 1671),
(6, 1672),
(6, 1673),
(6, 1674),
(6, 1675),
(6, 1676),
(7, 421),
(7, 422),
(7, 427),
(7, 428),
(7, 442),
(7, 443),
(7, 452),
(7, 458),
(7, 459),
(7, 479),
(7, 530),
(7, 559),
(7, 560),
(7, 565),
(7, 566),
(7, 571),
(7, 576),
(7, 577),
(7, 583),
(7, 590),
(7, 593),
(7, 594),
(7, 597),
(7, 598),
(7, 599),
(7, 600),
(7, 603),
(7, 606),
(7, 615),
(7, 616),
(7, 619),
(7, 646),
(7, 688),
(7, 694),
(7, 707),
(7, 710),
(7, 711),
(7, 712),
(7, 717),
(7, 753),
(7, 772),
(7, 775),
(7, 776),
(7, 779),
(7, 786),
(7, 809),
(7, 811),
(7, 812),
(7, 843),
(7, 844),
(7, 878),
(7, 879),
(7, 897),
(7, 898),
(7, 899),
(7, 902),
(7, 903),
(7, 906),
(7, 907),
(7, 918),
(7, 919),
(7, 922),
(7, 923),
(7, 925),
(7, 926),
(7, 927),
(7, 935),
(7, 938),
(7, 939),
(7, 940),
(7, 941),
(7, 942),
(7, 943),
(7, 946),
(7, 949),
(7, 950),
(7, 951),
(7, 952),
(7, 953),
(7, 954),
(7, 955),
(7, 956),
(7, 957),
(7, 958),
(7, 963),
(7, 965),
(7, 966),
(7, 967),
(7, 969),
(7, 970),
(7, 971),
(7, 972),
(7, 973),
(7, 976),
(7, 991),
(7, 992),
(7, 993),
(7, 994),
(7, 995),
(7, 997),
(7, 998),
(7, 999),
(7, 1001),
(7, 1002),
(7, 1004),
(7, 1005),
(7, 1006),
(7, 1007),
(7, 1008),
(7, 1009),
(7, 1010),
(7, 1011),
(7, 1014),
(7, 1015),
(7, 1016),
(7, 1017),
(7, 1018),
(7, 1019),
(7, 1020),
(7, 1021),
(7, 1022),
(7, 1023),
(7, 1024),
(7, 1025),
(7, 1026),
(7, 1028),
(7, 1029),
(7, 1031),
(7, 1033),
(7, 1038),
(7, 1039),
(7, 1040),
(7, 1041),
(7, 1044),
(7, 1045),
(7, 1047),
(7, 1048),
(7, 1049),
(7, 1050),
(7, 1051),
(7, 1052),
(7, 1054),
(7, 1055),
(7, 1057),
(7, 1058),
(7, 1059),
(7, 1060),
(7, 1061),
(7, 1062),
(7, 1063),
(7, 1064),
(7, 1066),
(7, 1067),
(7, 1068),
(7, 1069),
(7, 1070),
(7, 1071),
(7, 1072),
(7, 1073),
(7, 1074),
(7, 1075),
(7, 1076),
(7, 1077),
(7, 1078),
(7, 1079),
(7, 1080),
(7, 1081),
(7, 1082),
(7, 1086),
(7, 1089),
(7, 1090),
(7, 1091),
(7, 1095),
(7, 1100),
(7, 1101),
(7, 1102),
(7, 1103),
(7, 1104),
(7, 1105),
(7, 1106),
(7, 1107),
(7, 1108),
(7, 1109),
(7, 1112),
(7, 1115),
(7, 1118),
(7, 1119),
(7, 1120),
(7, 1122),
(7, 1123),
(7, 1124),
(7, 1126),
(7, 1127),
(7, 1130),
(7, 1131),
(7, 1132),
(7, 1133),
(7, 1134),
(7, 1135),
(7, 1136),
(7, 1137),
(7, 1138),
(7, 1140),
(7, 1141),
(7, 1142),
(7, 1143),
(7, 1145),
(7, 1147),
(7, 1148),
(7, 1149),
(7, 1150),
(7, 1151),
(7, 1152),
(7, 1153),
(7, 1154),
(7, 1156),
(7, 1157),
(7, 1158),
(7, 1159),
(7, 1160),
(7, 1163),
(7, 1165),
(7, 1167),
(7, 1168),
(7, 1175),
(7, 1176),
(7, 1177),
(7, 1180),
(7, 1181),
(7, 1182),
(7, 1183),
(7, 1184),
(7, 1185),
(7, 1186),
(7, 1188),
(7, 1189),
(7, 1192),
(7, 1193),
(7, 1194),
(7, 1195),
(7, 1197),
(7, 1198),
(7, 1199),
(7, 1200),
(7, 1201),
(7, 1202),
(7, 1203),
(7, 1204),
(7, 1205),
(7, 1206),
(7, 1207),
(7, 1208),
(7, 1209),
(7, 1210),
(7, 1211),
(7, 1212),
(7, 1214),
(7, 1217),
(7, 1219),
(7, 1223),
(7, 1224),
(7, 1226),
(7, 1227),
(7, 1229),
(7, 1231),
(7, 1232),
(7, 1233),
(7, 1234),
(7, 1235),
(7, 1236),
(7, 1237),
(7, 1238),
(7, 1239),
(7, 1241),
(7, 1242),
(7, 1243),
(7, 1245),
(7, 1247),
(7, 1248),
(7, 1251),
(7, 1253),
(7, 1254),
(7, 1255),
(7, 1256),
(7, 1257),
(7, 1258),
(7, 1259),
(7, 1260),
(7, 1262),
(7, 1263),
(7, 1264),
(7, 1265),
(7, 1266),
(7, 1267),
(7, 1268),
(7, 1269),
(7, 1270),
(7, 1272),
(7, 1274),
(7, 1275),
(7, 1276),
(7, 1278),
(7, 1279),
(7, 1280),
(7, 1281),
(7, 1282),
(7, 1283),
(7, 1285),
(7, 1286),
(7, 1289),
(7, 1290),
(7, 1291),
(7, 1294),
(7, 1295),
(7, 1296),
(7, 1297),
(7, 1298),
(7, 1299),
(7, 1300),
(7, 1301),
(7, 1302),
(7, 1303),
(7, 1304),
(7, 1305),
(7, 1306),
(7, 1307),
(7, 1309),
(7, 1310),
(7, 1311),
(7, 1312),
(7, 1313),
(7, 1315),
(7, 1316),
(7, 1317),
(7, 1318),
(7, 1319),
(7, 1320),
(7, 1321),
(7, 1323),
(7, 1325),
(7, 1328),
(7, 1329),
(7, 1337),
(7, 1338),
(7, 1340),
(7, 1341),
(7, 1343),
(7, 1344),
(7, 1345),
(7, 1346),
(7, 1347),
(7, 1348),
(7, 1350),
(7, 1351),
(7, 1352),
(7, 1353),
(7, 1354),
(7, 1355),
(7, 1357),
(7, 1358),
(7, 1363),
(7, 1364),
(7, 1365),
(7, 1366),
(7, 1367),
(7, 1368),
(7, 1369),
(7, 1370),
(7, 1371),
(7, 1372),
(7, 1373),
(7, 1374),
(7, 1375),
(7, 1376),
(7, 1377),
(7, 1378),
(7, 1379),
(7, 1380),
(7, 1382),
(7, 1383),
(7, 1384),
(7, 1385),
(7, 1386),
(7, 1387),
(7, 1389),
(7, 1390),
(7, 1391),
(7, 1392),
(7, 1394),
(7, 1395),
(7, 1396),
(7, 1397),
(7, 1398),
(7, 1399),
(7, 1400),
(7, 1401),
(7, 1402),
(7, 1403),
(7, 1404),
(7, 1405),
(7, 1406),
(7, 1407),
(7, 1408),
(7, 1409),
(7, 1410),
(7, 1411),
(7, 1412),
(7, 1413),
(7, 1414),
(7, 1415),
(7, 1416),
(7, 1417),
(7, 1418),
(7, 1419),
(7, 1420),
(7, 1421),
(7, 1422),
(7, 1423),
(7, 1424),
(7, 1425),
(7, 1426),
(7, 1427),
(7, 1428),
(7, 1429),
(7, 1430),
(7, 1431),
(7, 1432),
(7, 1433),
(7, 1434),
(7, 1435),
(7, 1436),
(7, 1437),
(7, 1438),
(7, 1439),
(7, 1440),
(7, 1441),
(7, 1442),
(7, 1443),
(7, 1444),
(7, 1445),
(7, 1446),
(7, 1447),
(7, 1448),
(7, 1449),
(7, 1450),
(7, 1451),
(7, 1452),
(7, 1453),
(7, 1454),
(7, 1455),
(7, 1456),
(7, 1457),
(7, 1458),
(7, 1459),
(7, 1460),
(7, 1461),
(7, 1462),
(7, 1463),
(7, 1464),
(7, 1465),
(7, 1466),
(7, 1467),
(7, 1468),
(7, 1469),
(7, 1470),
(7, 1471),
(7, 1472),
(7, 1473),
(7, 1474),
(7, 1476),
(7, 1477),
(7, 1478),
(7, 1479),
(7, 1480),
(7, 1481),
(7, 1482),
(7, 1483),
(7, 1484),
(7, 1485),
(7, 1486),
(7, 1487),
(7, 1488),
(7, 1489),
(7, 1490),
(7, 1491),
(7, 1492),
(7, 1493),
(7, 1494),
(7, 1495),
(7, 1496),
(7, 1497),
(7, 1498),
(7, 1499),
(7, 1500),
(7, 1501),
(7, 1502),
(7, 1503),
(7, 1504),
(7, 1505),
(7, 1506),
(7, 1507),
(7, 1508),
(7, 1509),
(7, 1510),
(7, 1511),
(7, 1512),
(7, 1513),
(7, 1514),
(7, 1515),
(7, 1516),
(7, 1517),
(7, 1518),
(7, 1519),
(7, 1520),
(7, 1521),
(7, 1522),
(7, 1523),
(7, 1524),
(7, 1525),
(7, 1526),
(7, 1527),
(7, 1528),
(7, 1529),
(7, 1530),
(7, 1531),
(7, 1532),
(7, 1533),
(7, 1534),
(7, 1535),
(7, 1536),
(7, 1537),
(7, 1538),
(7, 1539),
(7, 1540),
(7, 1541),
(7, 1542),
(7, 1543),
(7, 1544),
(7, 1545),
(7, 1546),
(7, 1547),
(7, 1548),
(7, 1549),
(7, 1550),
(7, 1551),
(7, 1552),
(7, 1553),
(7, 1554),
(7, 1555),
(7, 1556),
(7, 1557),
(7, 1558),
(7, 1559),
(7, 1560),
(7, 1561),
(7, 1562),
(7, 1563),
(7, 1564),
(7, 1565),
(7, 1566),
(7, 1567),
(7, 1568),
(7, 1569),
(7, 1570),
(7, 1571),
(7, 1572),
(7, 1573),
(7, 1574),
(7, 1575),
(7, 1576),
(7, 1577),
(7, 1578),
(7, 1579),
(7, 1580),
(7, 1581),
(7, 1582),
(7, 1583),
(7, 1584),
(7, 1585),
(7, 1586),
(7, 1587),
(7, 1588),
(7, 1589),
(7, 1590),
(7, 1591),
(7, 1592),
(7, 1593),
(7, 1594),
(7, 1595),
(7, 1596),
(7, 1597),
(7, 1598),
(7, 1599),
(7, 1600),
(7, 1601),
(7, 1602),
(7, 1603),
(7, 1604),
(7, 1605),
(7, 1606),
(7, 1607),
(7, 1608),
(7, 1609),
(7, 1610),
(7, 1611),
(7, 1612),
(7, 1613),
(7, 1614),
(7, 1615),
(7, 1616),
(7, 1617),
(7, 1618),
(7, 1619),
(7, 1620),
(7, 1621),
(7, 1622),
(7, 1623),
(7, 1624),
(7, 1625),
(7, 1626),
(7, 1627),
(7, 1628),
(7, 1629),
(7, 1630),
(7, 1631),
(7, 1632),
(7, 1633),
(7, 1634),
(7, 1635),
(7, 1636),
(7, 1637),
(7, 1638),
(7, 1639),
(7, 1640),
(7, 1641),
(7, 1642),
(7, 1643),
(7, 1644),
(7, 1645),
(7, 1646),
(7, 1647),
(7, 1648),
(7, 1649),
(7, 1650),
(7, 1651),
(7, 1652),
(7, 1653),
(7, 1654),
(7, 1655),
(7, 1656),
(7, 1657),
(7, 1658),
(7, 1659),
(7, 1660),
(7, 1661),
(7, 1662),
(7, 1663),
(7, 1664),
(7, 1665),
(7, 1666),
(7, 1667),
(7, 1668),
(7, 1669),
(7, 1670),
(7, 1671),
(7, 1672),
(7, 1673),
(7, 1674),
(7, 1675),
(7, 1676),
(8, 24),
(8, 25),
(8, 26),
(8, 29),
(8, 30),
(8, 31),
(8, 32),
(8, 33),
(8, 34),
(8, 35),
(8, 36),
(8, 37),
(8, 38),
(8, 39),
(8, 40),
(8, 41),
(8, 43),
(8, 44),
(8, 45),
(8, 46),
(8, 48),
(8, 49),
(8, 50),
(8, 51),
(8, 52),
(8, 53),
(8, 54),
(8, 55),
(8, 57),
(8, 58),
(8, 59),
(8, 60),
(8, 62),
(8, 63),
(8, 64),
(8, 65),
(8, 66),
(8, 67),
(8, 68),
(8, 69),
(8, 70),
(8, 71),
(8, 72),
(8, 73),
(8, 74),
(8, 75),
(8, 76),
(8, 77),
(8, 78),
(8, 79),
(8, 80),
(8, 81),
(8, 83),
(8, 84),
(8, 85),
(8, 87),
(8, 88),
(8, 89),
(8, 90),
(8, 91),
(8, 92),
(8, 95),
(8, 96),
(8, 100),
(8, 102),
(8, 103),
(8, 104),
(8, 106),
(8, 107),
(8, 109),
(8, 110),
(8, 111),
(8, 117),
(8, 118),
(8, 119),
(8, 120),
(8, 121),
(8, 122),
(8, 123),
(8, 124),
(8, 130),
(8, 131),
(8, 132),
(8, 134),
(8, 142),
(8, 144),
(8, 145),
(8, 146),
(8, 147),
(8, 148),
(8, 149),
(8, 151),
(8, 152),
(8, 153),
(8, 154),
(8, 161),
(8, 162),
(8, 163),
(8, 164),
(8, 172),
(8, 173),
(8, 174),
(8, 177),
(8, 178),
(8, 179),
(8, 180),
(8, 181),
(8, 182),
(8, 183),
(8, 184),
(8, 191),
(8, 192),
(8, 196),
(8, 197),
(8, 198),
(8, 199),
(8, 200),
(8, 201),
(8, 202),
(8, 203),
(8, 204),
(8, 205),
(8, 206),
(8, 207),
(8, 208),
(8, 209),
(8, 210),
(8, 211),
(8, 212),
(8, 213),
(8, 214),
(8, 215),
(8, 216),
(8, 217),
(8, 218),
(8, 219),
(8, 220),
(8, 221),
(8, 224),
(8, 225),
(8, 226),
(8, 227),
(8, 228),
(8, 229),
(8, 230),
(8, 231),
(8, 232),
(8, 233),
(8, 234),
(8, 235),
(8, 236),
(8, 237),
(8, 238),
(8, 239),
(8, 240),
(8, 241),
(8, 242),
(8, 243),
(8, 244),
(8, 245),
(8, 246),
(8, 247),
(8, 248),
(8, 249),
(8, 250),
(8, 251),
(8, 252),
(8, 253),
(8, 254),
(8, 255),
(8, 256),
(8, 257),
(8, 258),
(8, 259),
(8, 260),
(8, 261),
(8, 263),
(8, 270),
(8, 271),
(8, 272),
(8, 273),
(8, 274),
(8, 275),
(8, 277),
(8, 278),
(8, 279),
(8, 280),
(8, 281),
(8, 282),
(8, 283),
(8, 284),
(8, 285),
(8, 286),
(8, 287),
(8, 288),
(8, 289),
(8, 291),
(8, 292),
(8, 293),
(8, 294),
(8, 295),
(8, 296),
(8, 297),
(8, 298),
(8, 299),
(8, 300),
(8, 301),
(8, 302),
(8, 303),
(8, 304),
(8, 305),
(8, 306),
(8, 307),
(8, 308),
(8, 309),
(8, 310),
(8, 316),
(8, 317),
(8, 318),
(8, 321),
(8, 322),
(8, 325),
(8, 326),
(8, 327),
(8, 328),
(8, 329),
(8, 331),
(8, 332),
(8, 333),
(8, 334),
(8, 335),
(8, 336),
(8, 337),
(8, 339),
(8, 340),
(8, 341),
(8, 343),
(8, 344),
(8, 345),
(8, 347),
(8, 348),
(8, 349),
(8, 350),
(8, 352),
(8, 353),
(8, 354),
(8, 356),
(8, 357),
(8, 361),
(8, 362),
(8, 363),
(8, 364),
(8, 366),
(8, 367),
(8, 368),
(8, 369),
(8, 370),
(8, 371),
(8, 372),
(8, 373),
(8, 374),
(8, 375),
(8, 376),
(8, 378),
(8, 379),
(8, 380),
(8, 381),
(8, 382),
(8, 383),
(8, 384),
(8, 385),
(8, 387),
(8, 389),
(8, 390),
(8, 391),
(8, 392),
(8, 393),
(8, 394),
(8, 395),
(8, 396),
(8, 397),
(8, 398),
(8, 399),
(8, 400),
(8, 401),
(8, 402),
(8, 404),
(8, 405),
(8, 406),
(8, 407),
(8, 409),
(8, 410),
(8, 411),
(8, 412),
(8, 413),
(8, 414),
(8, 415),
(8, 416),
(8, 417),
(8, 418),
(8, 419),
(8, 420),
(8, 421),
(8, 422),
(8, 424),
(8, 425),
(8, 426),
(8, 427),
(8, 428),
(8, 431),
(8, 432),
(8, 433),
(8, 434),
(8, 435),
(8, 436),
(8, 437),
(8, 438),
(8, 439),
(8, 440),
(8, 441),
(8, 445),
(8, 447),
(8, 448),
(8, 449),
(8, 450),
(8, 452),
(8, 453),
(8, 454),
(8, 455),
(8, 456),
(8, 460),
(8, 461),
(8, 466),
(8, 467),
(8, 468),
(8, 469),
(8, 471),
(8, 472),
(8, 473),
(8, 474),
(8, 478),
(8, 480),
(8, 481),
(8, 482),
(8, 483),
(8, 486),
(8, 487),
(8, 488),
(8, 489),
(8, 490),
(8, 491),
(8, 492),
(8, 494),
(8, 496),
(8, 497),
(8, 498),
(8, 499),
(8, 500),
(8, 502),
(8, 503),
(8, 504),
(8, 507),
(8, 508),
(8, 511),
(8, 512),
(8, 514),
(8, 515),
(8, 516),
(8, 517),
(8, 518),
(8, 519),
(8, 524),
(8, 525),
(8, 526),
(8, 527),
(8, 528),
(8, 529),
(8, 531),
(8, 532),
(8, 533),
(8, 534),
(8, 536),
(8, 537),
(8, 538),
(8, 540),
(8, 541),
(8, 542),
(8, 546),
(8, 547),
(8, 548),
(8, 549),
(8, 551),
(8, 552),
(8, 553),
(8, 555),
(8, 557),
(8, 558),
(8, 561),
(8, 564),
(8, 567),
(8, 569),
(8, 570),
(8, 572),
(8, 576),
(8, 578),
(8, 580),
(8, 581),
(8, 582),
(8, 583),
(8, 584),
(8, 585),
(8, 586),
(8, 587),
(8, 588),
(8, 589),
(8, 590),
(8, 591),
(8, 592),
(8, 593),
(8, 594),
(8, 595),
(8, 596),
(8, 597),
(8, 599),
(8, 600),
(8, 601),
(8, 602),
(8, 603),
(8, 604),
(8, 605),
(8, 606),
(8, 608),
(8, 609),
(8, 610),
(8, 611),
(8, 612),
(8, 613),
(8, 614),
(8, 615),
(8, 616),
(8, 618),
(8, 619),
(8, 620),
(8, 621),
(8, 622),
(8, 623),
(8, 624),
(8, 625),
(8, 626),
(8, 629),
(8, 631),
(8, 632),
(8, 633),
(8, 634),
(8, 636),
(8, 637),
(8, 644),
(8, 645),
(8, 647),
(8, 648),
(8, 649),
(8, 650),
(8, 651),
(8, 652),
(8, 653),
(8, 656),
(8, 657),
(8, 658),
(8, 659),
(8, 660),
(8, 661),
(8, 662),
(8, 663),
(8, 664),
(8, 665),
(8, 666),
(8, 667),
(8, 668),
(8, 669),
(8, 670),
(8, 671),
(8, 672),
(8, 673),
(8, 674),
(8, 675),
(8, 676),
(8, 677),
(8, 678),
(8, 679),
(8, 680),
(8, 681),
(8, 682),
(8, 683),
(8, 684),
(8, 685),
(8, 686),
(8, 687),
(8, 688),
(8, 690),
(8, 691),
(8, 692),
(8, 694),
(8, 695),
(8, 696),
(8, 697),
(8, 698),
(8, 699),
(8, 700),
(8, 701),
(8, 702),
(8, 703),
(8, 704),
(8, 705),
(8, 706),
(8, 708),
(8, 709),
(8, 710),
(8, 711),
(8, 712),
(8, 713),
(8, 714),
(8, 715),
(8, 716),
(8, 717),
(8, 718),
(8, 719),
(8, 720),
(8, 721),
(8, 722),
(8, 723),
(8, 724),
(8, 725),
(8, 726),
(8, 727);
INSERT INTO `race_color` (`id_race`, `id_color`) VALUES
(8, 729),
(8, 731),
(8, 732),
(8, 733),
(8, 734),
(8, 735),
(8, 736),
(8, 737),
(8, 738),
(8, 739),
(8, 740),
(8, 741),
(8, 742),
(8, 743),
(8, 744),
(8, 745),
(8, 748),
(8, 749),
(8, 750),
(8, 751),
(8, 752),
(8, 753),
(8, 754),
(8, 755),
(8, 756),
(8, 757),
(8, 758),
(8, 759),
(8, 760),
(8, 761),
(8, 762),
(8, 763),
(8, 764),
(8, 765),
(8, 766),
(8, 767),
(8, 768),
(8, 769),
(8, 770),
(8, 771),
(8, 772),
(8, 773),
(8, 774),
(8, 775),
(8, 777),
(8, 778),
(8, 779),
(8, 780),
(8, 781),
(8, 782),
(8, 783),
(8, 784),
(8, 785),
(8, 787),
(8, 788),
(8, 789),
(8, 790),
(8, 791),
(8, 792),
(8, 793),
(8, 794),
(8, 795),
(8, 796),
(8, 797),
(8, 798),
(8, 799),
(8, 800),
(8, 801),
(8, 802),
(8, 803),
(8, 804),
(8, 805),
(8, 806),
(8, 807),
(8, 808),
(8, 809),
(8, 810),
(8, 811),
(8, 812),
(8, 814),
(8, 815),
(8, 816),
(8, 817),
(8, 818),
(8, 819),
(8, 820),
(8, 821),
(8, 822),
(8, 823),
(8, 824),
(8, 825),
(8, 826),
(8, 827),
(8, 828),
(8, 829),
(8, 830),
(8, 831),
(8, 832),
(8, 833),
(8, 834),
(8, 835),
(8, 836),
(8, 837),
(8, 838),
(8, 839),
(8, 840),
(8, 841),
(8, 842),
(8, 845),
(8, 846),
(8, 847),
(8, 849),
(8, 850),
(8, 851),
(8, 852),
(8, 853),
(8, 854),
(8, 855),
(8, 856),
(8, 857),
(8, 858),
(8, 859),
(8, 860),
(8, 861),
(8, 862),
(8, 863),
(8, 864),
(8, 865),
(8, 866),
(8, 867),
(8, 868),
(8, 869),
(8, 870),
(8, 871),
(8, 872),
(8, 873),
(8, 874),
(8, 875),
(8, 876),
(8, 877),
(8, 880),
(8, 881),
(8, 882),
(8, 883),
(8, 885),
(8, 886),
(8, 887),
(8, 888),
(8, 889),
(8, 890),
(8, 891),
(8, 892),
(8, 893),
(8, 894),
(8, 895),
(8, 896),
(8, 897),
(8, 898),
(8, 899),
(8, 900),
(8, 901),
(8, 902),
(8, 904),
(8, 905),
(8, 907),
(8, 908),
(8, 909),
(8, 910),
(8, 911),
(8, 912),
(8, 913),
(8, 914),
(8, 915),
(8, 916),
(8, 917),
(8, 918),
(8, 919),
(8, 920),
(8, 921),
(8, 922),
(8, 924),
(8, 925),
(8, 926),
(8, 929),
(8, 930),
(8, 931),
(8, 932),
(8, 933),
(8, 934),
(8, 935),
(8, 938),
(8, 939),
(8, 940),
(8, 942),
(8, 944),
(8, 945),
(8, 946),
(8, 947),
(8, 948),
(8, 949),
(8, 950),
(8, 951),
(8, 953),
(8, 954),
(8, 959),
(8, 960),
(8, 961),
(8, 962),
(8, 964),
(8, 965),
(8, 966),
(8, 967),
(8, 968),
(8, 969),
(8, 970),
(8, 975),
(8, 977),
(8, 978),
(8, 979),
(8, 980),
(8, 981),
(8, 982),
(8, 983),
(8, 984),
(8, 985),
(8, 986),
(8, 987),
(8, 988),
(8, 989),
(8, 990),
(8, 996),
(8, 997),
(8, 1000),
(8, 1001),
(8, 1002),
(8, 1004),
(8, 1007),
(8, 1008),
(8, 1009),
(8, 1012),
(8, 1013),
(8, 1014),
(8, 1015),
(8, 1016),
(8, 1017),
(8, 1018),
(8, 1019),
(8, 1020),
(8, 1022),
(8, 1023),
(8, 1024),
(8, 1025),
(8, 1026),
(8, 1027),
(8, 1036),
(8, 1037),
(8, 1038),
(8, 1039),
(8, 1042),
(8, 1043),
(8, 1044),
(8, 1045),
(8, 1046),
(8, 1056),
(8, 1057),
(8, 1058),
(8, 1059),
(8, 1060),
(8, 1061),
(8, 1062),
(8, 1063),
(8, 1064),
(8, 1065),
(8, 1066),
(8, 1067),
(8, 1069),
(8, 1070),
(8, 1071),
(8, 1072),
(8, 1073),
(8, 1079),
(8, 1080),
(8, 1081),
(8, 1082),
(8, 1083),
(8, 1085),
(8, 1086),
(8, 1094),
(8, 1095),
(8, 1098),
(8, 1101),
(8, 1104),
(8, 1106),
(8, 1107),
(8, 1112),
(8, 1115),
(8, 1119),
(8, 1120),
(8, 1127),
(8, 1133),
(8, 1134),
(8, 1135),
(8, 1137),
(8, 1138),
(8, 1141),
(8, 1142),
(8, 1147),
(8, 1148),
(8, 1155),
(8, 1156),
(8, 1158),
(8, 1163),
(8, 1165),
(8, 1181),
(8, 1182),
(8, 1185),
(8, 1188),
(8, 1199),
(8, 1202),
(8, 1206),
(8, 1207),
(8, 1209),
(8, 1210),
(8, 1211),
(8, 1212),
(8, 1214),
(8, 1217),
(8, 1219),
(8, 1223),
(8, 1224),
(8, 1226),
(8, 1229),
(8, 1231),
(8, 1234),
(8, 1235),
(8, 1236),
(8, 1237),
(8, 1238),
(8, 1239),
(8, 1241),
(8, 1242),
(8, 1243),
(8, 1245),
(8, 1253),
(8, 1257),
(8, 1258),
(8, 1260),
(8, 1275),
(8, 1278),
(8, 1279),
(8, 1282),
(8, 1283),
(8, 1286),
(8, 1289),
(8, 1290),
(8, 1291),
(8, 1295),
(8, 1296),
(8, 1297),
(8, 1298),
(8, 1299),
(8, 1300),
(8, 1301),
(8, 1302),
(8, 1303),
(8, 1304),
(8, 1307),
(8, 1312),
(8, 1313),
(8, 1318),
(8, 1364),
(9, 24),
(9, 25),
(9, 26),
(9, 29),
(9, 30),
(9, 31),
(9, 32),
(9, 33),
(9, 34),
(9, 35),
(9, 36),
(9, 37),
(9, 38),
(9, 39),
(9, 40),
(9, 41),
(9, 43),
(9, 44),
(9, 45),
(9, 46),
(9, 48),
(9, 49),
(9, 50),
(9, 51),
(9, 52),
(9, 53),
(9, 54),
(9, 55),
(9, 57),
(9, 58),
(9, 59),
(9, 60),
(9, 62),
(9, 63),
(9, 64),
(9, 65),
(9, 66),
(9, 67),
(9, 68),
(9, 69),
(9, 70),
(9, 71),
(9, 72),
(9, 73),
(9, 74),
(9, 75),
(9, 76),
(9, 77),
(9, 78),
(9, 79),
(9, 80),
(9, 81),
(9, 83),
(9, 84),
(9, 85),
(9, 87),
(9, 88),
(9, 89),
(9, 90),
(9, 91),
(9, 92),
(9, 95),
(9, 96),
(9, 100),
(9, 102),
(9, 103),
(9, 104),
(9, 106),
(9, 107),
(9, 109),
(9, 110),
(9, 111),
(9, 117),
(9, 118),
(9, 119),
(9, 120),
(9, 121),
(9, 122),
(9, 123),
(9, 124),
(9, 130),
(9, 131),
(9, 132),
(9, 134),
(9, 142),
(9, 144),
(9, 145),
(9, 146),
(9, 147),
(9, 148),
(9, 149),
(9, 151),
(9, 152),
(9, 153),
(9, 154),
(9, 161),
(9, 162),
(9, 163),
(9, 164),
(9, 172),
(9, 173),
(9, 174),
(9, 177),
(9, 178),
(9, 179),
(9, 180),
(9, 181),
(9, 182),
(9, 183),
(9, 184),
(9, 191),
(9, 192),
(9, 196),
(9, 197),
(9, 198),
(9, 199),
(9, 200),
(9, 201),
(9, 202),
(9, 203),
(9, 204),
(9, 205),
(9, 206),
(9, 207),
(9, 208),
(9, 209),
(9, 210),
(9, 211),
(9, 212),
(9, 213),
(9, 214),
(9, 215),
(9, 216),
(9, 217),
(9, 218),
(9, 219),
(9, 220),
(9, 221),
(9, 224),
(9, 225),
(9, 226),
(9, 227),
(9, 228),
(9, 229),
(9, 230),
(9, 231),
(9, 232),
(9, 233),
(9, 234),
(9, 235),
(9, 236),
(9, 237),
(9, 238),
(9, 239),
(9, 240),
(9, 241),
(9, 242),
(9, 243),
(9, 244),
(9, 245),
(9, 246),
(9, 247),
(9, 248),
(9, 249),
(9, 250),
(9, 251),
(9, 252),
(9, 253),
(9, 254),
(9, 255),
(9, 256),
(9, 257),
(9, 258),
(9, 259),
(9, 260),
(9, 261),
(9, 263),
(9, 270),
(9, 271),
(9, 272),
(9, 273),
(9, 274),
(9, 275),
(9, 277),
(9, 278),
(9, 279),
(9, 280),
(9, 281),
(9, 282),
(9, 283),
(9, 284),
(9, 285),
(9, 286),
(9, 287),
(9, 288),
(9, 289),
(9, 291),
(9, 292),
(9, 293),
(9, 294),
(9, 295),
(9, 296),
(9, 297),
(9, 298),
(9, 299),
(9, 300),
(9, 301),
(9, 302),
(9, 303),
(9, 304),
(9, 305),
(9, 306),
(9, 307),
(9, 308),
(9, 309),
(9, 310),
(9, 316),
(9, 317),
(9, 318),
(9, 321),
(9, 322),
(9, 325),
(9, 326),
(9, 327),
(9, 328),
(9, 329),
(9, 331),
(9, 332),
(9, 333),
(9, 334),
(9, 335),
(9, 336),
(9, 337),
(9, 339),
(9, 340),
(9, 341),
(9, 343),
(9, 344),
(9, 345),
(9, 347),
(9, 348),
(9, 349),
(9, 350),
(9, 352),
(9, 353),
(9, 354),
(9, 356),
(9, 357),
(9, 361),
(9, 362),
(9, 363),
(9, 364),
(9, 366),
(9, 367),
(9, 368),
(9, 369),
(9, 370),
(9, 371),
(9, 372),
(9, 373),
(9, 374),
(9, 375),
(9, 376),
(9, 378),
(9, 379),
(9, 380),
(9, 381),
(9, 382),
(9, 383),
(9, 384),
(9, 385),
(9, 387),
(9, 389),
(9, 390),
(9, 391),
(9, 392),
(9, 393),
(9, 394),
(9, 395),
(9, 396),
(9, 397),
(9, 398),
(9, 399),
(9, 400),
(9, 401),
(9, 402),
(9, 404),
(9, 405),
(9, 406),
(9, 407),
(9, 409),
(9, 410),
(9, 411),
(9, 412),
(9, 413),
(9, 414),
(9, 415),
(9, 416),
(9, 417),
(9, 418),
(9, 419),
(9, 420),
(9, 421),
(9, 422),
(9, 424),
(9, 425),
(9, 426),
(9, 427),
(9, 428),
(9, 431),
(9, 432),
(9, 433),
(9, 434),
(9, 435),
(9, 436),
(9, 437),
(9, 438),
(9, 439),
(9, 440),
(9, 441),
(9, 445),
(9, 447),
(9, 448),
(9, 449),
(9, 450),
(9, 452),
(9, 453),
(9, 454),
(9, 455),
(9, 456),
(9, 460),
(9, 461),
(9, 466),
(9, 467),
(9, 468),
(9, 469),
(9, 471),
(9, 472),
(9, 473),
(9, 474),
(9, 478),
(9, 480),
(9, 481),
(9, 482),
(9, 483),
(9, 486),
(9, 487),
(9, 488),
(9, 489),
(9, 490),
(9, 491),
(9, 492),
(9, 494),
(9, 496),
(9, 497),
(9, 498),
(9, 499),
(9, 500),
(9, 502),
(9, 503),
(9, 504),
(9, 507),
(9, 508),
(9, 511),
(9, 512),
(9, 514),
(9, 515),
(9, 516),
(9, 517),
(9, 518),
(9, 519),
(9, 524),
(9, 525),
(9, 526),
(9, 527),
(9, 528),
(9, 529),
(9, 531),
(9, 532),
(9, 533),
(9, 534),
(9, 536),
(9, 537),
(9, 538),
(9, 540),
(9, 541),
(9, 542),
(9, 546),
(9, 547),
(9, 548),
(9, 549),
(9, 551),
(9, 552),
(9, 553),
(9, 555),
(9, 557),
(9, 558),
(9, 561),
(9, 564),
(9, 567),
(9, 569),
(9, 570),
(9, 572),
(9, 576),
(9, 578),
(9, 580),
(9, 581),
(9, 582),
(9, 583),
(9, 584),
(9, 585),
(9, 586),
(9, 587),
(9, 588),
(9, 589),
(9, 590),
(9, 591),
(9, 592),
(9, 593),
(9, 594),
(9, 595),
(9, 596),
(9, 597),
(9, 599),
(9, 600),
(9, 601),
(9, 602),
(9, 603),
(9, 604),
(9, 605),
(9, 606),
(9, 608),
(9, 609),
(9, 610),
(9, 611),
(9, 612),
(9, 613),
(9, 614),
(9, 615),
(9, 616),
(9, 618),
(9, 619),
(9, 620),
(9, 621),
(9, 622),
(9, 623),
(9, 624),
(9, 625),
(9, 626),
(9, 629),
(9, 631),
(9, 632),
(9, 633),
(9, 634),
(9, 636),
(9, 637),
(9, 644),
(9, 645),
(9, 647),
(9, 648),
(9, 649),
(9, 650),
(9, 651),
(9, 652),
(9, 653),
(9, 656),
(9, 657),
(9, 658),
(9, 659),
(9, 660),
(9, 661),
(9, 662),
(9, 663),
(9, 664),
(9, 665),
(9, 666),
(9, 667),
(9, 668),
(9, 669),
(9, 670),
(9, 671),
(9, 672),
(9, 673),
(9, 674),
(9, 675),
(9, 676),
(9, 677),
(9, 678),
(9, 679),
(9, 680),
(9, 681),
(9, 682),
(9, 683),
(9, 684),
(9, 685),
(9, 686),
(9, 687),
(9, 688),
(9, 690),
(9, 691),
(9, 692),
(9, 694),
(9, 695),
(9, 696),
(9, 697),
(9, 698),
(9, 699),
(9, 700),
(9, 701),
(9, 702),
(9, 703),
(9, 704),
(9, 705),
(9, 706),
(9, 708),
(9, 709),
(9, 710),
(9, 711),
(9, 712),
(9, 713),
(9, 714),
(9, 715),
(9, 716),
(9, 717),
(9, 718),
(9, 719),
(9, 720),
(9, 721),
(9, 722),
(9, 723),
(9, 724),
(9, 725),
(9, 726),
(9, 727),
(9, 729),
(9, 731),
(9, 732),
(9, 733),
(9, 734),
(9, 735),
(9, 736),
(9, 737),
(9, 738),
(9, 739),
(9, 740),
(9, 741),
(9, 742),
(9, 743),
(9, 744),
(9, 745),
(9, 748),
(9, 749),
(9, 750),
(9, 751),
(9, 752),
(9, 753),
(9, 754),
(9, 755),
(9, 756),
(9, 757),
(9, 758),
(9, 759),
(9, 760),
(9, 761),
(9, 762),
(9, 763),
(9, 764),
(9, 765),
(9, 766),
(9, 767),
(9, 768),
(9, 769),
(9, 770),
(9, 771),
(9, 772),
(9, 773),
(9, 774),
(9, 775),
(9, 777),
(9, 778),
(9, 779),
(9, 780),
(9, 781),
(9, 782),
(9, 783),
(9, 784),
(9, 785),
(9, 787),
(9, 788),
(9, 789),
(9, 790),
(9, 791),
(9, 792),
(9, 793),
(9, 794),
(9, 795),
(9, 796),
(9, 797),
(9, 798),
(9, 799),
(9, 800),
(9, 801),
(9, 802),
(9, 803),
(9, 804),
(9, 805),
(9, 806),
(9, 807),
(9, 808),
(9, 809),
(9, 810),
(9, 811),
(9, 812),
(9, 814),
(9, 815),
(9, 816),
(9, 817),
(9, 818),
(9, 819),
(9, 820),
(9, 821),
(9, 822),
(9, 823),
(9, 824),
(9, 825),
(9, 826),
(9, 827),
(9, 828),
(9, 829),
(9, 830),
(9, 831),
(9, 832),
(9, 833),
(9, 834),
(9, 835),
(9, 836),
(9, 837),
(9, 838),
(9, 839),
(9, 840),
(9, 841),
(9, 842),
(9, 845),
(9, 846),
(9, 847),
(9, 849),
(9, 850),
(9, 851),
(9, 852),
(9, 853),
(9, 854),
(9, 855),
(9, 856),
(9, 857),
(9, 858),
(9, 859),
(9, 860),
(9, 861),
(9, 862),
(9, 863),
(9, 864),
(9, 865),
(9, 866),
(9, 867),
(9, 868),
(9, 869),
(9, 870),
(9, 871),
(9, 872),
(9, 873),
(9, 874),
(9, 875),
(9, 876),
(9, 877),
(9, 880),
(9, 881),
(9, 882),
(9, 883),
(9, 885),
(9, 886),
(9, 887),
(9, 888),
(9, 889),
(9, 890),
(9, 891),
(9, 892),
(9, 893),
(9, 894),
(9, 895),
(9, 896),
(9, 897),
(9, 898),
(9, 899),
(9, 900),
(9, 901),
(9, 902),
(9, 904),
(9, 905),
(9, 907),
(9, 908),
(9, 909),
(9, 910),
(9, 911),
(9, 912),
(9, 913),
(9, 914),
(9, 915),
(9, 916),
(9, 917),
(9, 918),
(9, 919),
(9, 920),
(9, 921),
(9, 922),
(9, 924),
(9, 925),
(9, 926),
(9, 929),
(9, 930),
(9, 931),
(9, 932),
(9, 933),
(9, 935),
(9, 938),
(9, 939),
(9, 940),
(9, 942),
(9, 944),
(9, 945),
(9, 946),
(9, 947),
(9, 959),
(9, 961),
(9, 962),
(9, 964),
(9, 966),
(9, 968),
(9, 969),
(9, 970),
(9, 975),
(9, 977),
(9, 978),
(9, 979),
(9, 980),
(9, 981),
(9, 982),
(9, 983),
(9, 984),
(9, 985),
(9, 986),
(9, 987),
(9, 988),
(9, 989),
(9, 990),
(9, 996),
(9, 997),
(9, 1000),
(9, 1001),
(9, 1002),
(9, 1004),
(9, 1007),
(9, 1008),
(9, 1009),
(9, 1012),
(9, 1013),
(9, 1014),
(9, 1015),
(9, 1016),
(9, 1017),
(9, 1018),
(9, 1019),
(9, 1020),
(9, 1022),
(9, 1023),
(9, 1024),
(9, 1025),
(9, 1026),
(9, 1027),
(9, 1036),
(9, 1037),
(9, 1038),
(9, 1039),
(9, 1044),
(9, 1045),
(9, 1046),
(9, 1056),
(9, 1057),
(9, 1058),
(9, 1059),
(9, 1060),
(9, 1061),
(9, 1062),
(9, 1063),
(9, 1064),
(9, 1065),
(9, 1067),
(9, 1072),
(9, 1073),
(9, 1079),
(9, 1082),
(9, 1083),
(9, 1085),
(9, 1094),
(9, 1098),
(9, 1101),
(9, 1104),
(9, 1106),
(9, 1107),
(9, 1112),
(9, 1115),
(9, 1119),
(9, 1120),
(9, 1133),
(9, 1134),
(9, 1135),
(9, 1137),
(9, 1141),
(9, 1147),
(9, 1148),
(9, 1155),
(9, 1156),
(9, 1158),
(10, 5),
(10, 6),
(10, 7),
(10, 10),
(10, 11),
(10, 12),
(10, 13),
(10, 14),
(10, 15),
(10, 16),
(10, 19),
(10, 20),
(10, 21),
(10, 22),
(10, 23),
(10, 24),
(10, 25),
(10, 26),
(10, 27),
(10, 28),
(10, 29),
(10, 30),
(10, 31),
(10, 32),
(10, 33),
(10, 34),
(10, 35),
(10, 36),
(10, 37),
(10, 38),
(10, 39),
(10, 40),
(10, 41),
(10, 42),
(10, 43),
(10, 44),
(10, 45),
(10, 46),
(10, 48),
(10, 49),
(10, 50),
(10, 51),
(10, 52),
(10, 53),
(10, 54),
(10, 55),
(10, 56),
(10, 57),
(10, 58),
(10, 59),
(10, 60),
(10, 61),
(10, 62),
(10, 63),
(10, 64),
(10, 65),
(10, 66),
(10, 67),
(10, 68),
(10, 69),
(10, 70),
(10, 71),
(10, 72),
(10, 73),
(10, 74),
(10, 75),
(10, 76),
(10, 77),
(10, 78),
(10, 79),
(10, 80),
(10, 81),
(10, 83),
(10, 84),
(10, 85),
(10, 87),
(10, 88),
(10, 89),
(10, 90),
(10, 91),
(10, 92),
(10, 95),
(10, 96),
(10, 100),
(10, 102),
(10, 103),
(10, 104),
(10, 106),
(10, 107),
(10, 109),
(10, 110),
(10, 111),
(10, 117),
(10, 118),
(10, 119),
(10, 120),
(10, 121),
(10, 122),
(10, 123),
(10, 124),
(10, 130),
(10, 131),
(10, 132),
(10, 134),
(10, 141),
(10, 142),
(10, 144),
(10, 145),
(10, 146),
(10, 147),
(10, 148),
(10, 149),
(10, 151),
(10, 152),
(10, 153),
(10, 154),
(10, 161),
(10, 162),
(10, 163),
(10, 164),
(10, 167),
(10, 168),
(10, 172),
(10, 173),
(10, 174),
(10, 177),
(10, 178),
(10, 179),
(10, 180),
(10, 181),
(10, 182),
(10, 183),
(10, 184),
(10, 191),
(10, 192),
(10, 196),
(10, 197),
(10, 198),
(10, 199),
(10, 200),
(10, 201),
(10, 202),
(10, 203),
(10, 204),
(10, 205),
(10, 206),
(10, 207),
(10, 208),
(10, 209),
(10, 210),
(10, 211),
(10, 212),
(10, 213),
(10, 214),
(10, 215),
(10, 216),
(10, 217),
(10, 218),
(10, 219),
(10, 220),
(10, 221),
(10, 224),
(10, 225),
(10, 226),
(10, 227),
(10, 228),
(10, 229),
(10, 230),
(10, 231),
(10, 232),
(10, 233),
(10, 234),
(10, 235),
(10, 236),
(10, 237),
(10, 238),
(10, 239),
(10, 240),
(10, 241),
(10, 242),
(10, 243),
(10, 244),
(10, 245),
(10, 246),
(10, 247),
(10, 248),
(10, 249),
(10, 250),
(10, 251),
(10, 252),
(10, 253),
(10, 254),
(10, 255),
(10, 256),
(10, 257),
(10, 258),
(10, 259),
(10, 260),
(10, 261),
(10, 263),
(10, 270),
(10, 271),
(10, 272),
(10, 273),
(10, 274),
(10, 275),
(10, 277),
(10, 278),
(10, 279),
(10, 280),
(10, 281),
(10, 282),
(10, 283),
(10, 284),
(10, 285),
(10, 286),
(10, 287),
(10, 288),
(10, 289),
(10, 290),
(10, 291),
(10, 292),
(10, 293),
(10, 294),
(10, 295),
(10, 296),
(10, 297),
(10, 298),
(10, 299),
(10, 300),
(10, 301),
(10, 302),
(10, 303),
(10, 304),
(10, 305),
(10, 306),
(10, 307),
(10, 308),
(10, 309),
(10, 310),
(10, 316),
(10, 317),
(10, 318),
(10, 321),
(10, 322),
(10, 325),
(10, 326),
(10, 327),
(10, 328),
(10, 329),
(10, 331),
(10, 332),
(10, 333),
(10, 334),
(10, 335),
(10, 336),
(10, 337),
(10, 339),
(10, 340),
(10, 341),
(10, 343),
(10, 344),
(10, 345),
(10, 346),
(10, 347),
(10, 348),
(10, 349),
(10, 350),
(10, 351),
(10, 352),
(10, 353),
(10, 354),
(10, 355),
(10, 356),
(10, 357),
(10, 358),
(10, 359),
(10, 361),
(10, 362),
(10, 363),
(10, 364),
(10, 366),
(10, 367),
(10, 368),
(10, 369),
(10, 370),
(10, 371),
(10, 372),
(10, 373),
(10, 374),
(10, 375),
(10, 376),
(10, 378),
(10, 379),
(10, 380),
(10, 381),
(10, 382),
(10, 383),
(10, 384),
(10, 385),
(10, 387),
(10, 389),
(10, 390),
(10, 391),
(10, 392),
(10, 393),
(10, 394),
(10, 395),
(10, 396),
(10, 397),
(10, 398),
(10, 399),
(10, 400),
(10, 401),
(10, 402),
(10, 404),
(10, 405),
(10, 406),
(10, 407),
(10, 409),
(10, 410),
(10, 411),
(10, 412),
(10, 413),
(10, 414),
(10, 415),
(10, 416),
(10, 417),
(10, 418),
(10, 419),
(10, 420),
(10, 421),
(10, 422),
(10, 424),
(10, 425),
(10, 426),
(10, 427),
(10, 428),
(10, 431),
(10, 432),
(10, 433),
(10, 434),
(10, 435),
(10, 436),
(10, 437),
(10, 438),
(10, 439),
(10, 440),
(10, 441),
(10, 445),
(10, 447),
(10, 448),
(10, 449),
(10, 450),
(10, 452),
(10, 453),
(10, 454),
(10, 455),
(10, 456),
(10, 460),
(10, 461),
(10, 466),
(10, 467),
(10, 468),
(10, 469),
(10, 471),
(10, 472),
(10, 473),
(10, 474),
(10, 478),
(10, 480),
(10, 481),
(10, 482),
(10, 483),
(10, 486),
(10, 487),
(10, 488),
(10, 489),
(10, 490),
(10, 491),
(10, 492),
(10, 494),
(10, 496),
(10, 497),
(10, 498),
(10, 499),
(10, 500),
(10, 502),
(10, 503),
(10, 504),
(10, 507),
(10, 508),
(10, 511),
(10, 512),
(10, 514),
(10, 515),
(10, 516),
(10, 517),
(10, 518),
(10, 519),
(10, 524),
(10, 525),
(10, 526),
(10, 527),
(10, 528),
(10, 529),
(10, 531),
(10, 532),
(10, 533),
(10, 534),
(10, 536),
(10, 537),
(10, 538),
(10, 540),
(10, 541),
(10, 542),
(10, 546),
(10, 547),
(10, 548),
(10, 549),
(10, 550),
(10, 551),
(10, 552),
(10, 553),
(10, 554),
(10, 555),
(10, 557),
(10, 558),
(10, 561),
(10, 564),
(10, 565),
(10, 567),
(10, 569),
(10, 570),
(10, 571),
(10, 572),
(10, 576),
(10, 578),
(10, 580),
(10, 581),
(10, 582),
(10, 583),
(10, 584),
(10, 585),
(10, 586),
(10, 587),
(10, 588),
(10, 589),
(10, 590),
(10, 591),
(10, 592),
(10, 593),
(10, 594),
(10, 595),
(10, 596),
(10, 597),
(10, 599),
(10, 600),
(10, 601),
(10, 602),
(10, 603),
(10, 604),
(10, 605),
(10, 606),
(10, 608),
(10, 609),
(10, 610),
(10, 611),
(10, 612),
(10, 613),
(10, 614),
(10, 615),
(10, 616),
(10, 618),
(10, 619),
(10, 620),
(10, 621),
(10, 622),
(10, 623),
(10, 624),
(10, 625),
(10, 626),
(10, 629),
(10, 631),
(10, 632),
(10, 633),
(10, 634),
(10, 636),
(10, 637),
(10, 644),
(10, 645),
(10, 647),
(10, 648),
(10, 649),
(10, 650),
(10, 651),
(10, 652),
(10, 653),
(10, 656),
(10, 657),
(10, 658),
(10, 659),
(10, 660),
(10, 661),
(10, 662),
(10, 663),
(10, 664),
(10, 665),
(10, 666),
(10, 667),
(10, 668),
(10, 669),
(10, 670),
(10, 671),
(10, 672),
(10, 673),
(10, 674),
(10, 675),
(10, 676),
(10, 677),
(10, 678),
(10, 679),
(10, 680),
(10, 681),
(10, 682),
(10, 683),
(10, 684),
(10, 685),
(10, 686),
(10, 687),
(10, 688),
(10, 690),
(10, 691),
(10, 692),
(10, 693),
(10, 694),
(10, 695),
(10, 696),
(10, 697),
(10, 698),
(10, 699),
(10, 700),
(10, 701),
(10, 702),
(10, 703),
(10, 704),
(10, 705),
(10, 706),
(10, 708),
(10, 709),
(10, 710),
(10, 711),
(10, 712),
(10, 713),
(10, 714),
(10, 715),
(10, 716),
(10, 717),
(10, 718),
(10, 719),
(10, 720),
(10, 721),
(10, 722),
(10, 723),
(10, 724),
(10, 725),
(10, 726),
(10, 727),
(10, 729),
(10, 731),
(10, 732),
(10, 733),
(10, 734),
(10, 735),
(10, 736),
(10, 737),
(10, 738),
(10, 739),
(10, 740),
(10, 741),
(10, 742),
(10, 743),
(10, 744),
(10, 745),
(10, 747),
(10, 748),
(10, 749),
(10, 750),
(10, 751),
(10, 752),
(10, 753),
(10, 754),
(10, 755),
(10, 756),
(10, 757),
(10, 758),
(10, 759),
(10, 760),
(10, 761),
(10, 762),
(10, 763),
(10, 764),
(10, 765),
(10, 766),
(10, 767),
(10, 768),
(10, 769),
(10, 770),
(10, 771),
(10, 772),
(10, 773),
(10, 774),
(10, 775),
(10, 777),
(10, 778),
(10, 779),
(10, 780),
(10, 781),
(10, 782),
(10, 783),
(10, 784),
(10, 785),
(10, 787),
(10, 788),
(10, 789),
(10, 790),
(10, 791),
(10, 792),
(10, 793),
(10, 794),
(10, 795),
(10, 796),
(10, 797),
(10, 798),
(10, 799),
(10, 800),
(10, 801),
(10, 802),
(10, 803),
(10, 804),
(10, 805),
(10, 806),
(10, 807),
(10, 808),
(10, 809),
(10, 810),
(10, 811),
(10, 812),
(10, 813),
(10, 814),
(10, 815),
(10, 816),
(10, 817),
(10, 818),
(10, 819),
(10, 820),
(10, 821),
(10, 822),
(10, 823),
(10, 824),
(10, 825),
(10, 826),
(10, 827),
(10, 828),
(10, 829),
(10, 830),
(10, 831),
(10, 832),
(10, 833),
(10, 834),
(10, 835),
(10, 836),
(10, 837),
(10, 838),
(10, 839),
(10, 840),
(10, 841),
(10, 842),
(10, 845),
(10, 846),
(10, 847),
(10, 849),
(10, 850),
(10, 851),
(10, 852),
(10, 853),
(10, 854),
(10, 855),
(10, 856),
(10, 857),
(10, 858),
(10, 859),
(10, 860),
(10, 861),
(10, 862),
(10, 863),
(10, 864),
(10, 865),
(10, 866),
(10, 867),
(10, 868),
(10, 869),
(10, 870),
(10, 871),
(10, 872),
(10, 873),
(10, 874),
(10, 875),
(10, 876),
(10, 877),
(10, 880),
(10, 881),
(10, 882),
(10, 883),
(10, 885),
(10, 886),
(10, 887),
(10, 888),
(10, 889),
(10, 890),
(10, 891),
(10, 892),
(10, 893),
(10, 894),
(10, 895),
(10, 896),
(10, 897),
(10, 898),
(10, 899),
(10, 900),
(10, 901),
(10, 902),
(10, 904),
(10, 905),
(10, 907),
(10, 908),
(10, 909),
(10, 910),
(10, 911),
(10, 912),
(10, 913),
(10, 914),
(10, 915),
(10, 916),
(10, 917),
(10, 918),
(10, 919),
(10, 920),
(10, 921),
(10, 922),
(10, 924),
(10, 925),
(10, 926),
(10, 929),
(10, 930),
(10, 931),
(10, 932),
(10, 933),
(10, 934),
(10, 935),
(10, 938),
(10, 939),
(10, 940),
(10, 942),
(10, 944),
(10, 945),
(10, 946),
(10, 947),
(10, 948),
(10, 949),
(10, 950),
(10, 951),
(10, 953),
(10, 954),
(10, 959),
(10, 960),
(10, 961),
(10, 962),
(10, 964),
(10, 965),
(10, 966),
(10, 967),
(10, 968),
(10, 969),
(10, 970),
(10, 975),
(10, 977),
(10, 978),
(10, 979),
(10, 980),
(10, 981),
(10, 982),
(10, 983),
(10, 984),
(10, 985),
(10, 986),
(10, 987),
(10, 988),
(10, 989),
(10, 990),
(10, 996),
(10, 997),
(10, 1000),
(10, 1001),
(10, 1002),
(10, 1004),
(10, 1005),
(10, 1006),
(10, 1007),
(10, 1008),
(10, 1009),
(10, 1010),
(10, 1011),
(10, 1012),
(10, 1013),
(10, 1014),
(10, 1015),
(10, 1016),
(10, 1017),
(10, 1018),
(10, 1019),
(10, 1020),
(10, 1022),
(10, 1023),
(10, 1024),
(10, 1025),
(10, 1026),
(10, 1027),
(10, 1029),
(10, 1030),
(10, 1031),
(10, 1032),
(10, 1033),
(10, 1034),
(10, 1036),
(10, 1037),
(10, 1038),
(10, 1039),
(10, 1040),
(10, 1041),
(10, 1042),
(10, 1043),
(10, 1044),
(10, 1045),
(10, 1046),
(10, 1047),
(10, 1048),
(10, 1049),
(10, 1050),
(10, 1051),
(10, 1056),
(10, 1057),
(10, 1058),
(10, 1059),
(10, 1060),
(10, 1061),
(10, 1062),
(10, 1063),
(10, 1064),
(10, 1065),
(10, 1066),
(10, 1067),
(10, 1069),
(10, 1070),
(10, 1072),
(10, 1073),
(10, 1079),
(10, 1082),
(10, 1083),
(10, 1085),
(10, 1094),
(10, 1098),
(10, 1101),
(10, 1104),
(10, 1106),
(10, 1107),
(10, 1112),
(10, 1115),
(10, 1119),
(10, 1120),
(10, 1133),
(10, 1134),
(10, 1135),
(10, 1137),
(10, 1141),
(10, 1147),
(10, 1148),
(10, 1149),
(10, 1150),
(10, 1151),
(10, 1152),
(10, 1153),
(10, 1154),
(10, 1155),
(10, 1156),
(10, 1157),
(10, 1158),
(10, 1159),
(10, 1161),
(10, 1162),
(10, 1164),
(10, 1166),
(10, 1167),
(10, 1168),
(10, 1175),
(10, 1176),
(10, 1181),
(10, 1182),
(10, 1185),
(10, 1188),
(10, 1226),
(10, 1227),
(10, 1228),
(10, 1230),
(10, 1233),
(10, 1236),
(10, 1237),
(10, 1263),
(10, 1264),
(10, 1265),
(10, 1266),
(10, 1270),
(10, 1274),
(10, 1280),
(10, 1281),
(10, 1290),
(10, 1294),
(10, 1299),
(10, 1300),
(10, 1303),
(10, 1304),
(10, 1306),
(10, 1310),
(10, 1311),
(10, 1317),
(10, 1318),
(10, 1319),
(10, 1322),
(10, 1324),
(10, 1326),
(10, 1331),
(10, 1332),
(10, 1333),
(10, 1334),
(10, 1335),
(10, 1336),
(10, 1337),
(10, 1338),
(10, 1339),
(10, 1340),
(10, 1341),
(10, 1342),
(10, 1343),
(10, 1344),
(10, 1352),
(10, 1353),
(10, 1374),
(10, 1375),
(10, 1377),
(10, 1378),
(10, 1383),
(10, 1384),
(10, 1390),
(10, 1395),
(10, 1396),
(10, 1404),
(10, 1405),
(10, 1406),
(10, 1407),
(10, 1408),
(10, 1409),
(10, 1411),
(10, 1413),
(10, 1414),
(10, 1415),
(10, 1418),
(10, 1419),
(10, 1420),
(10, 1423),
(10, 1424),
(10, 1425),
(10, 1435),
(10, 1461),
(10, 1462),
(10, 1464),
(10, 1492),
(10, 1494),
(10, 1495),
(10, 1499),
(10, 1525),
(10, 1528),
(10, 1532),
(10, 1537),
(10, 1545),
(10, 1546),
(10, 1547),
(10, 1548),
(10, 1554),
(10, 1555),
(10, 1558),
(10, 1559),
(10, 1560),
(10, 1562),
(10, 1573),
(10, 1574),
(10, 1575),
(10, 1576),
(10, 1579),
(10, 1582),
(10, 1585),
(10, 1587),
(10, 1590),
(11, 5),
(11, 6),
(11, 7),
(11, 10),
(11, 11),
(11, 12),
(11, 13),
(11, 14),
(11, 15),
(11, 16),
(11, 19),
(11, 20),
(11, 21),
(11, 22),
(11, 23),
(11, 24),
(11, 25),
(11, 26),
(11, 27),
(11, 28),
(11, 29),
(11, 30),
(11, 31),
(11, 32),
(11, 33),
(11, 34),
(11, 35),
(11, 36),
(11, 37),
(11, 38),
(11, 39),
(11, 40),
(11, 41),
(11, 42),
(11, 43),
(11, 44),
(11, 45),
(11, 46),
(11, 48),
(11, 49),
(11, 50),
(11, 51),
(11, 52),
(11, 53),
(11, 54),
(11, 55),
(11, 56),
(11, 57),
(11, 58),
(11, 59),
(11, 60),
(11, 61),
(11, 62),
(11, 63),
(11, 64),
(11, 65),
(11, 66),
(11, 67),
(11, 68),
(11, 69),
(11, 70),
(11, 71),
(11, 72),
(11, 73),
(11, 74),
(11, 75),
(11, 76),
(11, 77),
(11, 78),
(11, 79),
(11, 80),
(11, 81),
(11, 83),
(11, 84),
(11, 85),
(11, 87),
(11, 88),
(11, 89),
(11, 90),
(11, 91),
(11, 92),
(11, 95),
(11, 96),
(11, 100),
(11, 102),
(11, 103),
(11, 104),
(11, 106),
(11, 107),
(11, 109),
(11, 110),
(11, 111),
(11, 117),
(11, 118),
(11, 119),
(11, 120),
(11, 121),
(11, 124),
(11, 130),
(11, 131),
(11, 132),
(11, 134),
(11, 141),
(11, 142),
(11, 144),
(11, 145),
(11, 146),
(11, 147),
(11, 148),
(11, 149),
(11, 151),
(11, 152),
(11, 153),
(11, 154),
(11, 161),
(11, 162),
(11, 163),
(11, 164),
(11, 167),
(11, 168),
(11, 172),
(11, 173),
(11, 174),
(11, 177),
(11, 178),
(11, 179),
(11, 180),
(11, 181),
(11, 182),
(11, 183),
(11, 184),
(11, 191),
(11, 192),
(11, 196),
(11, 197),
(11, 198),
(11, 199),
(11, 200),
(11, 201),
(11, 202),
(11, 203),
(11, 204),
(11, 205),
(11, 206),
(11, 207),
(11, 208),
(11, 209),
(11, 210),
(11, 211),
(11, 212),
(11, 213),
(11, 214),
(11, 215),
(11, 216),
(11, 217),
(11, 218),
(11, 219),
(11, 220),
(11, 221),
(11, 224),
(11, 225),
(11, 226),
(11, 227),
(11, 228),
(11, 229),
(11, 230),
(11, 231),
(11, 232),
(11, 233),
(11, 234),
(11, 235),
(11, 236),
(11, 237),
(11, 238),
(11, 239),
(11, 240),
(11, 241),
(11, 242),
(11, 243),
(11, 244),
(11, 245),
(11, 246),
(11, 247),
(11, 248),
(11, 249),
(11, 250),
(11, 251),
(11, 252),
(11, 253),
(11, 254),
(11, 255),
(11, 256),
(11, 257),
(11, 258),
(11, 259),
(11, 260),
(11, 261),
(11, 263),
(11, 270),
(11, 271),
(11, 272),
(11, 273),
(11, 274),
(11, 275),
(11, 277),
(11, 278),
(11, 279),
(11, 280),
(11, 281),
(11, 282),
(11, 283),
(11, 284),
(11, 285),
(11, 286),
(11, 287),
(11, 288),
(11, 289),
(11, 290),
(11, 291),
(11, 292),
(11, 293),
(11, 294),
(11, 295),
(11, 296),
(11, 297),
(11, 298),
(11, 299),
(11, 300),
(11, 301),
(11, 302),
(11, 303),
(11, 304),
(11, 305),
(11, 306),
(11, 307),
(11, 308),
(11, 309),
(11, 310),
(11, 316),
(11, 317),
(11, 318),
(11, 321),
(11, 322),
(11, 325),
(11, 326),
(11, 327),
(11, 328),
(11, 329),
(11, 331),
(11, 332),
(11, 333),
(11, 334),
(11, 335),
(11, 336),
(11, 337),
(11, 339),
(11, 340),
(11, 341),
(11, 343),
(11, 344),
(11, 345),
(11, 346),
(11, 347),
(11, 348),
(11, 349),
(11, 350),
(11, 351),
(11, 352),
(11, 353),
(11, 354),
(11, 355),
(11, 356),
(11, 357),
(11, 358),
(11, 359),
(11, 361),
(11, 362),
(11, 363),
(11, 364),
(11, 366),
(11, 367),
(11, 368),
(11, 369),
(11, 370),
(11, 371),
(11, 372),
(11, 373),
(11, 374),
(11, 375),
(11, 376),
(11, 378),
(11, 379),
(11, 380),
(11, 381),
(11, 382),
(11, 383),
(11, 384),
(11, 385),
(11, 387),
(11, 389),
(11, 390),
(11, 391),
(11, 392),
(11, 393),
(11, 394),
(11, 395),
(11, 396),
(11, 397),
(11, 398),
(11, 399),
(11, 400),
(11, 401),
(11, 402),
(11, 404),
(11, 405),
(11, 406),
(11, 407),
(11, 409),
(11, 410),
(11, 411),
(11, 412),
(11, 413),
(11, 414),
(11, 415),
(11, 416),
(11, 417),
(11, 418),
(11, 419),
(11, 420),
(11, 421),
(11, 422),
(11, 424),
(11, 425),
(11, 426),
(11, 427),
(11, 428),
(11, 431),
(11, 432),
(11, 433),
(11, 434),
(11, 435),
(11, 436),
(11, 437),
(11, 438),
(11, 439),
(11, 440),
(11, 441),
(11, 445),
(11, 447),
(11, 448),
(11, 449),
(11, 450),
(11, 452),
(11, 453),
(11, 454),
(11, 455),
(11, 456),
(11, 460),
(11, 461),
(11, 466),
(11, 467),
(11, 468),
(11, 469),
(11, 471),
(11, 472),
(11, 473),
(11, 474),
(11, 478),
(11, 480),
(11, 481),
(11, 482),
(11, 483),
(11, 486),
(11, 487),
(11, 488),
(11, 489),
(11, 490),
(11, 491),
(11, 492),
(11, 494),
(11, 496),
(11, 497),
(11, 498),
(11, 499),
(11, 500),
(11, 502),
(11, 503),
(11, 504),
(11, 507),
(11, 508),
(11, 511),
(11, 512),
(11, 514),
(11, 515),
(11, 516),
(11, 517),
(11, 518),
(11, 519),
(11, 524),
(11, 525),
(11, 526),
(11, 527),
(11, 528),
(11, 529),
(11, 531),
(11, 532),
(11, 533),
(11, 534),
(11, 536),
(11, 537),
(11, 538),
(11, 540),
(11, 541),
(11, 542),
(11, 546),
(11, 547),
(11, 548),
(11, 549),
(11, 550),
(11, 551),
(11, 552),
(11, 553),
(11, 554),
(11, 555),
(11, 557),
(11, 558),
(11, 561),
(11, 564),
(11, 565),
(11, 567),
(11, 569),
(11, 570),
(11, 571),
(11, 572),
(11, 576),
(11, 578),
(11, 580),
(11, 581),
(11, 582),
(11, 583),
(11, 584),
(11, 585),
(11, 586),
(11, 587),
(11, 588),
(11, 589),
(11, 590),
(11, 591),
(11, 592),
(11, 593),
(11, 594),
(11, 595),
(11, 596),
(11, 597),
(11, 599),
(11, 600),
(11, 601),
(11, 602),
(11, 603),
(11, 604),
(11, 605),
(11, 606),
(11, 609),
(11, 610),
(11, 611),
(11, 612),
(11, 613),
(11, 614),
(11, 615),
(11, 616),
(11, 618),
(11, 619),
(11, 620),
(11, 621),
(11, 622),
(11, 623),
(11, 624),
(11, 625),
(11, 626),
(11, 629),
(11, 631),
(11, 632),
(11, 633),
(11, 634),
(11, 636),
(11, 637),
(11, 644),
(11, 645),
(11, 647),
(11, 648),
(11, 649),
(11, 650),
(11, 651),
(11, 652),
(11, 653),
(11, 656),
(11, 657),
(11, 658),
(11, 659),
(11, 660),
(11, 661),
(11, 662),
(11, 663),
(11, 664),
(11, 665),
(11, 666),
(11, 667),
(11, 668),
(11, 669),
(11, 670),
(11, 671),
(11, 672),
(11, 673),
(11, 674),
(11, 675),
(11, 676),
(11, 677),
(11, 678),
(11, 679),
(11, 680),
(11, 681),
(11, 682),
(11, 683),
(11, 684),
(11, 685),
(11, 686),
(11, 687),
(11, 688),
(11, 690),
(11, 691),
(11, 692),
(11, 693),
(11, 694),
(11, 695),
(11, 696),
(11, 697),
(11, 698),
(11, 699),
(11, 700),
(11, 701),
(11, 702),
(11, 703),
(11, 704),
(11, 705),
(11, 706),
(11, 708),
(11, 709),
(11, 710),
(11, 711),
(11, 712),
(11, 713),
(11, 714),
(11, 715),
(11, 716),
(11, 717),
(11, 718),
(11, 719),
(11, 720),
(11, 721),
(11, 722),
(11, 723),
(11, 724),
(11, 725),
(11, 726),
(11, 727),
(11, 729),
(11, 731),
(11, 732),
(11, 733),
(11, 734),
(11, 735),
(11, 736),
(11, 737),
(11, 738),
(11, 739),
(11, 740),
(11, 741),
(11, 742),
(11, 743),
(11, 744),
(11, 745),
(11, 747),
(11, 748),
(11, 749),
(11, 750),
(11, 751),
(11, 752),
(11, 753),
(11, 754),
(11, 755),
(11, 756),
(11, 757),
(11, 758),
(11, 759),
(11, 760),
(11, 761),
(11, 762),
(11, 763),
(11, 764),
(11, 765),
(11, 766),
(11, 767),
(11, 768),
(11, 769),
(11, 770),
(11, 771),
(11, 772),
(11, 773),
(11, 774),
(11, 775),
(11, 777),
(11, 778),
(11, 779),
(11, 780),
(11, 781),
(11, 782),
(11, 783),
(11, 784),
(11, 785),
(11, 787),
(11, 788),
(11, 789),
(11, 790),
(11, 791),
(11, 792),
(11, 793),
(11, 794),
(11, 795),
(11, 796),
(11, 797),
(11, 798),
(11, 799),
(11, 800),
(11, 801),
(11, 802),
(11, 803),
(11, 804),
(11, 805),
(11, 806),
(11, 807),
(11, 808),
(11, 809),
(11, 810),
(11, 811),
(11, 812),
(11, 813),
(11, 814),
(11, 815),
(11, 816),
(11, 817),
(11, 818),
(11, 819),
(11, 820),
(11, 821),
(11, 822),
(11, 823),
(11, 824),
(11, 825),
(11, 826),
(11, 827),
(11, 828),
(11, 829),
(11, 830),
(11, 831),
(11, 832),
(11, 833),
(11, 834),
(11, 835),
(11, 836),
(11, 837),
(11, 838),
(11, 839),
(11, 840),
(11, 841),
(11, 842),
(11, 845),
(11, 846),
(11, 847),
(11, 849),
(11, 850),
(11, 851),
(11, 852),
(11, 853),
(11, 854),
(11, 855),
(11, 856),
(11, 857),
(11, 858),
(11, 859),
(11, 860),
(11, 861),
(11, 862),
(11, 863),
(11, 864),
(11, 865),
(11, 866),
(11, 867),
(11, 868),
(11, 869),
(11, 870),
(11, 871),
(11, 872),
(11, 873),
(11, 874),
(11, 875),
(11, 876),
(11, 877),
(11, 880),
(11, 881),
(11, 882),
(11, 883),
(11, 885),
(11, 886),
(11, 887),
(11, 888),
(11, 889),
(11, 890),
(11, 891),
(11, 892),
(11, 893),
(11, 894),
(11, 895),
(11, 896),
(11, 897),
(11, 898),
(11, 899),
(11, 900),
(11, 901),
(11, 902),
(11, 904),
(11, 905),
(11, 907),
(11, 908),
(11, 909),
(11, 910),
(11, 911),
(11, 912),
(11, 913),
(11, 914),
(11, 915),
(11, 916),
(11, 917),
(11, 918),
(11, 919),
(11, 920),
(11, 921),
(11, 922),
(11, 924),
(11, 925),
(11, 926),
(11, 929),
(11, 930),
(11, 931),
(11, 932),
(11, 933),
(11, 934),
(11, 935),
(11, 938),
(11, 939),
(11, 940),
(11, 941),
(11, 942),
(11, 943),
(11, 944),
(11, 945),
(11, 946),
(11, 947),
(11, 948),
(11, 949),
(11, 950),
(11, 951),
(11, 952),
(11, 953),
(11, 954),
(11, 955),
(11, 956),
(11, 958),
(11, 959),
(11, 960),
(11, 961),
(11, 962),
(11, 963),
(11, 964),
(11, 965),
(11, 966),
(11, 967),
(11, 968),
(11, 969),
(11, 970),
(11, 973),
(11, 975),
(11, 976),
(11, 977),
(11, 978),
(11, 979),
(11, 980),
(11, 981),
(11, 982),
(11, 983),
(11, 984),
(11, 985),
(11, 986),
(11, 987),
(11, 988),
(11, 989),
(11, 990),
(11, 991),
(11, 992),
(11, 996),
(11, 997),
(11, 998),
(11, 999),
(11, 1000),
(11, 1001),
(11, 1002),
(11, 1004),
(11, 1005),
(11, 1006),
(11, 1007),
(11, 1008),
(11, 1009),
(11, 1010),
(11, 1011),
(11, 1012),
(11, 1013),
(11, 1014),
(11, 1015),
(11, 1016),
(11, 1017),
(11, 1018),
(11, 1019),
(11, 1020),
(11, 1021),
(11, 1022),
(11, 1023),
(11, 1024),
(11, 1025),
(11, 1026),
(11, 1027),
(11, 1029),
(11, 1030),
(11, 1031),
(11, 1032),
(11, 1033),
(11, 1034),
(11, 1036),
(11, 1037),
(11, 1038),
(11, 1039),
(11, 1040),
(11, 1041),
(11, 1042),
(11, 1043),
(11, 1044),
(11, 1045),
(11, 1046),
(11, 1047),
(11, 1048),
(11, 1049),
(11, 1050),
(11, 1051),
(11, 1052),
(11, 1054),
(11, 1055),
(11, 1056),
(11, 1057),
(11, 1058),
(11, 1059),
(11, 1060),
(11, 1061),
(11, 1062),
(11, 1063),
(11, 1064),
(11, 1065),
(11, 1066),
(11, 1067),
(11, 1068),
(11, 1069),
(11, 1070),
(11, 1071),
(11, 1072),
(11, 1073),
(11, 1074),
(11, 1075),
(11, 1076),
(11, 1077),
(11, 1078),
(11, 1079),
(11, 1080),
(11, 1081),
(11, 1082),
(11, 1083),
(11, 1085),
(11, 1086),
(11, 1089),
(11, 1090),
(11, 1091),
(11, 1094),
(11, 1095),
(11, 1098),
(11, 1100),
(11, 1101),
(11, 1102),
(11, 1103),
(11, 1104),
(11, 1105),
(11, 1106),
(11, 1107),
(11, 1108),
(11, 1109),
(11, 1112),
(11, 1115),
(11, 1119),
(11, 1120),
(11, 1122),
(11, 1123),
(11, 1126),
(11, 1127),
(11, 1130),
(11, 1131),
(11, 1132),
(11, 1133),
(11, 1134),
(11, 1135),
(11, 1137),
(11, 1138),
(11, 1141),
(11, 1142),
(11, 1145),
(11, 1147),
(11, 1148),
(11, 1149),
(11, 1150),
(11, 1151),
(11, 1152),
(11, 1153),
(11, 1154),
(11, 1155),
(11, 1156),
(11, 1157),
(11, 1158),
(11, 1159),
(11, 1161),
(11, 1162),
(11, 1163),
(11, 1164),
(11, 1165),
(11, 1166),
(11, 1167),
(11, 1168),
(11, 1175),
(11, 1176),
(11, 1181),
(11, 1182),
(11, 1184),
(11, 1185),
(11, 1186),
(11, 1188),
(11, 1189),
(11, 1192),
(11, 1193),
(11, 1194),
(11, 1195),
(11, 1197),
(11, 1199),
(11, 1202),
(11, 1206),
(11, 1207),
(11, 1209),
(11, 1210),
(11, 1211),
(11, 1212),
(11, 1214),
(11, 1217),
(11, 1219),
(11, 1223),
(11, 1224),
(11, 1226),
(11, 1227),
(11, 1228),
(11, 1229),
(11, 1230),
(11, 1231),
(11, 1233),
(11, 1234),
(11, 1235),
(11, 1236),
(11, 1237),
(11, 1238),
(11, 1239),
(11, 1241),
(11, 1242),
(11, 1243),
(11, 1245),
(11, 1253),
(11, 1257),
(11, 1258),
(11, 1260),
(11, 1263),
(11, 1264),
(11, 1265),
(11, 1266),
(11, 1270),
(11, 1274),
(11, 1275),
(11, 1278),
(11, 1279),
(11, 1280),
(11, 1281),
(11, 1282),
(11, 1283),
(11, 1286),
(11, 1289),
(11, 1290),
(11, 1291),
(11, 1294),
(11, 1295),
(11, 1296),
(11, 1297),
(11, 1298),
(11, 1299),
(11, 1300),
(11, 1301),
(11, 1302),
(11, 1303),
(11, 1304),
(11, 1306),
(11, 1307),
(11, 1310),
(11, 1311),
(11, 1312),
(11, 1313),
(11, 1317),
(11, 1318),
(11, 1319),
(11, 1322),
(11, 1324),
(11, 1326),
(11, 1331),
(11, 1332),
(11, 1333),
(11, 1334),
(11, 1335),
(11, 1336),
(11, 1337),
(11, 1338),
(11, 1339),
(11, 1340),
(11, 1341),
(11, 1342),
(11, 1343),
(11, 1344),
(11, 1352),
(11, 1353),
(11, 1364),
(11, 1374),
(11, 1375),
(11, 1377),
(11, 1378),
(11, 1383),
(11, 1384),
(11, 1390),
(11, 1395),
(11, 1396),
(11, 1404),
(11, 1405),
(11, 1406),
(11, 1407),
(11, 1408),
(11, 1409),
(11, 1411),
(11, 1413),
(11, 1414),
(11, 1415),
(11, 1418),
(11, 1419),
(11, 1420),
(11, 1423),
(11, 1424),
(11, 1425),
(11, 1435),
(11, 1461),
(11, 1462),
(11, 1464),
(11, 1492),
(11, 1494),
(11, 1495),
(11, 1499),
(11, 1525),
(11, 1528),
(11, 1532),
(11, 1537),
(11, 1545),
(11, 1546),
(11, 1547),
(11, 1548),
(11, 1554),
(11, 1555),
(11, 1558),
(11, 1559),
(11, 1560),
(11, 1562),
(11, 1573),
(11, 1574),
(11, 1575),
(11, 1576),
(11, 1579),
(11, 1582),
(11, 1585),
(11, 1587),
(11, 1590),
(12, 32),
(12, 34),
(12, 35),
(12, 36),
(12, 37),
(12, 38),
(12, 39),
(12, 40),
(12, 43),
(12, 45),
(12, 49),
(12, 50),
(12, 51),
(12, 55),
(12, 58),
(12, 67),
(12, 73),
(12, 75),
(12, 76),
(12, 77),
(12, 78),
(12, 79),
(12, 80),
(12, 83),
(12, 84),
(12, 85),
(12, 87),
(12, 88),
(12, 89),
(12, 90),
(12, 91),
(12, 92),
(12, 96),
(12, 100),
(12, 102),
(12, 103),
(12, 104),
(12, 106),
(12, 107),
(12, 109),
(12, 110),
(12, 111),
(12, 120),
(12, 121),
(12, 124),
(12, 130),
(12, 131),
(12, 132),
(12, 134),
(12, 142),
(12, 144),
(12, 146),
(12, 147),
(12, 148),
(12, 153),
(12, 161),
(12, 162),
(12, 164),
(12, 173),
(12, 174),
(12, 177),
(12, 178),
(12, 180),
(12, 181),
(12, 191),
(12, 192),
(12, 196),
(12, 197),
(12, 198),
(12, 199),
(12, 200),
(12, 203),
(12, 204),
(12, 210),
(12, 211),
(12, 212),
(12, 213),
(12, 217),
(12, 219),
(12, 220),
(12, 221),
(12, 225),
(12, 226),
(12, 227),
(12, 229),
(12, 233),
(12, 234),
(12, 235),
(12, 236),
(12, 237),
(12, 238),
(12, 246),
(12, 248),
(12, 251),
(12, 254),
(12, 255),
(12, 256),
(12, 257),
(12, 258),
(12, 259),
(12, 260),
(12, 263),
(12, 270),
(12, 273),
(12, 274),
(12, 275),
(12, 277),
(12, 279),
(12, 282),
(12, 283),
(12, 284),
(12, 285),
(12, 287),
(12, 288),
(12, 289),
(12, 291),
(12, 292),
(12, 293),
(12, 294),
(12, 295),
(12, 298),
(12, 299),
(12, 301),
(12, 302),
(12, 305),
(12, 306),
(12, 307),
(12, 310),
(12, 316),
(12, 317),
(12, 321),
(12, 322),
(12, 325),
(12, 326),
(12, 328),
(12, 331),
(12, 332),
(12, 333),
(12, 334),
(12, 335),
(12, 339),
(12, 340),
(12, 343),
(12, 344),
(12, 345),
(12, 347),
(12, 348),
(12, 349),
(12, 352),
(12, 356),
(12, 361),
(12, 362),
(12, 363),
(12, 364),
(12, 366),
(12, 367),
(12, 368),
(12, 369),
(12, 370),
(12, 371),
(12, 372),
(12, 373),
(12, 380),
(12, 382),
(12, 383),
(12, 384),
(12, 387),
(12, 390),
(12, 391),
(12, 392),
(12, 393),
(12, 395),
(12, 397),
(12, 400),
(12, 410),
(12, 411),
(12, 412),
(12, 415),
(12, 416),
(12, 417),
(12, 418),
(12, 419),
(12, 420),
(12, 424),
(12, 425),
(12, 426),
(12, 431),
(12, 432),
(12, 433),
(12, 437),
(12, 438),
(12, 440),
(12, 445),
(12, 454),
(12, 455),
(12, 456),
(12, 460),
(12, 461),
(12, 466),
(12, 467),
(12, 468),
(12, 471),
(12, 474),
(12, 478),
(12, 480),
(12, 482),
(12, 483),
(12, 486),
(12, 488),
(12, 489),
(12, 491),
(12, 492),
(12, 494),
(12, 496),
(12, 497),
(12, 498),
(12, 499),
(12, 500),
(12, 502),
(12, 503),
(12, 504),
(12, 507),
(12, 508),
(12, 511),
(12, 512),
(12, 514),
(12, 515),
(12, 516),
(12, 517),
(12, 518),
(12, 519),
(12, 524),
(12, 525),
(12, 526),
(12, 527),
(12, 528),
(12, 529),
(12, 531),
(12, 532),
(12, 533),
(12, 534),
(12, 536),
(12, 537),
(12, 538),
(12, 540),
(12, 541),
(12, 542),
(12, 546),
(12, 547),
(12, 548),
(12, 549),
(12, 550),
(12, 552),
(12, 553),
(12, 554),
(12, 555),
(12, 564),
(12, 565),
(12, 569),
(12, 570),
(12, 571),
(12, 576),
(12, 578),
(12, 580),
(12, 581),
(12, 582),
(12, 584),
(12, 585),
(12, 586),
(12, 587),
(12, 590),
(12, 591),
(12, 592),
(12, 595),
(12, 596),
(12, 599),
(12, 601),
(12, 602),
(12, 603),
(12, 604),
(12, 609),
(12, 610),
(12, 611),
(12, 612),
(12, 613),
(12, 614),
(12, 615),
(12, 616),
(12, 618),
(12, 619),
(12, 620),
(12, 621),
(12, 622),
(12, 624),
(12, 625),
(12, 626),
(12, 629),
(12, 630),
(12, 631),
(12, 632),
(12, 633),
(12, 634),
(12, 635),
(12, 636),
(12, 637),
(12, 643),
(12, 644),
(12, 645),
(12, 647),
(12, 648),
(12, 649),
(12, 650),
(12, 653),
(12, 654),
(12, 656),
(12, 657),
(12, 658),
(12, 659),
(12, 660),
(12, 661),
(12, 662),
(12, 663),
(12, 664),
(12, 665),
(12, 666),
(12, 667),
(12, 668),
(12, 669),
(12, 670),
(12, 671),
(12, 672),
(12, 673),
(12, 674),
(12, 675),
(12, 676),
(12, 677),
(12, 678),
(12, 679),
(12, 680),
(12, 681),
(12, 682),
(12, 683),
(12, 684),
(12, 685),
(12, 686),
(12, 687),
(12, 688),
(12, 690),
(12, 691),
(12, 693),
(12, 694),
(12, 695),
(12, 696),
(12, 697),
(12, 699),
(12, 700),
(12, 701),
(12, 702),
(12, 703),
(12, 704),
(12, 705),
(12, 706),
(12, 708),
(12, 710),
(12, 711),
(12, 712),
(12, 714),
(12, 715),
(12, 716),
(12, 717),
(12, 718),
(12, 719),
(12, 720),
(12, 721),
(12, 722),
(12, 723),
(12, 724),
(12, 725),
(12, 726),
(12, 727),
(12, 729),
(12, 731),
(12, 732),
(12, 733),
(12, 734),
(12, 735),
(12, 736),
(12, 737),
(12, 738),
(12, 739),
(12, 740),
(12, 741),
(12, 742),
(12, 743),
(12, 744),
(12, 745),
(12, 747),
(12, 748),
(12, 749),
(12, 750),
(12, 751),
(12, 753),
(12, 754),
(12, 755),
(12, 757),
(12, 758),
(12, 759),
(12, 760),
(12, 761),
(12, 762),
(12, 763),
(12, 764),
(12, 765),
(12, 766),
(12, 767),
(12, 768),
(12, 769),
(12, 770),
(12, 771),
(12, 772),
(12, 773),
(12, 774),
(12, 775),
(12, 777),
(12, 778),
(12, 779),
(12, 780),
(12, 781),
(12, 782),
(12, 783),
(12, 784),
(12, 785),
(12, 787),
(12, 788),
(12, 789),
(12, 790),
(12, 791),
(12, 792),
(12, 793),
(12, 794),
(12, 795),
(12, 796),
(12, 797),
(12, 798),
(12, 799),
(12, 800),
(12, 801),
(12, 802),
(12, 803),
(12, 804),
(12, 805),
(12, 806),
(12, 807),
(12, 808),
(12, 809),
(12, 810),
(12, 811),
(12, 812),
(12, 813),
(12, 814),
(12, 815),
(12, 816),
(12, 817),
(12, 818),
(12, 819),
(12, 820),
(12, 821),
(12, 822),
(12, 823),
(12, 824),
(12, 825),
(12, 826),
(12, 827),
(12, 828),
(12, 829),
(12, 830),
(12, 831),
(12, 832),
(12, 833),
(12, 834),
(12, 835),
(12, 836),
(12, 837),
(12, 838),
(12, 839),
(12, 840),
(12, 841),
(12, 842),
(12, 845),
(12, 846),
(12, 847),
(12, 849),
(12, 850),
(12, 851),
(12, 852),
(12, 853),
(12, 854),
(12, 855),
(12, 856),
(12, 857),
(12, 858),
(12, 859),
(12, 860),
(12, 861),
(12, 862),
(12, 863),
(12, 864),
(12, 865),
(12, 866),
(12, 867),
(12, 868),
(12, 869),
(12, 870),
(12, 871),
(12, 872),
(12, 873),
(12, 874),
(12, 875),
(12, 876),
(12, 877),
(12, 880),
(12, 881),
(12, 882),
(12, 883),
(12, 885),
(12, 886),
(12, 887),
(12, 888),
(12, 889),
(12, 890),
(12, 891),
(12, 892),
(12, 893),
(12, 894),
(12, 895),
(12, 896),
(12, 897),
(12, 898),
(12, 899),
(12, 900),
(12, 901),
(12, 902),
(12, 904),
(12, 905),
(12, 907),
(12, 908),
(12, 909),
(12, 910),
(12, 911),
(12, 912),
(12, 913),
(12, 914),
(12, 915),
(12, 916),
(12, 917),
(12, 918),
(12, 919),
(12, 920),
(12, 921),
(12, 922),
(12, 924),
(12, 925),
(12, 926),
(12, 929),
(12, 930),
(12, 931),
(12, 932),
(12, 933),
(12, 934),
(12, 935),
(12, 937),
(12, 938),
(12, 939),
(12, 940),
(12, 942),
(12, 943),
(12, 944),
(12, 945),
(12, 946),
(12, 947),
(12, 948),
(12, 949),
(12, 950),
(12, 951),
(12, 953),
(12, 954),
(12, 959),
(12, 960),
(12, 961),
(12, 962),
(12, 964),
(12, 965),
(12, 966),
(12, 967),
(12, 968),
(12, 969),
(12, 970),
(12, 975),
(12, 977),
(12, 978),
(12, 979),
(12, 980),
(12, 981),
(12, 982),
(12, 983),
(12, 984),
(12, 985),
(12, 986),
(12, 987),
(12, 988),
(12, 989),
(12, 990),
(12, 996),
(12, 997),
(12, 1000),
(12, 1001),
(12, 1002),
(12, 1004),
(12, 1005),
(12, 1006),
(12, 1007),
(12, 1008),
(12, 1009),
(12, 1010),
(12, 1011),
(12, 1012),
(12, 1013),
(12, 1014),
(12, 1015),
(12, 1016),
(12, 1017),
(12, 1018),
(12, 1019),
(12, 1020),
(12, 1022),
(12, 1023),
(12, 1024),
(12, 1025),
(12, 1026),
(12, 1027),
(12, 1029),
(12, 1030),
(12, 1031),
(12, 1032),
(12, 1033),
(12, 1034),
(12, 1036),
(12, 1037),
(12, 1038),
(12, 1039),
(12, 1040),
(12, 1041),
(12, 1042),
(12, 1043),
(12, 1044),
(12, 1045),
(12, 1047),
(12, 1048),
(12, 1049),
(12, 1050),
(12, 1051),
(12, 1053),
(12, 1054),
(12, 1057),
(12, 1058),
(12, 1059),
(12, 1060),
(12, 1061),
(12, 1062),
(12, 1063),
(12, 1064),
(12, 1065),
(12, 1066),
(12, 1067),
(12, 1068),
(12, 1069),
(12, 1070),
(12, 1071),
(12, 1072),
(12, 1073),
(12, 1075),
(12, 1076),
(12, 1077),
(12, 1078),
(12, 1079),
(12, 1080),
(12, 1081),
(12, 1082),
(12, 1086),
(12, 1095),
(12, 1101),
(12, 1104),
(12, 1105),
(12, 1106),
(12, 1107),
(12, 1112),
(12, 1115),
(12, 1119),
(12, 1120),
(12, 1127),
(12, 1133),
(12, 1134),
(12, 1135),
(12, 1137),
(12, 1138),
(12, 1141),
(12, 1142),
(12, 1147),
(12, 1148),
(12, 1149),
(12, 1150),
(12, 1151),
(12, 1152),
(12, 1153),
(12, 1154),
(12, 1156),
(12, 1157),
(12, 1158),
(12, 1159),
(12, 1161),
(12, 1162),
(12, 1163),
(12, 1164),
(12, 1165),
(12, 1166),
(12, 1167),
(12, 1168),
(12, 1169),
(12, 1174),
(12, 1175),
(12, 1176),
(12, 1181),
(12, 1182),
(12, 1183),
(12, 1184),
(12, 1185),
(12, 1186),
(12, 1188),
(12, 1189),
(12, 1192),
(12, 1193),
(12, 1194),
(12, 1195),
(12, 1197),
(12, 1198),
(12, 1199),
(12, 1200),
(12, 1201),
(12, 1202),
(12, 1203),
(12, 1204),
(12, 1205),
(12, 1206),
(12, 1207),
(12, 1208),
(12, 1209),
(12, 1210),
(12, 1211),
(12, 1212),
(12, 1214),
(12, 1217),
(12, 1219),
(12, 1223),
(12, 1224),
(12, 1226),
(12, 1227),
(12, 1228),
(12, 1229),
(12, 1230),
(12, 1231),
(12, 1233),
(12, 1234),
(12, 1235),
(12, 1236),
(12, 1237),
(12, 1238),
(12, 1239),
(12, 1241),
(12, 1242),
(12, 1243),
(12, 1245),
(12, 1253),
(12, 1257),
(12, 1258),
(12, 1260),
(12, 1263),
(12, 1264),
(12, 1265),
(12, 1266),
(12, 1270),
(12, 1274),
(12, 1275),
(12, 1278),
(12, 1279),
(12, 1280),
(12, 1281),
(12, 1282),
(12, 1283),
(12, 1286),
(12, 1289),
(12, 1290),
(12, 1291),
(12, 1294),
(12, 1295),
(12, 1296),
(12, 1297),
(12, 1298),
(12, 1299),
(12, 1300),
(12, 1301),
(12, 1302),
(12, 1303),
(12, 1304),
(12, 1306),
(12, 1307),
(12, 1310),
(12, 1311),
(12, 1312),
(12, 1313),
(12, 1317),
(12, 1318),
(12, 1319),
(12, 1322),
(12, 1324),
(12, 1326),
(12, 1331),
(12, 1332),
(12, 1333),
(12, 1334),
(12, 1335),
(12, 1336),
(12, 1337),
(12, 1338),
(12, 1339),
(12, 1340),
(12, 1341),
(12, 1342),
(12, 1343),
(12, 1344),
(12, 1352),
(12, 1353),
(12, 1364),
(12, 1374),
(12, 1375),
(12, 1377),
(12, 1378),
(12, 1383),
(12, 1384),
(12, 1390),
(12, 1395),
(12, 1396),
(12, 1404),
(12, 1405),
(12, 1406),
(12, 1407),
(12, 1408),
(12, 1409),
(12, 1411),
(12, 1413),
(12, 1414),
(12, 1415),
(12, 1418),
(12, 1419),
(12, 1420),
(12, 1423),
(12, 1424),
(12, 1425),
(12, 1435),
(12, 1461),
(12, 1462),
(12, 1464),
(12, 1492),
(12, 1494),
(12, 1495),
(12, 1499),
(12, 1525),
(12, 1528),
(12, 1532),
(12, 1537),
(12, 1545),
(12, 1546),
(12, 1547),
(12, 1548),
(12, 1554),
(12, 1555),
(12, 1558),
(12, 1559),
(12, 1560),
(12, 1562),
(12, 1573),
(12, 1574),
(12, 1575),
(12, 1576),
(12, 1579),
(12, 1582),
(12, 1585),
(12, 1587),
(12, 1590),
(13, 32),
(13, 34),
(13, 35),
(13, 36),
(13, 37),
(13, 38),
(13, 39),
(13, 40),
(13, 43),
(13, 45),
(13, 49),
(13, 50),
(13, 51),
(13, 55),
(13, 58),
(13, 67),
(13, 73),
(13, 75),
(13, 76),
(13, 77),
(13, 78),
(13, 79),
(13, 80),
(13, 83),
(13, 84),
(13, 85),
(13, 87),
(13, 88),
(13, 89),
(13, 90),
(13, 91),
(13, 92),
(13, 96),
(13, 100),
(13, 102),
(13, 103),
(13, 104),
(13, 106),
(13, 107),
(13, 109),
(13, 110),
(13, 111),
(13, 120),
(13, 121),
(13, 124),
(13, 130),
(13, 131),
(13, 132),
(13, 134),
(13, 142),
(13, 144),
(13, 146),
(13, 147),
(13, 148),
(13, 153),
(13, 161),
(13, 162),
(13, 164),
(13, 173),
(13, 174),
(13, 177),
(13, 178),
(13, 180),
(13, 181),
(13, 191),
(13, 192),
(13, 196),
(13, 197),
(13, 198),
(13, 199),
(13, 200),
(13, 203),
(13, 204),
(13, 210),
(13, 211),
(13, 212),
(13, 213),
(13, 217),
(13, 219),
(13, 220),
(13, 221),
(13, 225),
(13, 226),
(13, 227),
(13, 229),
(13, 233),
(13, 234),
(13, 235),
(13, 236),
(13, 237),
(13, 238),
(13, 246),
(13, 248),
(13, 251),
(13, 254),
(13, 255),
(13, 256),
(13, 257),
(13, 258),
(13, 259),
(13, 260),
(13, 263),
(13, 270),
(13, 273),
(13, 274),
(13, 275),
(13, 277),
(13, 279),
(13, 282),
(13, 283),
(13, 284),
(13, 285),
(13, 287),
(13, 288),
(13, 289),
(13, 291),
(13, 292),
(13, 293),
(13, 294),
(13, 295),
(13, 298),
(13, 299),
(13, 301),
(13, 302),
(13, 305),
(13, 306),
(13, 307),
(13, 310),
(13, 316),
(13, 317),
(13, 321),
(13, 322),
(13, 325),
(13, 326),
(13, 328),
(13, 331),
(13, 332),
(13, 333),
(13, 334),
(13, 335),
(13, 339),
(13, 340),
(13, 343),
(13, 344),
(13, 345),
(13, 347),
(13, 348),
(13, 349),
(13, 352),
(13, 356),
(13, 361),
(13, 362),
(13, 363),
(13, 364),
(13, 366),
(13, 367),
(13, 368),
(13, 369),
(13, 370),
(13, 371),
(13, 372),
(13, 373),
(13, 380),
(13, 382),
(13, 383),
(13, 384),
(13, 387),
(13, 390),
(13, 391),
(13, 392),
(13, 393),
(13, 395),
(13, 397),
(13, 400),
(13, 410),
(13, 411),
(13, 412),
(13, 415),
(13, 416),
(13, 417),
(13, 418),
(13, 419),
(13, 420),
(13, 424),
(13, 425),
(13, 426),
(13, 431),
(13, 432),
(13, 433),
(13, 437),
(13, 438),
(13, 440),
(13, 445),
(13, 454),
(13, 455),
(13, 456),
(13, 460),
(13, 461),
(13, 466),
(13, 467),
(13, 468),
(13, 471),
(13, 474),
(13, 478),
(13, 480),
(13, 482),
(13, 483),
(13, 486),
(13, 488),
(13, 489),
(13, 491),
(13, 492),
(13, 494),
(13, 496),
(13, 497),
(13, 498),
(13, 499),
(13, 500),
(13, 502),
(13, 503),
(13, 504),
(13, 507),
(13, 508),
(13, 511),
(13, 512),
(13, 514),
(13, 515),
(13, 516),
(13, 517),
(13, 518),
(13, 519),
(13, 524),
(13, 525),
(13, 526),
(13, 527),
(13, 528),
(13, 529),
(13, 531),
(13, 532),
(13, 533),
(13, 534),
(13, 536),
(13, 537),
(13, 538),
(13, 540),
(13, 541),
(13, 542),
(13, 546),
(13, 547),
(13, 548),
(13, 549),
(13, 550),
(13, 552),
(13, 553),
(13, 554),
(13, 555),
(13, 564),
(13, 565),
(13, 569),
(13, 570),
(13, 571),
(13, 576),
(13, 578),
(13, 580),
(13, 581),
(13, 582),
(13, 584),
(13, 585),
(13, 586),
(13, 587),
(13, 590),
(13, 591),
(13, 592),
(13, 595),
(13, 596),
(13, 599),
(13, 601),
(13, 602),
(13, 603),
(13, 604),
(13, 609),
(13, 610),
(13, 611),
(13, 612),
(13, 613),
(13, 614),
(13, 615),
(13, 616),
(13, 618),
(13, 619),
(13, 620),
(13, 621),
(13, 622),
(13, 624),
(13, 625),
(13, 626),
(13, 629),
(13, 630),
(13, 631),
(13, 632),
(13, 633),
(13, 634),
(13, 635),
(13, 636),
(13, 637),
(13, 643),
(13, 644),
(13, 645),
(13, 647),
(13, 648),
(13, 649),
(13, 650),
(13, 653),
(13, 654),
(13, 656),
(13, 657),
(13, 658),
(13, 659),
(13, 660),
(13, 661),
(13, 662),
(13, 663),
(13, 664),
(13, 665),
(13, 666),
(13, 667),
(13, 668),
(13, 669),
(13, 670),
(13, 671),
(13, 672),
(13, 673),
(13, 674),
(13, 675),
(13, 676),
(13, 677),
(13, 678),
(13, 679),
(13, 680),
(13, 681),
(13, 682),
(13, 683),
(13, 684),
(13, 685),
(13, 686),
(13, 687),
(13, 688),
(13, 690),
(13, 691),
(13, 693),
(13, 694),
(13, 695),
(13, 696),
(13, 697),
(13, 699),
(13, 700),
(13, 701),
(13, 702),
(13, 703),
(13, 704),
(13, 705),
(13, 706),
(13, 708),
(13, 710),
(13, 711),
(13, 712),
(13, 714),
(13, 715),
(13, 716),
(13, 717),
(13, 718),
(13, 719),
(13, 720),
(13, 721),
(13, 722),
(13, 723),
(13, 724),
(13, 725),
(13, 726),
(13, 727),
(13, 729),
(13, 731),
(13, 732),
(13, 733),
(13, 734),
(13, 735),
(13, 736),
(13, 737),
(13, 738),
(13, 739),
(13, 740),
(13, 741),
(13, 742),
(13, 743),
(13, 744),
(13, 745),
(13, 747),
(13, 748),
(13, 749),
(13, 750),
(13, 751),
(13, 753),
(13, 754),
(13, 755),
(13, 757),
(13, 758),
(13, 759),
(13, 760),
(13, 761),
(13, 762),
(13, 763),
(13, 764),
(13, 765),
(13, 766),
(13, 767),
(13, 768),
(13, 769),
(13, 770),
(13, 771),
(13, 772),
(13, 773),
(13, 774),
(13, 775),
(13, 777),
(13, 778),
(13, 779),
(13, 780),
(13, 781),
(13, 782),
(13, 783),
(13, 784),
(13, 785),
(13, 787),
(13, 788),
(13, 789),
(13, 790),
(13, 791),
(13, 792),
(13, 793),
(13, 794),
(13, 795),
(13, 796),
(13, 797),
(13, 798),
(13, 799),
(13, 800),
(13, 801),
(13, 802),
(13, 803),
(13, 804),
(13, 805),
(13, 806),
(13, 807),
(13, 808),
(13, 809),
(13, 810),
(13, 811),
(13, 812),
(13, 813),
(13, 814),
(13, 815),
(13, 816),
(13, 817),
(13, 818),
(13, 819),
(13, 820),
(13, 821),
(13, 822),
(13, 823),
(13, 824),
(13, 825),
(13, 826),
(13, 827),
(13, 828),
(13, 829),
(13, 830),
(13, 831),
(13, 832),
(13, 833),
(13, 834),
(13, 835),
(13, 836),
(13, 837),
(13, 838),
(13, 839),
(13, 840),
(13, 841),
(13, 842),
(13, 845),
(13, 846),
(13, 847),
(13, 849),
(13, 850),
(13, 851),
(13, 852),
(13, 853),
(13, 854),
(13, 855),
(13, 856),
(13, 857),
(13, 858),
(13, 859),
(13, 860),
(13, 861),
(13, 862),
(13, 863),
(13, 864),
(13, 865),
(13, 866),
(13, 867),
(13, 868),
(13, 869),
(13, 870),
(13, 871),
(13, 872),
(13, 873),
(13, 874),
(13, 875),
(13, 876),
(13, 877),
(13, 880),
(13, 881),
(13, 882),
(13, 883),
(13, 885),
(13, 886),
(13, 887),
(13, 888),
(13, 889),
(13, 890),
(13, 891),
(13, 892),
(13, 893),
(13, 894),
(13, 895),
(13, 896),
(13, 897),
(13, 898),
(13, 899),
(13, 900),
(13, 901),
(13, 902),
(13, 904),
(13, 905),
(13, 907),
(13, 908),
(13, 909),
(13, 910),
(13, 911),
(13, 912),
(13, 913),
(13, 914),
(13, 915),
(13, 916),
(13, 917),
(13, 918),
(13, 919),
(13, 920),
(13, 921),
(13, 922),
(13, 924),
(13, 925),
(13, 926),
(13, 929),
(13, 930),
(13, 931),
(13, 932),
(13, 933),
(13, 934),
(13, 935),
(13, 937),
(13, 938),
(13, 939),
(13, 940),
(13, 942),
(13, 943),
(13, 944),
(13, 945),
(13, 946),
(13, 947),
(13, 948),
(13, 949),
(13, 950),
(13, 951),
(13, 953),
(13, 954),
(13, 959),
(13, 960),
(13, 961),
(13, 962),
(13, 964),
(13, 965),
(13, 966),
(13, 967),
(13, 968),
(13, 969),
(13, 970),
(13, 975),
(13, 977),
(13, 978),
(13, 979),
(13, 980),
(13, 981),
(13, 982),
(13, 983),
(13, 984),
(13, 985),
(13, 986),
(13, 987),
(13, 988),
(13, 989),
(13, 990),
(13, 996),
(13, 997),
(13, 1000),
(13, 1001),
(13, 1002),
(13, 1004),
(13, 1005),
(13, 1006),
(13, 1007),
(13, 1008),
(13, 1009),
(13, 1010),
(13, 1011),
(13, 1012),
(13, 1013),
(13, 1014),
(13, 1015),
(13, 1016),
(13, 1017),
(13, 1018),
(13, 1019),
(13, 1020),
(13, 1022),
(13, 1023),
(13, 1024),
(13, 1025),
(13, 1026),
(13, 1027),
(13, 1029),
(13, 1030),
(13, 1031),
(13, 1032),
(13, 1033),
(13, 1034),
(13, 1036),
(13, 1037),
(13, 1038),
(13, 1039),
(13, 1040),
(13, 1041),
(13, 1042),
(13, 1043),
(13, 1044),
(13, 1045),
(13, 1047),
(13, 1048),
(13, 1049),
(13, 1050),
(13, 1051),
(13, 1053),
(13, 1054),
(13, 1057),
(13, 1058),
(13, 1059),
(13, 1060),
(13, 1061),
(13, 1062),
(13, 1063),
(13, 1064),
(13, 1065),
(13, 1066),
(13, 1067),
(13, 1068),
(13, 1069),
(13, 1070),
(13, 1071),
(13, 1072),
(13, 1073),
(13, 1075),
(13, 1076),
(13, 1077),
(13, 1078),
(13, 1079),
(13, 1080),
(13, 1081),
(13, 1082),
(13, 1086),
(13, 1095),
(13, 1101),
(13, 1104),
(13, 1105),
(13, 1106),
(13, 1107),
(13, 1112),
(13, 1115),
(13, 1119),
(13, 1120),
(13, 1127),
(13, 1133),
(13, 1134),
(13, 1135),
(13, 1137),
(13, 1138),
(13, 1141),
(13, 1142),
(13, 1147),
(13, 1148),
(13, 1149),
(13, 1150),
(13, 1151),
(13, 1152),
(13, 1153),
(13, 1154),
(13, 1156),
(13, 1157),
(13, 1158),
(13, 1159),
(13, 1161),
(13, 1162),
(13, 1163),
(13, 1164),
(13, 1165),
(13, 1166),
(13, 1167),
(13, 1168),
(13, 1169),
(13, 1174),
(13, 1175),
(13, 1176),
(13, 1181),
(13, 1182),
(13, 1183),
(13, 1184),
(13, 1185),
(13, 1186),
(13, 1188),
(13, 1189),
(13, 1192),
(13, 1193),
(13, 1194),
(13, 1195),
(13, 1197),
(13, 1198),
(13, 1199),
(13, 1200),
(13, 1201),
(13, 1202),
(13, 1203),
(13, 1204),
(13, 1205),
(13, 1206),
(13, 1207),
(13, 1208),
(13, 1209),
(13, 1210),
(13, 1211),
(13, 1212),
(13, 1214),
(13, 1217),
(13, 1219),
(13, 1223),
(13, 1224),
(13, 1226),
(13, 1227),
(13, 1228),
(13, 1229),
(13, 1230),
(13, 1231),
(13, 1233),
(13, 1234),
(13, 1235),
(13, 1236),
(13, 1237),
(13, 1238),
(13, 1239),
(13, 1241),
(13, 1242),
(13, 1243),
(13, 1245),
(13, 1253),
(13, 1257),
(13, 1258),
(13, 1260),
(13, 1263),
(13, 1264),
(13, 1265),
(13, 1266),
(13, 1270),
(13, 1274),
(13, 1275),
(13, 1278),
(13, 1279),
(13, 1280),
(13, 1281),
(13, 1282),
(13, 1283),
(13, 1286),
(13, 1289),
(13, 1290),
(13, 1291),
(13, 1294),
(13, 1295),
(13, 1296),
(13, 1297),
(13, 1298),
(13, 1299),
(13, 1300),
(13, 1301),
(13, 1302),
(13, 1303),
(13, 1304),
(13, 1306),
(13, 1307),
(13, 1310),
(13, 1311),
(13, 1312),
(13, 1313),
(13, 1317),
(13, 1318),
(13, 1319),
(13, 1322),
(13, 1324),
(13, 1326),
(13, 1331),
(13, 1332),
(13, 1333),
(13, 1334),
(13, 1335),
(13, 1336),
(13, 1337),
(13, 1338),
(13, 1339),
(13, 1340),
(13, 1341),
(13, 1342),
(13, 1343),
(13, 1344),
(13, 1352),
(13, 1353),
(13, 1364),
(13, 1374),
(13, 1375),
(13, 1377),
(13, 1378),
(13, 1383),
(13, 1384),
(13, 1390),
(13, 1395),
(13, 1396),
(13, 1404),
(13, 1405),
(13, 1406),
(13, 1407),
(13, 1408),
(13, 1409),
(13, 1411),
(13, 1413),
(13, 1414),
(13, 1415),
(13, 1418),
(13, 1419),
(13, 1420),
(13, 1423),
(13, 1424),
(13, 1425),
(13, 1435),
(13, 1461),
(13, 1462),
(13, 1464),
(13, 1492),
(13, 1494),
(13, 1495),
(13, 1499),
(13, 1525),
(13, 1528),
(13, 1532),
(13, 1537),
(13, 1545),
(13, 1546),
(13, 1547),
(13, 1548),
(13, 1554),
(13, 1555),
(13, 1558),
(13, 1559),
(13, 1560),
(13, 1562),
(13, 1573),
(13, 1574),
(13, 1575),
(13, 1576),
(13, 1579),
(13, 1582),
(13, 1585),
(13, 1587),
(13, 1590),
(14, 32),
(14, 34),
(14, 35),
(14, 36),
(14, 37),
(14, 38),
(14, 39),
(14, 40),
(14, 43),
(14, 45),
(14, 49),
(14, 50),
(14, 51),
(14, 55),
(14, 58),
(14, 67),
(14, 73),
(14, 75),
(14, 76),
(14, 77),
(14, 78),
(14, 79),
(14, 80),
(14, 83),
(14, 84),
(14, 85),
(14, 87),
(14, 88),
(14, 89),
(14, 90),
(14, 91),
(14, 92),
(14, 96),
(14, 100),
(14, 102),
(14, 103),
(14, 104),
(14, 106),
(14, 107),
(14, 109),
(14, 110),
(14, 111),
(14, 120),
(14, 121),
(14, 124),
(14, 130),
(14, 131),
(14, 132),
(14, 134),
(14, 142),
(14, 144),
(14, 146),
(14, 147),
(14, 148),
(14, 153),
(14, 161),
(14, 162),
(14, 164),
(14, 173),
(14, 174),
(14, 177),
(14, 178),
(14, 180),
(14, 181),
(14, 191),
(14, 192),
(14, 196),
(14, 197),
(14, 198),
(14, 199),
(14, 200),
(14, 203),
(14, 204),
(14, 210),
(14, 211),
(14, 212),
(14, 213),
(14, 217),
(14, 219),
(14, 220),
(14, 221),
(14, 225),
(14, 226),
(14, 227),
(14, 229),
(14, 233),
(14, 234),
(14, 235),
(14, 236),
(14, 237),
(14, 238),
(14, 246),
(14, 248),
(14, 251),
(14, 254),
(14, 255),
(14, 256),
(14, 257),
(14, 258),
(14, 259),
(14, 260),
(14, 263),
(14, 270),
(14, 273),
(14, 274),
(14, 275),
(14, 277),
(14, 279),
(14, 282),
(14, 283),
(14, 284),
(14, 285),
(14, 287),
(14, 288),
(14, 289),
(14, 291),
(14, 292),
(14, 293),
(14, 294),
(14, 295),
(14, 298),
(14, 299),
(14, 301),
(14, 302),
(14, 305),
(14, 306),
(14, 307),
(14, 310),
(14, 316),
(14, 317),
(14, 321),
(14, 322),
(14, 325),
(14, 326),
(14, 328),
(14, 331),
(14, 332),
(14, 333),
(14, 334),
(14, 335),
(14, 339),
(14, 340),
(14, 343),
(14, 344),
(14, 345),
(14, 347),
(14, 348),
(14, 349),
(14, 352),
(14, 356),
(14, 361),
(14, 362),
(14, 363),
(14, 364),
(14, 366),
(14, 367),
(14, 368),
(14, 369),
(14, 370),
(14, 371),
(14, 372),
(14, 373),
(14, 380),
(14, 382),
(14, 383),
(14, 384),
(14, 387),
(14, 390),
(14, 391),
(14, 392),
(14, 393),
(14, 395),
(14, 397),
(14, 400),
(14, 410),
(14, 411),
(14, 412),
(14, 415),
(14, 416),
(14, 417),
(14, 418),
(14, 419),
(14, 420),
(14, 424),
(14, 425),
(14, 426),
(14, 431),
(14, 432),
(14, 433),
(14, 437),
(14, 438),
(14, 440),
(14, 445),
(14, 454),
(14, 455),
(14, 456),
(14, 460),
(14, 461),
(14, 466),
(14, 467),
(14, 468),
(14, 471),
(14, 474),
(14, 478),
(14, 480),
(14, 482),
(14, 483),
(14, 486),
(14, 488),
(14, 489),
(14, 491),
(14, 492),
(14, 494),
(14, 496),
(14, 497),
(14, 498),
(14, 499),
(14, 500),
(14, 502),
(14, 503),
(14, 504),
(14, 507),
(14, 508),
(14, 511),
(14, 512),
(14, 514),
(14, 515),
(14, 516),
(14, 517),
(14, 518),
(14, 519),
(14, 524),
(14, 525),
(14, 526),
(14, 527),
(14, 528),
(14, 529),
(14, 531),
(14, 532),
(14, 533),
(14, 534),
(14, 536),
(14, 537),
(14, 538),
(14, 540),
(14, 541),
(14, 542),
(14, 546),
(14, 547),
(14, 548),
(14, 549),
(14, 550),
(14, 552),
(14, 553),
(14, 554),
(14, 555),
(14, 564),
(14, 565),
(14, 569),
(14, 570),
(14, 571),
(14, 576),
(14, 578),
(14, 580),
(14, 581),
(14, 582),
(14, 584),
(14, 585),
(14, 586),
(14, 587),
(14, 590),
(14, 591),
(14, 592),
(14, 595),
(14, 596),
(14, 599),
(14, 601),
(14, 602),
(14, 603),
(14, 604),
(14, 609),
(14, 610),
(14, 611),
(14, 612),
(14, 613),
(14, 614),
(14, 615),
(14, 616),
(14, 618),
(14, 619),
(14, 620),
(14, 621),
(14, 622),
(14, 624),
(14, 625),
(14, 626),
(14, 629),
(14, 630),
(14, 631),
(14, 632),
(14, 633),
(14, 634),
(14, 635),
(14, 636),
(14, 637),
(14, 643),
(14, 644),
(14, 645),
(14, 647),
(14, 648),
(14, 649),
(14, 650),
(14, 653),
(14, 654),
(14, 656),
(14, 657),
(14, 658),
(14, 659),
(14, 660),
(14, 661),
(14, 662),
(14, 663),
(14, 664),
(14, 665),
(14, 666),
(14, 667),
(14, 668),
(14, 669),
(14, 670),
(14, 671),
(14, 672),
(14, 673),
(14, 674),
(14, 675),
(14, 676),
(14, 677),
(14, 678),
(14, 679),
(14, 680),
(14, 681),
(14, 682),
(14, 683),
(14, 684),
(14, 685),
(14, 686),
(14, 687),
(14, 688),
(14, 690),
(14, 691),
(14, 693),
(14, 694),
(14, 695),
(14, 696),
(14, 697),
(14, 699),
(14, 700),
(14, 701),
(14, 702),
(14, 703),
(14, 704),
(14, 705),
(14, 706),
(14, 708),
(14, 710),
(14, 711),
(14, 712),
(14, 714),
(14, 715),
(14, 716),
(14, 717),
(14, 718),
(14, 719),
(14, 720),
(14, 721),
(14, 722),
(14, 723),
(14, 724),
(14, 725),
(14, 726),
(14, 727),
(14, 729),
(14, 731),
(14, 732),
(14, 733),
(14, 734),
(14, 735),
(14, 736),
(14, 737),
(14, 738),
(14, 739),
(14, 740),
(14, 741),
(14, 742),
(14, 743),
(14, 744),
(14, 745),
(14, 747),
(14, 748),
(14, 749),
(14, 750),
(14, 751),
(14, 753),
(14, 754),
(14, 755),
(14, 757),
(14, 758),
(14, 759),
(14, 760),
(14, 761),
(14, 762),
(14, 763),
(14, 764),
(14, 765),
(14, 766),
(14, 767),
(14, 768),
(14, 769),
(14, 770),
(14, 771),
(14, 772),
(14, 773),
(14, 774),
(14, 775),
(14, 777),
(14, 778),
(14, 779),
(14, 780),
(14, 781),
(14, 782),
(14, 783),
(14, 784),
(14, 785),
(14, 787),
(14, 788),
(14, 789),
(14, 790),
(14, 791),
(14, 792),
(14, 793),
(14, 794),
(14, 795),
(14, 796),
(14, 797),
(14, 798),
(14, 799),
(14, 800),
(14, 801),
(14, 802),
(14, 803),
(14, 804),
(14, 805),
(14, 806),
(14, 807),
(14, 808),
(14, 809),
(14, 810),
(14, 811),
(14, 812),
(14, 813),
(14, 814),
(14, 815),
(14, 816),
(14, 817),
(14, 818);
INSERT INTO `race_color` (`id_race`, `id_color`) VALUES
(14, 819),
(14, 820),
(14, 821),
(14, 822),
(14, 823),
(14, 824),
(14, 825),
(14, 826),
(14, 827),
(14, 828),
(14, 829),
(14, 830),
(14, 831),
(14, 832),
(14, 833),
(14, 834),
(14, 835),
(14, 836),
(14, 837),
(14, 838),
(14, 839),
(14, 840),
(14, 841),
(14, 842),
(14, 845),
(14, 846),
(14, 847),
(14, 849),
(14, 850),
(14, 851),
(14, 852),
(14, 853),
(14, 854),
(14, 855),
(14, 856),
(14, 857),
(14, 858),
(14, 859),
(14, 860),
(14, 861),
(14, 862),
(14, 863),
(14, 864),
(14, 865),
(14, 866),
(14, 867),
(14, 868),
(14, 869),
(14, 870),
(14, 871),
(14, 872),
(14, 873),
(14, 874),
(14, 875),
(14, 876),
(14, 877),
(14, 880),
(14, 881),
(14, 882),
(14, 883),
(14, 885),
(14, 886),
(14, 887),
(14, 888),
(14, 889),
(14, 890),
(14, 891),
(14, 892),
(14, 893),
(14, 894),
(14, 895),
(14, 896),
(14, 897),
(14, 898),
(14, 899),
(14, 900),
(14, 901),
(14, 902),
(14, 904),
(14, 905),
(14, 907),
(14, 908),
(14, 909),
(14, 910),
(14, 911),
(14, 912),
(14, 913),
(14, 914),
(14, 915),
(14, 916),
(14, 917),
(14, 918),
(14, 919),
(14, 920),
(14, 921),
(14, 922),
(14, 924),
(14, 925),
(14, 926),
(14, 929),
(14, 930),
(14, 931),
(14, 932),
(14, 933),
(14, 934),
(14, 935),
(14, 937),
(14, 938),
(14, 939),
(14, 940),
(14, 942),
(14, 943),
(14, 944),
(14, 945),
(14, 946),
(14, 947),
(14, 948),
(14, 949),
(14, 950),
(14, 951),
(14, 953),
(14, 954),
(14, 959),
(14, 960),
(14, 961),
(14, 962),
(14, 964),
(14, 965),
(14, 966),
(14, 967),
(14, 968),
(14, 969),
(14, 970),
(14, 975),
(14, 977),
(14, 978),
(14, 979),
(14, 980),
(14, 981),
(14, 982),
(14, 983),
(14, 984),
(14, 985),
(14, 986),
(14, 987),
(14, 988),
(14, 989),
(14, 990),
(14, 996),
(14, 997),
(14, 1000),
(14, 1001),
(14, 1002),
(14, 1004),
(14, 1005),
(14, 1006),
(14, 1007),
(14, 1008),
(14, 1009),
(14, 1010),
(14, 1011),
(14, 1012),
(14, 1013),
(14, 1014),
(14, 1015),
(14, 1016),
(14, 1017),
(14, 1018),
(14, 1019),
(14, 1020),
(14, 1022),
(14, 1023),
(14, 1024),
(14, 1025),
(14, 1026),
(14, 1027),
(14, 1029),
(14, 1030),
(14, 1031),
(14, 1032),
(14, 1033),
(14, 1034),
(14, 1036),
(14, 1037),
(14, 1038),
(14, 1039),
(14, 1040),
(14, 1041),
(14, 1042),
(14, 1043),
(14, 1044),
(14, 1045),
(14, 1047),
(14, 1048),
(14, 1049),
(14, 1050),
(14, 1051),
(14, 1053),
(14, 1054),
(14, 1057),
(14, 1058),
(14, 1059),
(14, 1060),
(14, 1061),
(14, 1062),
(14, 1063),
(14, 1064),
(14, 1065),
(14, 1066),
(14, 1067),
(14, 1068),
(14, 1069),
(14, 1070),
(14, 1071),
(14, 1072),
(14, 1073),
(14, 1075),
(14, 1076),
(14, 1077),
(14, 1078),
(14, 1079),
(14, 1080),
(14, 1081),
(14, 1082),
(14, 1086),
(14, 1095),
(14, 1101),
(14, 1104),
(14, 1105),
(14, 1106),
(14, 1107),
(14, 1112),
(14, 1115),
(14, 1119),
(14, 1120),
(14, 1127),
(14, 1133),
(14, 1134),
(14, 1135),
(14, 1137),
(14, 1138),
(14, 1141),
(14, 1142),
(14, 1147),
(14, 1148),
(14, 1149),
(14, 1150),
(14, 1151),
(14, 1152),
(14, 1153),
(14, 1154),
(14, 1156),
(14, 1157),
(14, 1158),
(14, 1159),
(14, 1161),
(14, 1162),
(14, 1163),
(14, 1164),
(14, 1165),
(14, 1166),
(14, 1167),
(14, 1168),
(14, 1169),
(14, 1174),
(14, 1175),
(14, 1176),
(14, 1181),
(14, 1182),
(14, 1183),
(14, 1184),
(14, 1185),
(14, 1186),
(14, 1188),
(14, 1189),
(14, 1192),
(14, 1193),
(14, 1194),
(14, 1195),
(14, 1197),
(14, 1198),
(14, 1199),
(14, 1200),
(14, 1201),
(14, 1202),
(14, 1203),
(14, 1204),
(14, 1205),
(14, 1206),
(14, 1207),
(14, 1208),
(14, 1209),
(14, 1210),
(14, 1211),
(14, 1212),
(14, 1214),
(14, 1217),
(14, 1219),
(14, 1223),
(14, 1224),
(14, 1226),
(14, 1227),
(14, 1228),
(14, 1229),
(14, 1230),
(14, 1231),
(14, 1233),
(14, 1234),
(14, 1235),
(14, 1236),
(14, 1237),
(14, 1238),
(14, 1239),
(14, 1241),
(14, 1242),
(14, 1243),
(14, 1245),
(14, 1253),
(14, 1257),
(14, 1258),
(14, 1260),
(14, 1263),
(14, 1264),
(14, 1265),
(14, 1266),
(14, 1270),
(14, 1274),
(14, 1275),
(14, 1278),
(14, 1279),
(14, 1280),
(14, 1281),
(14, 1282),
(14, 1283),
(14, 1286),
(14, 1289),
(14, 1290),
(14, 1291),
(14, 1294),
(14, 1295),
(14, 1296),
(14, 1297),
(14, 1298),
(14, 1299),
(14, 1300),
(14, 1301),
(14, 1302),
(14, 1303),
(14, 1304),
(14, 1306),
(14, 1307),
(14, 1310),
(14, 1311),
(14, 1312),
(14, 1313),
(14, 1317),
(14, 1318),
(14, 1319),
(14, 1322),
(14, 1324),
(14, 1326),
(14, 1331),
(14, 1332),
(14, 1333),
(14, 1334),
(14, 1335),
(14, 1336),
(14, 1337),
(14, 1338),
(14, 1339),
(14, 1340),
(14, 1341),
(14, 1342),
(14, 1343),
(14, 1344),
(14, 1352),
(14, 1353),
(14, 1364),
(14, 1374),
(14, 1375),
(14, 1377),
(14, 1378),
(14, 1383),
(14, 1384),
(14, 1390),
(14, 1395),
(14, 1396),
(14, 1404),
(14, 1405),
(14, 1406),
(14, 1407),
(14, 1408),
(14, 1409),
(14, 1411),
(14, 1413),
(14, 1414),
(14, 1415),
(14, 1418),
(14, 1419),
(14, 1420),
(14, 1423),
(14, 1424),
(14, 1425),
(14, 1435),
(14, 1461),
(14, 1462),
(14, 1464),
(14, 1492),
(14, 1494),
(14, 1495),
(14, 1499),
(14, 1525),
(14, 1528),
(14, 1532),
(14, 1537),
(14, 1545),
(14, 1546),
(14, 1547),
(14, 1548),
(14, 1554),
(14, 1555),
(14, 1558),
(14, 1559),
(14, 1560),
(14, 1562),
(14, 1573),
(14, 1574),
(14, 1575),
(14, 1576),
(14, 1579),
(14, 1582),
(14, 1585),
(14, 1587),
(14, 1590),
(15, 211),
(15, 212),
(15, 213),
(15, 217),
(15, 225),
(15, 226),
(15, 229),
(15, 284),
(15, 288),
(15, 289),
(15, 306),
(15, 307),
(15, 310),
(15, 424),
(15, 425),
(15, 433),
(15, 454),
(15, 455),
(15, 456),
(15, 468),
(15, 478),
(15, 480),
(15, 482),
(15, 483),
(15, 489),
(15, 492),
(15, 498),
(15, 499),
(15, 503),
(15, 508),
(15, 516),
(15, 519),
(15, 524),
(15, 526),
(15, 527),
(15, 528),
(15, 533),
(15, 538),
(15, 540),
(15, 541),
(15, 542),
(15, 547),
(15, 564),
(15, 569),
(15, 570),
(15, 580),
(15, 581),
(15, 582),
(15, 584),
(15, 585),
(15, 586),
(15, 587),
(15, 592),
(15, 595),
(15, 596),
(15, 599),
(15, 602),
(15, 603),
(15, 604),
(15, 609),
(15, 611),
(15, 612),
(15, 613),
(15, 614),
(15, 615),
(15, 616),
(15, 618),
(15, 619),
(15, 620),
(15, 621),
(15, 622),
(15, 624),
(15, 626),
(15, 629),
(15, 630),
(15, 631),
(15, 632),
(15, 633),
(15, 634),
(15, 635),
(15, 636),
(15, 637),
(15, 643),
(15, 644),
(15, 645),
(15, 647),
(15, 648),
(15, 649),
(15, 650),
(15, 653),
(15, 654),
(15, 657),
(15, 658),
(15, 659),
(15, 660),
(15, 661),
(15, 662),
(15, 663),
(15, 664),
(15, 665),
(15, 666),
(15, 667),
(15, 668),
(15, 669),
(15, 670),
(15, 671),
(15, 672),
(15, 673),
(15, 674),
(15, 675),
(15, 676),
(15, 677),
(15, 678),
(15, 679),
(15, 680),
(15, 681),
(15, 682),
(15, 683),
(15, 684),
(15, 685),
(15, 686),
(15, 687),
(15, 688),
(15, 690),
(15, 691),
(15, 694),
(15, 695),
(15, 696),
(15, 699),
(15, 700),
(15, 701),
(15, 702),
(15, 706),
(15, 710),
(15, 711),
(15, 712),
(15, 714),
(15, 715),
(15, 716),
(15, 717),
(15, 718),
(15, 719),
(15, 722),
(15, 723),
(15, 725),
(15, 726),
(15, 731),
(15, 732),
(15, 735),
(15, 736),
(15, 737),
(15, 739),
(15, 740),
(15, 741),
(15, 743),
(15, 744),
(15, 745),
(15, 749),
(15, 750),
(15, 751),
(15, 753),
(15, 759),
(15, 760),
(15, 761),
(15, 763),
(15, 764),
(15, 765),
(15, 771),
(15, 772),
(15, 773),
(15, 774),
(15, 775),
(15, 778),
(15, 779),
(15, 781),
(15, 782),
(15, 784),
(15, 785),
(15, 787),
(15, 788),
(15, 789),
(15, 790),
(15, 791),
(15, 792),
(15, 793),
(15, 794),
(15, 795),
(15, 796),
(15, 798),
(15, 804),
(15, 805),
(15, 806),
(15, 807),
(15, 808),
(15, 809),
(15, 811),
(15, 812),
(15, 815),
(15, 816),
(15, 818),
(15, 819),
(15, 820),
(15, 821),
(15, 822),
(15, 823),
(15, 824),
(15, 825),
(15, 826),
(15, 827),
(15, 828),
(15, 829),
(15, 830),
(15, 831),
(15, 832),
(15, 833),
(15, 834),
(15, 835),
(15, 836),
(15, 837),
(15, 838),
(15, 839),
(15, 840),
(15, 841),
(15, 842),
(15, 845),
(15, 846),
(15, 847),
(15, 849),
(15, 850),
(15, 851),
(15, 852),
(15, 853),
(15, 854),
(15, 855),
(15, 856),
(15, 857),
(15, 858),
(15, 859),
(15, 863),
(15, 864),
(15, 865),
(15, 867),
(15, 868),
(15, 869),
(15, 870),
(15, 871),
(15, 872),
(15, 873),
(15, 874),
(15, 875),
(15, 876),
(15, 881),
(15, 882),
(15, 883),
(15, 885),
(15, 886),
(15, 887),
(15, 888),
(15, 889),
(15, 890),
(15, 891),
(15, 892),
(15, 893),
(15, 894),
(15, 895),
(15, 896),
(15, 897),
(15, 898),
(15, 899),
(15, 900),
(15, 901),
(15, 902),
(15, 904),
(15, 905),
(15, 907),
(15, 908),
(15, 909),
(15, 910),
(15, 911),
(15, 912),
(15, 913),
(15, 914),
(15, 915),
(15, 916),
(15, 917),
(15, 918),
(15, 919),
(15, 920),
(15, 921),
(15, 922),
(15, 924),
(15, 925),
(15, 926),
(15, 929),
(15, 930),
(15, 931),
(15, 932),
(15, 933),
(15, 934),
(15, 935),
(15, 937),
(15, 938),
(15, 939),
(15, 940),
(15, 942),
(15, 943),
(15, 944),
(15, 945),
(15, 946),
(15, 947),
(15, 948),
(15, 949),
(15, 950),
(15, 951),
(15, 953),
(15, 954),
(15, 959),
(15, 960),
(15, 961),
(15, 962),
(15, 964),
(15, 965),
(15, 966),
(15, 967),
(15, 968),
(15, 969),
(15, 970),
(15, 975),
(15, 977),
(15, 978),
(15, 979),
(15, 980),
(15, 981),
(15, 982),
(15, 983),
(15, 984),
(15, 985),
(15, 986),
(15, 987),
(15, 988),
(15, 989),
(15, 990),
(15, 996),
(15, 997),
(15, 1000),
(15, 1001),
(15, 1002),
(15, 1004),
(15, 1007),
(15, 1008),
(15, 1009),
(15, 1012),
(15, 1013),
(15, 1014),
(15, 1015),
(15, 1016),
(15, 1017),
(15, 1018),
(15, 1019),
(15, 1020),
(15, 1022),
(15, 1023),
(15, 1024),
(15, 1025),
(15, 1026),
(15, 1027),
(15, 1036),
(15, 1037),
(15, 1038),
(15, 1039),
(15, 1042),
(15, 1043),
(15, 1044),
(15, 1045),
(15, 1053),
(15, 1054),
(15, 1057),
(15, 1058),
(15, 1059),
(15, 1060),
(15, 1061),
(15, 1062),
(15, 1063),
(15, 1064),
(15, 1065),
(15, 1066),
(15, 1067),
(15, 1068),
(15, 1069),
(15, 1070),
(15, 1071),
(15, 1072),
(15, 1073),
(15, 1075),
(15, 1076),
(15, 1077),
(15, 1078),
(15, 1079),
(15, 1080),
(15, 1081),
(15, 1082),
(15, 1086),
(15, 1095),
(15, 1101),
(15, 1104),
(15, 1105),
(15, 1106),
(15, 1107),
(15, 1112),
(15, 1115),
(15, 1119),
(15, 1120),
(15, 1127),
(15, 1133),
(15, 1134),
(15, 1135),
(15, 1137),
(15, 1138),
(15, 1141),
(15, 1142),
(15, 1147),
(15, 1148),
(15, 1149),
(15, 1150),
(15, 1151),
(15, 1152),
(15, 1153),
(15, 1154),
(15, 1156),
(15, 1157),
(15, 1158),
(15, 1159),
(15, 1163),
(15, 1165),
(15, 1167),
(15, 1168),
(15, 1169),
(15, 1174),
(15, 1181),
(15, 1182),
(15, 1183),
(15, 1184),
(15, 1185),
(15, 1186),
(15, 1188),
(15, 1189),
(15, 1192),
(15, 1193),
(15, 1194),
(15, 1195),
(15, 1197),
(15, 1198),
(15, 1199),
(15, 1200),
(15, 1201),
(15, 1202),
(15, 1203),
(15, 1204),
(15, 1205),
(15, 1206),
(15, 1207),
(15, 1208),
(15, 1209),
(15, 1210),
(15, 1211),
(15, 1212),
(15, 1214),
(15, 1217),
(15, 1219),
(15, 1223),
(15, 1224),
(15, 1226),
(15, 1229),
(15, 1231),
(15, 1234),
(15, 1235),
(15, 1236),
(15, 1237),
(15, 1238),
(15, 1239),
(15, 1241),
(15, 1242),
(15, 1243),
(15, 1245),
(15, 1253),
(15, 1257),
(15, 1258),
(15, 1260),
(15, 1263),
(15, 1264),
(15, 1265),
(15, 1266),
(15, 1270),
(15, 1274),
(15, 1275),
(15, 1278),
(15, 1279),
(15, 1280),
(15, 1281),
(15, 1282),
(15, 1283),
(15, 1286),
(15, 1289),
(15, 1290),
(15, 1291),
(15, 1294),
(15, 1295),
(15, 1296),
(15, 1297),
(15, 1298),
(15, 1299),
(15, 1300),
(15, 1301),
(15, 1302),
(15, 1303),
(15, 1304),
(15, 1307),
(15, 1312),
(15, 1313),
(15, 1318),
(15, 1364),
(16, 16),
(16, 17),
(16, 51),
(16, 52),
(16, 53),
(16, 54),
(16, 57),
(16, 76),
(16, 124),
(16, 180),
(16, 181),
(16, 182),
(16, 197),
(16, 198),
(16, 199),
(16, 200),
(16, 201),
(16, 202),
(16, 206),
(16, 207),
(16, 208),
(16, 209),
(16, 214),
(16, 218),
(16, 224),
(16, 230),
(16, 231),
(16, 239),
(16, 250),
(16, 327),
(16, 336),
(16, 337),
(16, 341),
(16, 353),
(16, 354),
(16, 357),
(16, 375),
(16, 381),
(16, 386),
(16, 389),
(16, 394),
(16, 408),
(16, 530),
(16, 560),
(17, 32),
(17, 34),
(17, 35),
(17, 36),
(17, 37),
(17, 38),
(17, 39),
(17, 40),
(17, 43),
(17, 45),
(17, 48),
(17, 49),
(17, 50),
(17, 51),
(17, 52),
(17, 53),
(17, 54),
(17, 55),
(17, 58),
(17, 67),
(17, 73),
(17, 75),
(17, 76),
(17, 77),
(17, 78),
(17, 79),
(17, 80),
(17, 83),
(17, 84),
(17, 85),
(17, 87),
(17, 88),
(17, 89),
(17, 90),
(17, 91),
(17, 92),
(17, 96),
(17, 100),
(17, 102),
(17, 103),
(17, 104),
(17, 106),
(17, 107),
(17, 109),
(17, 110),
(17, 111),
(17, 117),
(17, 118),
(17, 119),
(17, 120),
(17, 121),
(17, 124),
(17, 130),
(17, 131),
(17, 132),
(17, 134),
(17, 142),
(17, 144),
(17, 145),
(17, 146),
(17, 147),
(17, 148),
(17, 149),
(17, 151),
(17, 152),
(17, 153),
(17, 154),
(17, 161),
(17, 162),
(17, 163),
(17, 164),
(17, 172),
(17, 173),
(17, 174),
(17, 177),
(17, 178),
(17, 179),
(17, 180),
(17, 181),
(17, 182),
(17, 183),
(17, 184),
(17, 191),
(17, 192),
(17, 196),
(17, 197),
(17, 198),
(17, 199),
(17, 200),
(17, 201),
(17, 202),
(17, 203),
(17, 204),
(17, 205),
(17, 206),
(17, 207),
(17, 208),
(17, 209),
(17, 210),
(17, 211),
(17, 212),
(17, 213),
(17, 214),
(17, 215),
(17, 216),
(17, 217),
(17, 218),
(17, 219),
(17, 220),
(17, 221),
(17, 222),
(17, 223),
(17, 224),
(17, 225),
(17, 226),
(17, 227),
(17, 228),
(17, 229),
(17, 230),
(17, 231),
(17, 232),
(17, 233),
(17, 234),
(17, 235),
(17, 236),
(17, 237),
(17, 238),
(17, 239),
(17, 240),
(17, 241),
(17, 242),
(17, 243),
(17, 244),
(17, 245),
(17, 246),
(17, 247),
(17, 248),
(17, 249),
(17, 250),
(17, 251),
(17, 252),
(17, 253),
(17, 254),
(17, 255),
(17, 256),
(17, 257),
(17, 258),
(17, 259),
(17, 260),
(17, 261),
(17, 262),
(17, 263),
(17, 264),
(17, 268),
(17, 270),
(17, 271),
(17, 272),
(17, 273),
(17, 274),
(17, 275),
(17, 276),
(17, 277),
(17, 278),
(17, 279),
(17, 280),
(17, 281),
(17, 282),
(17, 283),
(17, 284),
(17, 285),
(17, 286),
(17, 287),
(17, 288),
(17, 289),
(17, 291),
(17, 292),
(17, 293),
(17, 294),
(17, 295),
(17, 296),
(17, 297),
(17, 298),
(17, 299),
(17, 300),
(17, 301),
(17, 302),
(17, 303),
(17, 304),
(17, 305),
(17, 306),
(17, 307),
(17, 308),
(17, 309),
(17, 310),
(17, 311),
(17, 312),
(17, 313),
(17, 314),
(17, 315),
(17, 316),
(17, 317),
(17, 318),
(17, 319),
(17, 320),
(17, 321),
(17, 322),
(17, 323),
(17, 324),
(17, 325),
(17, 326),
(17, 327),
(17, 328),
(17, 329),
(17, 330),
(17, 331),
(17, 332),
(17, 333),
(17, 334),
(17, 335),
(17, 336),
(17, 337),
(17, 339),
(17, 340),
(17, 341),
(17, 343),
(17, 344),
(17, 345),
(17, 346),
(17, 347),
(17, 348),
(17, 349),
(17, 350),
(17, 351),
(17, 352),
(17, 353),
(17, 354),
(17, 355),
(17, 356),
(17, 357),
(17, 358),
(17, 359),
(17, 360),
(17, 361),
(17, 362),
(17, 363),
(17, 364),
(17, 365),
(17, 366),
(17, 367),
(17, 368),
(17, 369),
(17, 370),
(17, 371),
(17, 372),
(17, 373),
(17, 374),
(17, 375),
(17, 376),
(17, 377),
(17, 378),
(17, 379),
(17, 380),
(17, 382),
(17, 383),
(17, 384),
(17, 385),
(17, 387),
(17, 388),
(17, 390),
(17, 391),
(17, 392),
(17, 393),
(17, 394),
(17, 395),
(17, 396),
(17, 397),
(17, 398),
(17, 399),
(17, 400),
(17, 401),
(17, 402),
(17, 403),
(17, 404),
(17, 405),
(17, 406),
(17, 409),
(17, 410),
(17, 411),
(17, 412),
(17, 413),
(17, 414),
(17, 415),
(17, 416),
(17, 417),
(17, 418),
(17, 419),
(17, 420),
(17, 421),
(17, 423),
(17, 424),
(17, 425),
(17, 426),
(17, 427),
(17, 429),
(17, 430),
(17, 431),
(17, 432),
(17, 433),
(17, 434),
(17, 435),
(17, 436),
(17, 437),
(17, 438),
(17, 439),
(17, 440),
(17, 441),
(17, 445),
(17, 446),
(17, 447),
(17, 448),
(17, 449),
(17, 450),
(17, 452),
(17, 453),
(17, 454),
(17, 455),
(17, 456),
(17, 457),
(17, 458),
(17, 459),
(17, 460),
(17, 461),
(17, 462),
(17, 463),
(17, 464),
(17, 465),
(17, 466),
(17, 467),
(17, 468),
(17, 469),
(17, 470),
(17, 471),
(17, 472),
(17, 473),
(17, 474),
(17, 475),
(17, 476),
(17, 477),
(17, 478),
(17, 480),
(17, 481),
(17, 482),
(17, 483),
(17, 486),
(17, 487),
(17, 488),
(17, 489),
(17, 490),
(17, 491),
(17, 492),
(17, 493),
(17, 494),
(17, 495),
(17, 496),
(17, 497),
(17, 498),
(17, 499),
(17, 500),
(17, 501),
(17, 502),
(17, 503),
(17, 504),
(17, 505),
(17, 506),
(17, 507),
(17, 508),
(17, 509),
(17, 510),
(17, 511),
(17, 512),
(17, 513),
(17, 514),
(17, 515),
(17, 516),
(17, 517),
(17, 518),
(17, 519),
(17, 524),
(17, 525),
(17, 526),
(17, 527),
(17, 528),
(17, 529),
(17, 531),
(17, 532),
(17, 533),
(17, 534),
(17, 535),
(17, 536),
(17, 537),
(17, 538),
(17, 539),
(17, 540),
(17, 541),
(17, 542),
(17, 545),
(17, 546),
(17, 547),
(17, 548),
(17, 549),
(17, 550),
(17, 551),
(17, 552),
(17, 553),
(17, 554),
(17, 555),
(17, 556),
(17, 557),
(17, 558),
(17, 559),
(17, 561),
(17, 562),
(17, 563),
(17, 564),
(17, 565),
(17, 567),
(17, 568),
(17, 569),
(17, 570),
(17, 571),
(17, 572),
(17, 573),
(17, 574),
(17, 575),
(17, 576),
(17, 577),
(17, 578),
(17, 579),
(17, 580),
(17, 581),
(17, 582),
(17, 583),
(17, 584),
(17, 585),
(17, 586),
(17, 587),
(17, 588),
(17, 589),
(17, 590),
(17, 591),
(17, 592),
(17, 593),
(17, 594),
(17, 595),
(17, 596),
(17, 597),
(17, 598),
(17, 599),
(17, 600),
(17, 601),
(17, 602),
(17, 603),
(17, 604),
(17, 605),
(17, 606),
(17, 607),
(17, 608),
(17, 609),
(17, 610),
(17, 611),
(17, 612),
(17, 613),
(17, 614),
(17, 615),
(17, 616),
(17, 617),
(17, 618),
(17, 619),
(17, 620),
(17, 621),
(17, 622),
(17, 623),
(17, 624),
(17, 625),
(17, 626),
(17, 627),
(17, 628),
(17, 629),
(17, 630),
(17, 631),
(17, 632),
(17, 633),
(17, 634),
(17, 635),
(17, 636),
(17, 637),
(17, 638),
(17, 639),
(17, 640),
(17, 641),
(17, 642),
(17, 643),
(17, 644),
(17, 645),
(17, 647),
(17, 648),
(17, 649),
(17, 650),
(17, 651),
(17, 652),
(17, 653),
(17, 654),
(17, 656),
(17, 657),
(17, 658),
(17, 659),
(17, 660),
(17, 661),
(17, 662),
(17, 663),
(17, 664),
(17, 665),
(17, 666),
(17, 667),
(17, 668),
(17, 669),
(17, 670),
(17, 671),
(17, 672),
(17, 673),
(17, 674),
(17, 675),
(17, 676),
(17, 677),
(17, 678),
(17, 679),
(17, 680),
(17, 681),
(17, 682),
(17, 683),
(17, 684),
(17, 685),
(17, 686),
(17, 687),
(17, 688),
(17, 690),
(17, 691),
(17, 692),
(17, 693),
(17, 694),
(17, 695),
(17, 696),
(17, 697),
(17, 698),
(17, 699),
(17, 700),
(17, 701),
(17, 702),
(17, 703),
(17, 704),
(17, 705),
(17, 706),
(17, 707),
(17, 708),
(17, 709),
(17, 710),
(17, 711),
(17, 712),
(17, 713),
(17, 714),
(17, 715),
(17, 716),
(17, 717),
(17, 718),
(17, 719),
(17, 720),
(17, 721),
(17, 722),
(17, 723),
(17, 724),
(17, 725),
(17, 726),
(17, 727),
(17, 728),
(17, 729),
(17, 730),
(17, 731),
(17, 732),
(17, 733),
(17, 734),
(17, 735),
(17, 736),
(17, 737),
(17, 738),
(17, 739),
(17, 740),
(17, 741),
(17, 742),
(17, 743),
(17, 744),
(17, 745),
(17, 747),
(17, 748),
(17, 749),
(17, 750),
(17, 751),
(17, 752),
(17, 753),
(17, 754),
(17, 755),
(17, 756),
(17, 757),
(17, 758),
(17, 759),
(17, 760),
(17, 761),
(17, 762),
(17, 763),
(17, 764),
(17, 765),
(17, 766),
(17, 767),
(17, 768),
(17, 769),
(17, 770),
(17, 771),
(17, 772),
(17, 773),
(17, 774),
(17, 775),
(17, 776),
(17, 777),
(17, 778),
(17, 779),
(17, 780),
(17, 781),
(17, 782),
(17, 783),
(17, 784),
(17, 785),
(17, 786),
(17, 787),
(17, 788),
(17, 789),
(17, 790),
(17, 791),
(17, 792),
(17, 793),
(17, 794),
(17, 795),
(17, 796),
(17, 797),
(17, 798),
(17, 799),
(17, 800),
(17, 801),
(17, 802),
(17, 803),
(17, 804),
(17, 805),
(17, 806),
(17, 807),
(17, 808),
(17, 809),
(17, 810),
(17, 811),
(17, 812),
(17, 813),
(17, 814),
(17, 815),
(17, 816),
(17, 817),
(17, 818),
(17, 819),
(17, 820),
(17, 821),
(17, 822),
(17, 823),
(17, 824),
(17, 825),
(17, 826),
(17, 827),
(17, 828),
(17, 829),
(17, 830),
(17, 831),
(17, 832),
(17, 833),
(17, 834),
(17, 835),
(17, 836),
(17, 837),
(17, 838),
(17, 839),
(17, 840),
(17, 841),
(17, 842),
(17, 845),
(17, 846),
(17, 847),
(17, 849),
(17, 850),
(17, 851),
(17, 852),
(17, 853),
(17, 854),
(17, 855),
(17, 856),
(17, 857),
(17, 858),
(17, 859),
(17, 860),
(17, 861),
(17, 862),
(17, 863),
(17, 864),
(17, 865),
(17, 866),
(17, 867),
(17, 868),
(17, 869),
(17, 870),
(17, 871),
(17, 872),
(17, 873),
(17, 874),
(17, 875),
(17, 876),
(17, 877),
(17, 880),
(17, 881),
(17, 882),
(17, 883),
(17, 885),
(17, 886),
(17, 887),
(17, 888),
(17, 889),
(17, 890),
(17, 891),
(17, 892),
(17, 893),
(17, 894),
(17, 895),
(17, 896),
(17, 897),
(17, 898),
(17, 899),
(17, 900),
(17, 901),
(17, 902),
(17, 903),
(17, 904),
(17, 905),
(17, 907),
(17, 908),
(17, 909),
(17, 910),
(17, 911),
(17, 912),
(17, 913),
(17, 914),
(17, 915),
(17, 916),
(17, 917),
(17, 918),
(17, 919),
(17, 920),
(17, 921),
(17, 922),
(17, 924),
(17, 925),
(17, 926),
(17, 928),
(17, 929),
(17, 930),
(17, 931),
(17, 932),
(17, 933),
(17, 934),
(17, 935),
(17, 936),
(17, 937),
(17, 938),
(17, 939),
(17, 940),
(17, 941),
(17, 942),
(17, 943),
(17, 944),
(17, 945),
(17, 946),
(17, 947),
(17, 948),
(17, 949),
(17, 950),
(17, 951),
(17, 952),
(17, 953),
(17, 954),
(17, 955),
(17, 956),
(17, 958),
(17, 959),
(17, 960),
(17, 961),
(17, 962),
(17, 963),
(17, 964),
(17, 965),
(17, 966),
(17, 967),
(17, 968),
(17, 969),
(17, 970),
(17, 973),
(17, 975),
(17, 976),
(17, 977),
(17, 978),
(17, 979),
(17, 980),
(17, 981),
(17, 982),
(17, 983),
(17, 984),
(17, 985),
(17, 986),
(17, 987),
(17, 988),
(17, 989),
(17, 990),
(17, 991),
(17, 992),
(17, 996),
(17, 997),
(17, 998),
(17, 999),
(17, 1000),
(17, 1001),
(17, 1002),
(17, 1004),
(17, 1005),
(17, 1006),
(17, 1007),
(17, 1008),
(17, 1009),
(17, 1010),
(17, 1011),
(17, 1012),
(17, 1013),
(17, 1014),
(17, 1015),
(17, 1016),
(17, 1017),
(17, 1018),
(17, 1019),
(17, 1020),
(17, 1021),
(17, 1022),
(17, 1023),
(17, 1024),
(17, 1025),
(17, 1026),
(17, 1027),
(17, 1029),
(17, 1030),
(17, 1031),
(17, 1032),
(17, 1033),
(17, 1034),
(17, 1036),
(17, 1037),
(17, 1038),
(17, 1039),
(17, 1040),
(17, 1041),
(17, 1042),
(17, 1043),
(17, 1044),
(17, 1045),
(17, 1046),
(17, 1047),
(17, 1048),
(17, 1049),
(17, 1050),
(17, 1051),
(17, 1052),
(17, 1053),
(17, 1054),
(17, 1055),
(17, 1056),
(17, 1057),
(17, 1058),
(17, 1059),
(17, 1060),
(17, 1061),
(17, 1062),
(17, 1063),
(17, 1064),
(17, 1065),
(17, 1066),
(17, 1067),
(17, 1068),
(17, 1069),
(17, 1070),
(17, 1071),
(17, 1072),
(17, 1073),
(17, 1074),
(17, 1075),
(17, 1076),
(17, 1077),
(17, 1078),
(17, 1079),
(17, 1080),
(17, 1081),
(17, 1082),
(17, 1083),
(17, 1084),
(17, 1085),
(17, 1086),
(17, 1087),
(17, 1088),
(17, 1089),
(17, 1090),
(17, 1091),
(17, 1092),
(17, 1093),
(17, 1094),
(17, 1095),
(17, 1099),
(17, 1100),
(17, 1101),
(17, 1102),
(17, 1103),
(17, 1104),
(17, 1105),
(17, 1106),
(17, 1107),
(17, 1108),
(17, 1109),
(17, 1110),
(17, 1111),
(17, 1112),
(17, 1114),
(17, 1115),
(17, 1116),
(17, 1117),
(17, 1119),
(17, 1120),
(17, 1121),
(17, 1122),
(17, 1123),
(17, 1125),
(17, 1126),
(17, 1127),
(17, 1129),
(17, 1130),
(17, 1131),
(17, 1132),
(17, 1133),
(17, 1134),
(17, 1135),
(17, 1136),
(17, 1137),
(17, 1138),
(17, 1139),
(17, 1140),
(17, 1141),
(17, 1142),
(17, 1143),
(17, 1144),
(17, 1145),
(17, 1146),
(17, 1147),
(17, 1148),
(17, 1149),
(17, 1150),
(17, 1151),
(17, 1152),
(17, 1153),
(17, 1154),
(17, 1156),
(17, 1157),
(17, 1158),
(17, 1159),
(17, 1160),
(17, 1161),
(17, 1162),
(17, 1163),
(17, 1164),
(17, 1165),
(17, 1166),
(17, 1167),
(17, 1168),
(17, 1169),
(17, 1170),
(17, 1171),
(17, 1172),
(17, 1174),
(17, 1175),
(17, 1176),
(17, 1178),
(17, 1181),
(17, 1182),
(17, 1183),
(17, 1184),
(17, 1185),
(17, 1186),
(17, 1187),
(17, 1188),
(17, 1189),
(17, 1190),
(17, 1191),
(17, 1192),
(17, 1193),
(17, 1194),
(17, 1195),
(17, 1197),
(17, 1198),
(17, 1200),
(17, 1201),
(17, 1203),
(17, 1204),
(17, 1205),
(17, 1207),
(17, 1208),
(17, 1215),
(17, 1218),
(17, 1220),
(17, 1222),
(17, 1226),
(17, 1227),
(17, 1228),
(17, 1230),
(17, 1233),
(17, 1234),
(17, 1236),
(17, 1237),
(17, 1240),
(17, 1249),
(17, 1250),
(17, 1262),
(17, 1263),
(17, 1264),
(17, 1265),
(17, 1266),
(17, 1270),
(17, 1272),
(17, 1273),
(17, 1274),
(17, 1276),
(17, 1277),
(17, 1280),
(17, 1281),
(17, 1284),
(17, 1285),
(17, 1286),
(17, 1287),
(17, 1289),
(17, 1290),
(17, 1291),
(17, 1292),
(17, 1293),
(17, 1294),
(17, 1295),
(17, 1296),
(17, 1297),
(17, 1298),
(17, 1299),
(17, 1300),
(17, 1301),
(17, 1302),
(17, 1303),
(17, 1304),
(17, 1306),
(17, 1307),
(17, 1310),
(17, 1311),
(17, 1312),
(17, 1313),
(17, 1315),
(17, 1316),
(17, 1317),
(17, 1318),
(17, 1319),
(17, 1321),
(17, 1322),
(17, 1324),
(17, 1325),
(17, 1326),
(17, 1327),
(17, 1329),
(17, 1331),
(17, 1332),
(17, 1333),
(17, 1334),
(17, 1335),
(17, 1336),
(17, 1337),
(17, 1338),
(17, 1339),
(17, 1340),
(17, 1341),
(17, 1342),
(17, 1343),
(17, 1344),
(17, 1346),
(17, 1347),
(17, 1348),
(17, 1349),
(17, 1350),
(17, 1352),
(17, 1353),
(17, 1354),
(17, 1357),
(17, 1358),
(17, 1359),
(17, 1360),
(17, 1361),
(17, 1362),
(17, 1363),
(17, 1364),
(17, 1365),
(17, 1366),
(17, 1367),
(17, 1368),
(17, 1370),
(17, 1371),
(17, 1374),
(17, 1375),
(17, 1377),
(17, 1378),
(17, 1379),
(17, 1380),
(17, 1382),
(17, 1383),
(17, 1384),
(17, 1385),
(17, 1386),
(17, 1387),
(17, 1388),
(17, 1389),
(17, 1390),
(17, 1391),
(17, 1392),
(17, 1393),
(17, 1394),
(17, 1395),
(17, 1396),
(17, 1397),
(17, 1398),
(17, 1399),
(17, 1400),
(17, 1401),
(17, 1402),
(17, 1403),
(17, 1404),
(17, 1405),
(17, 1406),
(17, 1407),
(17, 1408),
(17, 1409),
(17, 1410),
(17, 1411),
(17, 1412),
(17, 1413),
(17, 1414),
(17, 1415),
(17, 1416),
(17, 1417),
(17, 1418),
(17, 1419),
(17, 1420),
(17, 1421),
(17, 1422),
(17, 1423),
(17, 1424),
(17, 1425),
(17, 1426),
(17, 1427),
(17, 1428),
(17, 1429),
(17, 1430),
(17, 1431),
(17, 1432),
(17, 1433),
(17, 1434),
(17, 1435),
(17, 1436),
(17, 1437),
(17, 1438),
(17, 1439),
(17, 1440),
(17, 1441),
(17, 1442),
(17, 1443),
(17, 1444),
(17, 1445),
(17, 1446),
(17, 1447),
(17, 1448),
(17, 1449),
(17, 1450),
(17, 1451),
(17, 1452),
(17, 1453),
(17, 1454),
(17, 1455),
(17, 1456),
(17, 1457),
(17, 1458),
(17, 1459),
(17, 1460),
(17, 1461),
(17, 1462),
(17, 1463),
(17, 1464),
(17, 1465),
(17, 1466),
(17, 1467),
(17, 1468),
(17, 1469),
(17, 1470),
(17, 1474),
(17, 1476),
(17, 1477),
(17, 1478),
(17, 1479),
(17, 1480),
(17, 1481),
(17, 1482),
(17, 1483),
(17, 1484),
(17, 1485),
(17, 1486),
(17, 1487),
(17, 1488),
(17, 1489),
(17, 1490),
(17, 1491),
(17, 1492),
(17, 1493),
(17, 1494),
(17, 1495),
(17, 1496),
(17, 1497),
(17, 1499),
(17, 1500),
(17, 1518),
(17, 1519),
(17, 1520),
(17, 1521),
(17, 1522),
(17, 1525),
(17, 1528),
(17, 1531),
(17, 1532),
(17, 1533),
(17, 1536),
(17, 1537),
(17, 1538),
(17, 1539),
(17, 1545),
(17, 1546),
(17, 1547),
(17, 1548),
(17, 1552),
(17, 1554),
(17, 1555),
(17, 1558),
(17, 1559),
(17, 1560),
(17, 1562),
(17, 1564),
(17, 1573),
(17, 1574),
(17, 1575),
(17, 1576),
(17, 1578),
(17, 1579),
(17, 1580),
(17, 1581),
(17, 1582),
(17, 1584),
(17, 1585),
(17, 1586),
(17, 1587),
(17, 1588),
(17, 1589),
(17, 1590),
(17, 1591),
(17, 1592),
(18, 32),
(18, 34),
(18, 35),
(18, 36),
(18, 37),
(18, 38),
(18, 39),
(18, 40),
(18, 43),
(18, 45),
(18, 49),
(18, 50),
(18, 51),
(18, 52),
(18, 53),
(18, 55),
(18, 58),
(18, 67),
(18, 73),
(18, 75),
(18, 76),
(18, 77),
(18, 78),
(18, 79),
(18, 80),
(18, 83),
(18, 84),
(18, 85),
(18, 87),
(18, 88),
(18, 89),
(18, 90),
(18, 91),
(18, 92),
(18, 96),
(18, 100),
(18, 102),
(18, 103),
(18, 104),
(18, 106),
(18, 107),
(18, 109),
(18, 110),
(18, 111),
(18, 117),
(18, 118),
(18, 119),
(18, 120),
(18, 121),
(18, 124),
(18, 130),
(18, 131),
(18, 132),
(18, 134),
(18, 141),
(18, 142),
(18, 144),
(18, 145),
(18, 146),
(18, 147),
(18, 148),
(18, 149),
(18, 151),
(18, 152),
(18, 153),
(18, 154),
(18, 161),
(18, 162),
(18, 163),
(18, 164),
(18, 167),
(18, 168),
(18, 172),
(18, 173),
(18, 174),
(18, 177),
(18, 178),
(18, 179),
(18, 180),
(18, 181),
(18, 182),
(18, 183),
(18, 184),
(18, 191),
(18, 192),
(18, 196),
(18, 197),
(18, 198),
(18, 199),
(18, 200),
(18, 201),
(18, 202),
(18, 203),
(18, 204),
(18, 205),
(18, 206),
(18, 207),
(18, 208),
(18, 209),
(18, 210),
(18, 211),
(18, 212),
(18, 213),
(18, 214),
(18, 215),
(18, 216),
(18, 217),
(18, 218),
(18, 219),
(18, 220),
(18, 221),
(18, 222),
(18, 223),
(18, 224),
(18, 225),
(18, 226),
(18, 227),
(18, 228),
(18, 229),
(18, 230),
(18, 231),
(18, 232),
(18, 233),
(18, 234),
(18, 235),
(18, 236),
(18, 237),
(18, 238),
(18, 239),
(18, 240),
(18, 241),
(18, 242),
(18, 243),
(18, 244),
(18, 245),
(18, 246),
(18, 247),
(18, 248),
(18, 249),
(18, 250),
(18, 251),
(18, 252),
(18, 253),
(18, 254),
(18, 255),
(18, 256),
(18, 257),
(18, 258),
(18, 259),
(18, 260),
(18, 261),
(18, 262),
(18, 263),
(18, 264),
(18, 268),
(18, 270),
(18, 271),
(18, 272),
(18, 273),
(18, 274),
(18, 275),
(18, 276),
(18, 277),
(18, 278),
(18, 279),
(18, 280),
(18, 281),
(18, 282),
(18, 283),
(18, 284),
(18, 285),
(18, 286),
(18, 287),
(18, 288),
(18, 289),
(18, 290),
(18, 291),
(18, 292),
(18, 293),
(18, 294),
(18, 295),
(18, 296),
(18, 297),
(18, 298),
(18, 299),
(18, 300),
(18, 301),
(18, 302),
(18, 303),
(18, 304),
(18, 305),
(18, 306),
(18, 307),
(18, 308),
(18, 309),
(18, 310),
(18, 311),
(18, 312),
(18, 313),
(18, 314),
(18, 315),
(18, 316),
(18, 317),
(18, 318),
(18, 319),
(18, 320),
(18, 321),
(18, 322),
(18, 323),
(18, 324),
(18, 325),
(18, 326),
(18, 327),
(18, 328),
(18, 329),
(18, 330),
(18, 331),
(18, 332),
(18, 333),
(18, 334),
(18, 335),
(18, 336),
(18, 337),
(18, 339),
(18, 340),
(18, 341),
(18, 343),
(18, 344),
(18, 345),
(18, 346),
(18, 347),
(18, 348),
(18, 349),
(18, 350),
(18, 351),
(18, 352),
(18, 353),
(18, 354),
(18, 355),
(18, 356),
(18, 357),
(18, 358),
(18, 359),
(18, 360),
(18, 361),
(18, 362),
(18, 363),
(18, 364),
(18, 365),
(18, 366),
(18, 367),
(18, 368),
(18, 369),
(18, 370),
(18, 371),
(18, 372),
(18, 373),
(18, 374),
(18, 375),
(18, 376),
(18, 377),
(18, 378),
(18, 379),
(18, 380),
(18, 382),
(18, 383),
(18, 384),
(18, 385),
(18, 387),
(18, 388),
(18, 390),
(18, 391),
(18, 392),
(18, 393),
(18, 394),
(18, 395),
(18, 396),
(18, 397),
(18, 398),
(18, 399),
(18, 400),
(18, 401),
(18, 402),
(18, 403),
(18, 404),
(18, 405),
(18, 406),
(18, 409),
(18, 410),
(18, 411),
(18, 412),
(18, 413),
(18, 414),
(18, 415),
(18, 416),
(18, 417),
(18, 418),
(18, 419),
(18, 420),
(18, 421),
(18, 423),
(18, 424),
(18, 425),
(18, 426),
(18, 427),
(18, 429),
(18, 430),
(18, 431),
(18, 432),
(18, 433),
(18, 434),
(18, 435),
(18, 436),
(18, 437),
(18, 438),
(18, 439),
(18, 440),
(18, 441),
(18, 445),
(18, 446),
(18, 447),
(18, 448),
(18, 449),
(18, 450),
(18, 452),
(18, 453),
(18, 454),
(18, 455),
(18, 456),
(18, 457),
(18, 458),
(18, 459),
(18, 460),
(18, 461),
(18, 462),
(18, 463),
(18, 464),
(18, 465),
(18, 466),
(18, 467),
(18, 468),
(18, 469),
(18, 470),
(18, 471),
(18, 472),
(18, 473),
(18, 474),
(18, 475),
(18, 476),
(18, 477),
(18, 478),
(18, 480),
(18, 481),
(18, 482),
(18, 483),
(18, 486),
(18, 487),
(18, 488),
(18, 489),
(18, 490),
(18, 491),
(18, 492),
(18, 493),
(18, 494),
(18, 495),
(18, 496),
(18, 497),
(18, 498),
(18, 499),
(18, 500),
(18, 501),
(18, 502),
(18, 503),
(18, 504),
(18, 505),
(18, 506),
(18, 507),
(18, 508),
(18, 509),
(18, 510),
(18, 511),
(18, 512),
(18, 513),
(18, 514),
(18, 515),
(18, 516),
(18, 517),
(18, 518),
(18, 519),
(18, 524),
(18, 525),
(18, 526),
(18, 527),
(18, 528),
(18, 529),
(18, 531),
(18, 532),
(18, 533),
(18, 534),
(18, 535),
(18, 536),
(18, 537),
(18, 538),
(18, 539),
(18, 540),
(18, 541),
(18, 542),
(18, 545),
(18, 546),
(18, 547),
(18, 548),
(18, 549),
(18, 550),
(18, 551),
(18, 552),
(18, 553),
(18, 554),
(18, 555),
(18, 556),
(18, 557),
(18, 558),
(18, 559),
(18, 561),
(18, 562),
(18, 563),
(18, 564),
(18, 565),
(18, 567),
(18, 568),
(18, 569),
(18, 570),
(18, 571),
(18, 572),
(18, 573),
(18, 574),
(18, 575),
(18, 576),
(18, 577),
(18, 578),
(18, 579),
(18, 580),
(18, 581),
(18, 582),
(18, 583),
(18, 584),
(18, 585),
(18, 586),
(18, 587),
(18, 588),
(18, 589),
(18, 590),
(18, 591),
(18, 592),
(18, 593),
(18, 594),
(18, 595),
(18, 596),
(18, 597),
(18, 598),
(18, 599),
(18, 600),
(18, 601),
(18, 602),
(18, 603),
(18, 604),
(18, 605),
(18, 606),
(18, 607),
(18, 608),
(18, 609),
(18, 610),
(18, 611),
(18, 612),
(18, 613),
(18, 614),
(18, 615),
(18, 616),
(18, 617),
(18, 618),
(18, 619),
(18, 620),
(18, 621),
(18, 622),
(18, 623),
(18, 624),
(18, 625),
(18, 626),
(18, 627),
(18, 628),
(18, 629),
(18, 630),
(18, 631),
(18, 632),
(18, 633),
(18, 634),
(18, 635),
(18, 636),
(18, 637),
(18, 638),
(18, 639),
(18, 640),
(18, 641),
(18, 642),
(18, 643),
(18, 644),
(18, 645),
(18, 647),
(18, 648),
(18, 649),
(18, 650),
(18, 651),
(18, 652),
(18, 653),
(18, 654),
(18, 656),
(18, 657),
(18, 658),
(18, 659),
(18, 660),
(18, 661),
(18, 662),
(18, 663),
(18, 664),
(18, 665),
(18, 666),
(18, 667),
(18, 668),
(18, 669),
(18, 670),
(18, 671),
(18, 672),
(18, 673),
(18, 674),
(18, 675),
(18, 676),
(18, 677),
(18, 678),
(18, 679),
(18, 680),
(18, 681),
(18, 682),
(18, 683),
(18, 684),
(18, 685),
(18, 686),
(18, 687),
(18, 688),
(18, 690),
(18, 691),
(18, 692),
(18, 694),
(18, 695),
(18, 696),
(18, 697),
(18, 698),
(18, 699),
(18, 700),
(18, 701),
(18, 702),
(18, 703),
(18, 704),
(18, 705),
(18, 706),
(18, 707),
(18, 708),
(18, 709),
(18, 710),
(18, 711),
(18, 712),
(18, 713),
(18, 714),
(18, 715),
(18, 716),
(18, 717),
(18, 718),
(18, 719),
(18, 720),
(18, 721),
(18, 722),
(18, 723),
(18, 724),
(18, 725),
(18, 726),
(18, 727),
(18, 728),
(18, 729),
(18, 730),
(18, 731),
(18, 732),
(18, 733),
(18, 734),
(18, 735),
(18, 736),
(18, 737),
(18, 738),
(18, 739),
(18, 740),
(18, 741),
(18, 742),
(18, 743),
(18, 744),
(18, 745),
(18, 748),
(18, 749),
(18, 750),
(18, 751),
(18, 752),
(18, 753),
(18, 754),
(18, 755),
(18, 756),
(18, 757),
(18, 758),
(18, 759),
(18, 760),
(18, 761),
(18, 762),
(18, 763),
(18, 764),
(18, 765),
(18, 766),
(18, 767),
(18, 768),
(18, 769),
(18, 770),
(18, 771),
(18, 772),
(18, 773),
(18, 774),
(18, 775),
(18, 776),
(18, 777),
(18, 778),
(18, 779),
(18, 780),
(18, 781),
(18, 782),
(18, 783),
(18, 784),
(18, 785),
(18, 786),
(18, 787),
(18, 788),
(18, 789),
(18, 790),
(18, 791),
(18, 792),
(18, 793),
(18, 794),
(18, 795),
(18, 796),
(18, 797),
(18, 798),
(18, 799),
(18, 800),
(18, 801),
(18, 802),
(18, 803),
(18, 804),
(18, 805),
(18, 806),
(18, 807),
(18, 808),
(18, 809),
(18, 810),
(18, 811),
(18, 812),
(18, 814),
(18, 815),
(18, 816),
(18, 817),
(18, 818),
(18, 819),
(18, 820),
(18, 821),
(18, 822),
(18, 823),
(18, 824),
(18, 825),
(18, 826),
(18, 827),
(18, 828),
(18, 829),
(18, 830),
(18, 831),
(18, 832),
(18, 833),
(18, 834),
(18, 835),
(18, 836),
(18, 837),
(18, 838),
(18, 839),
(18, 840),
(18, 841),
(18, 842),
(18, 845),
(18, 846),
(18, 847),
(18, 849),
(18, 850),
(18, 851),
(18, 852),
(18, 853),
(18, 854),
(18, 855),
(18, 856),
(18, 857),
(18, 858),
(18, 859),
(18, 860),
(18, 861),
(18, 862),
(18, 863),
(18, 864),
(18, 865),
(18, 866),
(18, 867),
(18, 868),
(18, 869),
(18, 870),
(18, 871),
(18, 872),
(18, 873),
(18, 874),
(18, 875),
(18, 876),
(18, 877),
(18, 880),
(18, 881),
(18, 882),
(18, 883),
(18, 885),
(18, 886),
(18, 887),
(18, 888),
(18, 889),
(18, 890),
(18, 891),
(18, 892),
(18, 893),
(18, 894),
(18, 895),
(18, 896),
(18, 897),
(18, 898),
(18, 899),
(18, 900),
(18, 901),
(18, 902),
(18, 903),
(18, 904),
(18, 905),
(18, 907),
(18, 908),
(18, 909),
(18, 910),
(18, 911),
(18, 912),
(18, 913),
(18, 914),
(18, 915),
(18, 916),
(18, 917),
(18, 918),
(18, 919),
(18, 920),
(18, 921),
(18, 922),
(18, 924),
(18, 925),
(18, 926),
(18, 928),
(18, 929),
(18, 930),
(18, 931),
(18, 932),
(18, 933),
(18, 934),
(18, 935),
(18, 936),
(18, 937),
(18, 938),
(18, 939),
(18, 940),
(18, 941),
(18, 942),
(18, 943),
(18, 944),
(18, 945),
(18, 946),
(18, 947),
(18, 948),
(18, 949),
(18, 950),
(18, 951),
(18, 952),
(18, 953),
(18, 954),
(18, 955),
(18, 956),
(18, 958),
(18, 959),
(18, 960),
(18, 961),
(18, 962),
(18, 963),
(18, 964),
(18, 965),
(18, 966),
(18, 967),
(18, 968),
(18, 969),
(18, 970),
(18, 973),
(18, 975),
(18, 976),
(18, 977),
(18, 978),
(18, 979),
(18, 980),
(18, 981),
(18, 982),
(18, 983),
(18, 984),
(18, 985),
(18, 986),
(18, 987),
(18, 988),
(18, 989),
(18, 990),
(18, 991),
(18, 992),
(18, 996),
(18, 997),
(18, 998),
(18, 999),
(18, 1000),
(18, 1001),
(18, 1002),
(18, 1004),
(18, 1005),
(18, 1006),
(18, 1007),
(18, 1008),
(18, 1009),
(18, 1010),
(18, 1011),
(18, 1012),
(18, 1013),
(18, 1014),
(18, 1015),
(18, 1016),
(18, 1017),
(18, 1018),
(18, 1019),
(18, 1020),
(18, 1021),
(18, 1022),
(18, 1023),
(18, 1024),
(18, 1025),
(18, 1026),
(18, 1027),
(18, 1033),
(18, 1036),
(18, 1037),
(18, 1038),
(18, 1039),
(18, 1040),
(18, 1041),
(18, 1042),
(18, 1043),
(18, 1044),
(18, 1045),
(18, 1046),
(18, 1047),
(18, 1048),
(18, 1049),
(18, 1050),
(18, 1051),
(18, 1052),
(18, 1053),
(18, 1054),
(18, 1055),
(18, 1056),
(18, 1057),
(18, 1058),
(18, 1059),
(18, 1060),
(18, 1061),
(18, 1062),
(18, 1063),
(18, 1064),
(18, 1065),
(18, 1066),
(18, 1067),
(18, 1068),
(18, 1069),
(18, 1070),
(18, 1071),
(18, 1072),
(18, 1073),
(18, 1074),
(18, 1075),
(18, 1076),
(18, 1077),
(18, 1078),
(18, 1079),
(18, 1080),
(18, 1081),
(18, 1082),
(18, 1083),
(18, 1084),
(18, 1085),
(18, 1086),
(18, 1087),
(18, 1088),
(18, 1089),
(18, 1090),
(18, 1091),
(18, 1092),
(18, 1093),
(18, 1094),
(18, 1095),
(18, 1099),
(18, 1100),
(18, 1101),
(18, 1102),
(18, 1103),
(18, 1104),
(18, 1105),
(18, 1106),
(18, 1107),
(18, 1108),
(18, 1109),
(18, 1110),
(18, 1111),
(18, 1112),
(18, 1114),
(18, 1115),
(18, 1116),
(18, 1117),
(18, 1119),
(18, 1120),
(18, 1121),
(18, 1122),
(18, 1123),
(18, 1125),
(18, 1126),
(18, 1127),
(18, 1129),
(18, 1130),
(18, 1131),
(18, 1132),
(18, 1133),
(18, 1134),
(18, 1135),
(18, 1136),
(18, 1137),
(18, 1138),
(18, 1139),
(18, 1140),
(18, 1141),
(18, 1142),
(18, 1143),
(18, 1144),
(18, 1145),
(18, 1146),
(18, 1147),
(18, 1148),
(18, 1149),
(18, 1150),
(18, 1151),
(18, 1152),
(18, 1153),
(18, 1154),
(18, 1156),
(18, 1157),
(18, 1158),
(18, 1159),
(18, 1160),
(18, 1163),
(18, 1165),
(18, 1167),
(18, 1168),
(18, 1169),
(18, 1170),
(18, 1171),
(18, 1172),
(18, 1174),
(18, 1178),
(18, 1181),
(18, 1182),
(18, 1183),
(18, 1184),
(18, 1185),
(18, 1186),
(18, 1187),
(18, 1188),
(18, 1189),
(18, 1190),
(18, 1191),
(18, 1192),
(18, 1193),
(18, 1194),
(18, 1195),
(18, 1197),
(18, 1198),
(18, 1200),
(18, 1201),
(18, 1203),
(18, 1204),
(18, 1205),
(18, 1207),
(18, 1208),
(18, 1215),
(18, 1218),
(18, 1220),
(18, 1222),
(18, 1234),
(18, 1236),
(18, 1237),
(18, 1240),
(18, 1249),
(18, 1250),
(18, 1262),
(18, 1263),
(18, 1264),
(18, 1265),
(18, 1266),
(18, 1270),
(18, 1272),
(18, 1273),
(18, 1274),
(18, 1276),
(18, 1277),
(18, 1280),
(18, 1281),
(18, 1284),
(18, 1285),
(18, 1286),
(18, 1287),
(18, 1289),
(18, 1290),
(18, 1291),
(18, 1292),
(18, 1293),
(18, 1294),
(18, 1295),
(18, 1296),
(18, 1297),
(18, 1298),
(18, 1299),
(18, 1300),
(18, 1301),
(18, 1302),
(18, 1303),
(18, 1304),
(18, 1306),
(18, 1307),
(18, 1310),
(18, 1311),
(18, 1312),
(18, 1313),
(18, 1315),
(18, 1316),
(18, 1317),
(18, 1318),
(18, 1319),
(18, 1321),
(18, 1325),
(18, 1327),
(18, 1329),
(18, 1332),
(18, 1333),
(18, 1334),
(18, 1335),
(18, 1336),
(18, 1339),
(18, 1340),
(18, 1341),
(18, 1342),
(18, 1343),
(18, 1344),
(18, 1346),
(18, 1347),
(18, 1348),
(18, 1349),
(18, 1350),
(18, 1352),
(18, 1353),
(18, 1354),
(18, 1357),
(18, 1358),
(18, 1359),
(18, 1360),
(18, 1361),
(18, 1362),
(18, 1363),
(18, 1364),
(18, 1365),
(18, 1366),
(18, 1367),
(18, 1368),
(18, 1370),
(18, 1371),
(18, 1374),
(18, 1375),
(18, 1377),
(18, 1378),
(18, 1379),
(18, 1380),
(18, 1382),
(18, 1383),
(18, 1384),
(18, 1385),
(18, 1386),
(18, 1387),
(18, 1388),
(18, 1389),
(18, 1390),
(18, 1391),
(18, 1392),
(18, 1393),
(18, 1394),
(18, 1395),
(18, 1396),
(18, 1397),
(18, 1398),
(18, 1399),
(18, 1400),
(18, 1401),
(18, 1402),
(18, 1403),
(18, 1404),
(18, 1405),
(18, 1406),
(18, 1407),
(18, 1408),
(18, 1409),
(18, 1410),
(18, 1411),
(18, 1412),
(18, 1413),
(18, 1414),
(18, 1415),
(18, 1416),
(18, 1417),
(18, 1418),
(18, 1419),
(18, 1420),
(18, 1421),
(18, 1422),
(18, 1423),
(18, 1424),
(18, 1425),
(18, 1426),
(18, 1427),
(18, 1428),
(18, 1429),
(18, 1430),
(18, 1431),
(18, 1432),
(18, 1433),
(18, 1434),
(18, 1435),
(18, 1436),
(18, 1437),
(18, 1438),
(18, 1439),
(18, 1441),
(18, 1442),
(18, 1443),
(18, 1444),
(18, 1445),
(18, 1447),
(18, 1448),
(18, 1449),
(18, 1450),
(18, 1452),
(18, 1453),
(18, 1454),
(18, 1455),
(18, 1456),
(18, 1457),
(18, 1458),
(18, 1459),
(18, 1460),
(18, 1461),
(18, 1462),
(18, 1463),
(18, 1464),
(18, 1465),
(18, 1468),
(18, 1469),
(18, 1470),
(18, 1474),
(18, 1476),
(18, 1477),
(18, 1478),
(18, 1479),
(18, 1480),
(18, 1481),
(18, 1482),
(18, 1483),
(18, 1484),
(18, 1485),
(18, 1486),
(18, 1487),
(18, 1488),
(18, 1489),
(18, 1490),
(18, 1491),
(18, 1492),
(18, 1493),
(18, 1494),
(18, 1495),
(18, 1496),
(18, 1497),
(18, 1499),
(18, 1500),
(18, 1518),
(18, 1519),
(18, 1520),
(18, 1521),
(18, 1522),
(18, 1525),
(18, 1528),
(18, 1531),
(18, 1532),
(18, 1533),
(18, 1536),
(18, 1537),
(18, 1538),
(18, 1539),
(18, 1552),
(18, 1554),
(18, 1555),
(18, 1558),
(18, 1559),
(18, 1564),
(18, 1573),
(18, 1574),
(18, 1575),
(18, 1576),
(18, 1578),
(18, 1579),
(18, 1580),
(18, 1581),
(18, 1582),
(18, 1584),
(18, 1585),
(18, 1586),
(18, 1587),
(18, 1588),
(18, 1589),
(18, 1590),
(18, 1591),
(18, 1592),
(19, 14),
(19, 15),
(19, 20),
(19, 21),
(19, 23),
(19, 27),
(19, 32),
(19, 34),
(19, 35),
(19, 36),
(19, 37),
(19, 38),
(19, 39),
(19, 40),
(19, 43),
(19, 45),
(19, 48),
(19, 49),
(19, 50),
(19, 51),
(19, 52),
(19, 53),
(19, 54),
(19, 55),
(19, 56),
(19, 58),
(19, 59),
(19, 60),
(19, 62),
(19, 63),
(19, 64),
(19, 65),
(19, 67),
(19, 68),
(19, 71),
(19, 72),
(19, 73),
(19, 75),
(19, 76),
(19, 77),
(19, 78),
(19, 79),
(19, 80),
(19, 83),
(19, 84),
(19, 85),
(19, 87),
(19, 88),
(19, 89),
(19, 90),
(19, 91),
(19, 92),
(19, 96),
(19, 100),
(19, 102),
(19, 103),
(19, 104),
(19, 106),
(19, 107),
(19, 109),
(19, 110),
(19, 111),
(19, 117),
(19, 118),
(19, 119),
(19, 120),
(19, 121),
(19, 124),
(19, 130),
(19, 131),
(19, 132),
(19, 134),
(19, 142),
(19, 144),
(19, 145),
(19, 146),
(19, 147),
(19, 148),
(19, 149),
(19, 151),
(19, 152),
(19, 153),
(19, 154),
(19, 161),
(19, 162),
(19, 163),
(19, 164),
(19, 172),
(19, 173),
(19, 174),
(19, 177),
(19, 178),
(19, 179),
(19, 180),
(19, 181),
(19, 182),
(19, 183),
(19, 184),
(19, 191),
(19, 192),
(19, 196),
(19, 197),
(19, 198),
(19, 199),
(19, 200),
(19, 201),
(19, 202),
(19, 203),
(19, 204),
(19, 205),
(19, 206),
(19, 207),
(19, 208),
(19, 209),
(19, 210),
(19, 211),
(19, 212),
(19, 213),
(19, 214),
(19, 215),
(19, 216),
(19, 217),
(19, 218),
(19, 219),
(19, 220),
(19, 221),
(19, 222),
(19, 223),
(19, 224),
(19, 225),
(19, 226),
(19, 227),
(19, 228),
(19, 229),
(19, 230),
(19, 231),
(19, 232),
(19, 233),
(19, 234),
(19, 235),
(19, 236),
(19, 237),
(19, 238),
(19, 239),
(19, 240),
(19, 241),
(19, 242),
(19, 243),
(19, 244),
(19, 245),
(19, 246),
(19, 247),
(19, 248),
(19, 249),
(19, 250),
(19, 251),
(19, 252),
(19, 253),
(19, 254),
(19, 255),
(19, 256),
(19, 257),
(19, 258),
(19, 259),
(19, 260),
(19, 261),
(19, 262),
(19, 263),
(19, 264),
(19, 268),
(19, 270),
(19, 271),
(19, 272),
(19, 273),
(19, 274),
(19, 275),
(19, 276),
(19, 277),
(19, 278),
(19, 279),
(19, 280),
(19, 281),
(19, 282),
(19, 283),
(19, 284),
(19, 285),
(19, 286),
(19, 287),
(19, 288),
(19, 289),
(19, 291),
(19, 292),
(19, 293),
(19, 294),
(19, 295),
(19, 296),
(19, 297),
(19, 298),
(19, 299),
(19, 300),
(19, 301),
(19, 302),
(19, 303),
(19, 304),
(19, 305),
(19, 306),
(19, 307),
(19, 308),
(19, 309),
(19, 310),
(19, 311),
(19, 312),
(19, 313),
(19, 314),
(19, 315),
(19, 316),
(19, 317),
(19, 318),
(19, 319),
(19, 320),
(19, 321),
(19, 322),
(19, 323),
(19, 324),
(19, 325),
(19, 326),
(19, 327),
(19, 328),
(19, 329),
(19, 330),
(19, 331),
(19, 332),
(19, 333),
(19, 334),
(19, 335),
(19, 336),
(19, 337),
(19, 339),
(19, 340),
(19, 341),
(19, 343),
(19, 344),
(19, 345),
(19, 346),
(19, 347),
(19, 348),
(19, 349),
(19, 350),
(19, 351),
(19, 352),
(19, 353),
(19, 354),
(19, 355),
(19, 356),
(19, 357),
(19, 358),
(19, 359),
(19, 360),
(19, 361),
(19, 362),
(19, 363),
(19, 364),
(19, 365),
(19, 366),
(19, 367),
(19, 368),
(19, 369),
(19, 370),
(19, 371),
(19, 372),
(19, 373),
(19, 374),
(19, 375),
(19, 376),
(19, 377),
(19, 378),
(19, 379),
(19, 380),
(19, 382),
(19, 383),
(19, 384),
(19, 385),
(19, 387),
(19, 388),
(19, 389),
(19, 390),
(19, 391),
(19, 392),
(19, 393),
(19, 394),
(19, 395),
(19, 396),
(19, 397),
(19, 398),
(19, 399),
(19, 400),
(19, 401),
(19, 402),
(19, 403),
(19, 404),
(19, 405),
(19, 406),
(19, 407),
(19, 408),
(19, 409),
(19, 410),
(19, 411),
(19, 412),
(19, 413),
(19, 414),
(19, 415),
(19, 416),
(19, 417),
(19, 418),
(19, 419),
(19, 420),
(19, 421),
(19, 422),
(19, 423),
(19, 424),
(19, 425),
(19, 426),
(19, 427),
(19, 428),
(19, 429),
(19, 430),
(19, 431),
(19, 432),
(19, 433),
(19, 434),
(19, 435),
(19, 436),
(19, 437),
(19, 438),
(19, 439),
(19, 440),
(19, 441),
(19, 445),
(19, 446),
(19, 447),
(19, 448),
(19, 449),
(19, 450),
(19, 452),
(19, 453),
(19, 454),
(19, 455),
(19, 456),
(19, 457),
(19, 458),
(19, 459),
(19, 460),
(19, 461),
(19, 462),
(19, 463),
(19, 464),
(19, 465),
(19, 466),
(19, 467),
(19, 468),
(19, 469),
(19, 470),
(19, 471),
(19, 472),
(19, 473),
(19, 474),
(19, 475),
(19, 476),
(19, 477),
(19, 478),
(19, 480),
(19, 481),
(19, 482),
(19, 483),
(19, 486),
(19, 487),
(19, 488),
(19, 489),
(19, 490),
(19, 491),
(19, 492),
(19, 493),
(19, 494),
(19, 495),
(19, 496),
(19, 497),
(19, 498),
(19, 499),
(19, 500),
(19, 501),
(19, 502),
(19, 503),
(19, 504),
(19, 505),
(19, 506),
(19, 507),
(19, 508),
(19, 509),
(19, 510),
(19, 511),
(19, 512),
(19, 513),
(19, 514),
(19, 515),
(19, 516),
(19, 517),
(19, 518),
(19, 519),
(19, 524),
(19, 525),
(19, 526),
(19, 527),
(19, 528),
(19, 529),
(19, 531),
(19, 532),
(19, 533),
(19, 534),
(19, 535),
(19, 536),
(19, 537),
(19, 538),
(19, 539),
(19, 540),
(19, 541),
(19, 542),
(19, 545),
(19, 546),
(19, 547),
(19, 548),
(19, 549),
(19, 550),
(19, 551),
(19, 552),
(19, 553),
(19, 554),
(19, 555),
(19, 556),
(19, 557),
(19, 558),
(19, 559),
(19, 561),
(19, 562),
(19, 563),
(19, 564),
(19, 565),
(19, 567),
(19, 568),
(19, 569),
(19, 570),
(19, 571),
(19, 572),
(19, 573),
(19, 574),
(19, 575),
(19, 576),
(19, 577),
(19, 578),
(19, 579),
(19, 580),
(19, 581),
(19, 582),
(19, 583),
(19, 584),
(19, 585),
(19, 586),
(19, 587),
(19, 588),
(19, 589),
(19, 590),
(19, 591),
(19, 592),
(19, 593),
(19, 594),
(19, 595),
(19, 596),
(19, 597),
(19, 598),
(19, 599),
(19, 600),
(19, 601),
(19, 602),
(19, 603),
(19, 604),
(19, 605),
(19, 606),
(19, 607),
(19, 608),
(19, 609),
(19, 610),
(19, 611),
(19, 612),
(19, 613),
(19, 614),
(19, 615),
(19, 616),
(19, 617),
(19, 618),
(19, 619),
(19, 620),
(19, 621),
(19, 622),
(19, 623),
(19, 624),
(19, 625),
(19, 626),
(19, 627),
(19, 628),
(19, 629),
(19, 630),
(19, 631),
(19, 632),
(19, 633),
(19, 634),
(19, 635),
(19, 636),
(19, 637),
(19, 638),
(19, 639),
(19, 640),
(19, 641),
(19, 642),
(19, 643),
(19, 644),
(19, 645),
(19, 647),
(19, 648),
(19, 649),
(19, 650),
(19, 651),
(19, 652),
(19, 653),
(19, 654),
(19, 656),
(19, 657),
(19, 658),
(19, 659),
(19, 660),
(19, 661),
(19, 662),
(19, 663),
(19, 664),
(19, 665),
(19, 666),
(19, 667),
(19, 668),
(19, 669),
(19, 670),
(19, 671),
(19, 672),
(19, 673),
(19, 674),
(19, 675),
(19, 676),
(19, 677),
(19, 678),
(19, 679),
(19, 680),
(19, 681),
(19, 682),
(19, 683),
(19, 684),
(19, 685),
(19, 686),
(19, 687),
(19, 688),
(19, 690),
(19, 691),
(19, 692),
(19, 694),
(19, 695),
(19, 696),
(19, 697),
(19, 698),
(19, 699),
(19, 700),
(19, 701),
(19, 702),
(19, 703),
(19, 704),
(19, 705),
(19, 706),
(19, 707),
(19, 708),
(19, 709),
(19, 710),
(19, 711),
(19, 712),
(19, 713),
(19, 714),
(19, 715),
(19, 716),
(19, 717),
(19, 718),
(19, 719),
(19, 720),
(19, 721),
(19, 722),
(19, 723),
(19, 724),
(19, 725),
(19, 726),
(19, 727),
(19, 728),
(19, 729),
(19, 730),
(19, 731),
(19, 732),
(19, 733),
(19, 734),
(19, 735),
(19, 736),
(19, 737),
(19, 738),
(19, 739),
(19, 740),
(19, 741),
(19, 742),
(19, 743),
(19, 744),
(19, 745),
(19, 748),
(19, 749),
(19, 750),
(19, 751),
(19, 752),
(19, 753),
(19, 754),
(19, 755),
(19, 756),
(19, 757),
(19, 758),
(19, 759),
(19, 760),
(19, 761),
(19, 762),
(19, 763),
(19, 764),
(19, 765),
(19, 766),
(19, 767),
(19, 768),
(19, 769),
(19, 770),
(19, 771),
(19, 772),
(19, 773),
(19, 774),
(19, 775),
(19, 776),
(19, 777),
(19, 778),
(19, 779),
(19, 780),
(19, 781),
(19, 782),
(19, 783),
(19, 784),
(19, 785),
(19, 786),
(19, 787),
(19, 788),
(19, 789),
(19, 790),
(19, 791),
(19, 792),
(19, 793),
(19, 794),
(19, 795),
(19, 796),
(19, 797),
(19, 798),
(19, 799),
(19, 800),
(19, 801),
(19, 802),
(19, 803),
(19, 804),
(19, 805),
(19, 806),
(19, 807),
(19, 808),
(19, 809),
(19, 810),
(19, 811),
(19, 812),
(19, 814),
(19, 815),
(19, 816),
(19, 817),
(19, 818),
(19, 819),
(19, 820),
(19, 821),
(19, 822),
(19, 823),
(19, 824),
(19, 825),
(19, 826),
(19, 827),
(19, 828),
(19, 829),
(19, 830),
(19, 831),
(19, 832),
(19, 833),
(19, 834),
(19, 835),
(19, 836),
(19, 837),
(19, 838),
(19, 839),
(19, 840),
(19, 841),
(19, 842),
(19, 845),
(19, 846),
(19, 847),
(19, 849),
(19, 850),
(19, 851),
(19, 852),
(19, 853),
(19, 854),
(19, 855),
(19, 856),
(19, 857),
(19, 858),
(19, 859),
(19, 860),
(19, 861),
(19, 862),
(19, 863),
(19, 864),
(19, 865),
(19, 866),
(19, 867),
(19, 868),
(19, 869),
(19, 870),
(19, 871),
(19, 872),
(19, 873),
(19, 874),
(19, 875),
(19, 876),
(19, 877),
(19, 880),
(19, 881),
(19, 882),
(19, 883),
(19, 885),
(19, 886),
(19, 887),
(19, 888),
(19, 889),
(19, 890),
(19, 891),
(19, 892),
(19, 893),
(19, 894),
(19, 895),
(19, 896),
(19, 897),
(19, 898),
(19, 899),
(19, 900),
(19, 901),
(19, 902),
(19, 903),
(19, 904),
(19, 905),
(19, 907),
(19, 908),
(19, 909),
(19, 910),
(19, 911),
(19, 912),
(19, 913),
(19, 914),
(19, 915),
(19, 916),
(19, 917),
(19, 918),
(19, 919),
(19, 920),
(19, 921),
(19, 922),
(19, 924),
(19, 925),
(19, 926),
(19, 928),
(19, 929),
(19, 930),
(19, 931),
(19, 932),
(19, 933),
(19, 934),
(19, 935),
(19, 936),
(19, 937),
(19, 938),
(19, 939),
(19, 940),
(19, 941),
(19, 942),
(19, 943),
(19, 944),
(19, 945),
(19, 946),
(19, 947),
(19, 948),
(19, 949),
(19, 950),
(19, 951),
(19, 952),
(19, 953),
(19, 954),
(19, 955),
(19, 956),
(19, 958),
(19, 959),
(19, 960),
(19, 961),
(19, 962),
(19, 963),
(19, 964),
(19, 965),
(19, 966),
(19, 967),
(19, 968),
(19, 969),
(19, 970),
(19, 973),
(19, 975),
(19, 976),
(19, 977),
(19, 978),
(19, 979),
(19, 980),
(19, 981),
(19, 982),
(19, 983),
(19, 984),
(19, 985),
(19, 986),
(19, 987),
(19, 988),
(19, 989),
(19, 990),
(19, 991),
(19, 992),
(19, 996),
(19, 997),
(19, 998),
(19, 999),
(19, 1000),
(19, 1001),
(19, 1002),
(19, 1004),
(19, 1005),
(19, 1006),
(19, 1007),
(19, 1008),
(19, 1009),
(19, 1010),
(19, 1011),
(19, 1012),
(19, 1013),
(19, 1014),
(19, 1015),
(19, 1016),
(19, 1017),
(19, 1018),
(19, 1019),
(19, 1020),
(19, 1021),
(19, 1022),
(19, 1023),
(19, 1024),
(19, 1025),
(19, 1026),
(19, 1027),
(19, 1033),
(19, 1036),
(19, 1037),
(19, 1038),
(19, 1039),
(19, 1040),
(19, 1041),
(19, 1042),
(19, 1043),
(19, 1044),
(19, 1045),
(19, 1046),
(19, 1047),
(19, 1048),
(19, 1049),
(19, 1050),
(19, 1051),
(19, 1052),
(19, 1053),
(19, 1054),
(19, 1055),
(19, 1056),
(19, 1057),
(19, 1058),
(19, 1059),
(19, 1060),
(19, 1061),
(19, 1062),
(19, 1063),
(19, 1064),
(19, 1065),
(19, 1066),
(19, 1067),
(19, 1068),
(19, 1069),
(19, 1070),
(19, 1071),
(19, 1072),
(19, 1073),
(19, 1074),
(19, 1075),
(19, 1076),
(19, 1077),
(19, 1078),
(19, 1079),
(19, 1080),
(19, 1081),
(19, 1082),
(19, 1083),
(19, 1084),
(19, 1085),
(19, 1086),
(19, 1087),
(19, 1088),
(19, 1089),
(19, 1090),
(19, 1091),
(19, 1092),
(19, 1093),
(19, 1094),
(19, 1095),
(19, 1099),
(19, 1100),
(19, 1101),
(19, 1102),
(19, 1103),
(19, 1104),
(19, 1105),
(19, 1106),
(19, 1107),
(19, 1108),
(19, 1109),
(19, 1110),
(19, 1111),
(19, 1112),
(19, 1114),
(19, 1115),
(19, 1116),
(19, 1117),
(19, 1119),
(19, 1120),
(19, 1121),
(19, 1122),
(19, 1123),
(19, 1125),
(19, 1126),
(19, 1127),
(19, 1129),
(19, 1130),
(19, 1131),
(19, 1132),
(19, 1133),
(19, 1134),
(19, 1135),
(19, 1136),
(19, 1137),
(19, 1138),
(19, 1139),
(19, 1140),
(19, 1141),
(19, 1142),
(19, 1143),
(19, 1144),
(19, 1145),
(19, 1146),
(19, 1147),
(19, 1148),
(19, 1149),
(19, 1150),
(19, 1151),
(19, 1152),
(19, 1153),
(19, 1154),
(19, 1156),
(19, 1157),
(19, 1158),
(19, 1159),
(19, 1160),
(19, 1163),
(19, 1165),
(19, 1167),
(19, 1168),
(19, 1169),
(19, 1170),
(19, 1171),
(19, 1172),
(19, 1174),
(19, 1178),
(19, 1181),
(19, 1182),
(19, 1183),
(19, 1184),
(19, 1185),
(19, 1186),
(19, 1187),
(19, 1188),
(19, 1189),
(19, 1190),
(19, 1191),
(19, 1192),
(19, 1193),
(19, 1194),
(19, 1195),
(19, 1197),
(19, 1198),
(19, 1200),
(19, 1201),
(19, 1203),
(19, 1204),
(19, 1205),
(19, 1207),
(19, 1208),
(19, 1215),
(19, 1218),
(19, 1220),
(19, 1222),
(19, 1234),
(19, 1236),
(19, 1237),
(19, 1240),
(19, 1249),
(19, 1250),
(19, 1262),
(19, 1263),
(19, 1264),
(19, 1265),
(19, 1266),
(19, 1270),
(19, 1272),
(19, 1273),
(19, 1274),
(19, 1276),
(19, 1277),
(19, 1280),
(19, 1281),
(19, 1284),
(19, 1285),
(19, 1286),
(19, 1287),
(19, 1289),
(19, 1290),
(19, 1291),
(19, 1292),
(19, 1293),
(19, 1294),
(19, 1295),
(19, 1296),
(19, 1297),
(19, 1298),
(19, 1299),
(19, 1300),
(19, 1301),
(19, 1302),
(19, 1303),
(19, 1304),
(19, 1306),
(19, 1307),
(19, 1310),
(19, 1311),
(19, 1312),
(19, 1313),
(19, 1315),
(19, 1316),
(19, 1317),
(19, 1318),
(19, 1319),
(19, 1321),
(19, 1325),
(19, 1327),
(19, 1329),
(19, 1332),
(19, 1333),
(19, 1334),
(19, 1335),
(19, 1336),
(19, 1339),
(19, 1340),
(19, 1341),
(19, 1342),
(19, 1343),
(19, 1344),
(19, 1346),
(19, 1347),
(19, 1348),
(19, 1349),
(19, 1350),
(19, 1352),
(19, 1353),
(19, 1354),
(19, 1357),
(19, 1358),
(19, 1359),
(19, 1360),
(19, 1361),
(19, 1362),
(19, 1363),
(19, 1364),
(19, 1365),
(19, 1366),
(19, 1367),
(19, 1368),
(19, 1370),
(19, 1371),
(19, 1374),
(19, 1375),
(19, 1377),
(19, 1378),
(19, 1379),
(19, 1380),
(19, 1382),
(19, 1383),
(19, 1384),
(19, 1385),
(19, 1386),
(19, 1387),
(19, 1388),
(19, 1389),
(19, 1390),
(19, 1391),
(19, 1392),
(19, 1393),
(19, 1394),
(19, 1395),
(19, 1396),
(19, 1397),
(19, 1398),
(19, 1399),
(19, 1400),
(19, 1401),
(19, 1402),
(19, 1403),
(19, 1404),
(19, 1405),
(19, 1406),
(19, 1407),
(19, 1408),
(19, 1409),
(19, 1410),
(19, 1411),
(19, 1412),
(19, 1413),
(19, 1414),
(19, 1415),
(19, 1416),
(19, 1417),
(19, 1418),
(19, 1419),
(19, 1420),
(19, 1421),
(19, 1422),
(19, 1423),
(19, 1424),
(19, 1425),
(19, 1426),
(19, 1427),
(19, 1428),
(19, 1429),
(19, 1430),
(19, 1431),
(19, 1432),
(19, 1433),
(19, 1434),
(19, 1435),
(19, 1436),
(19, 1437),
(19, 1438),
(19, 1439),
(19, 1441),
(19, 1442),
(19, 1443),
(19, 1444),
(19, 1445),
(19, 1447),
(19, 1448),
(19, 1449),
(19, 1450),
(19, 1452),
(19, 1453),
(19, 1454),
(19, 1455),
(19, 1456),
(19, 1457),
(19, 1458),
(19, 1459),
(19, 1460),
(19, 1461),
(19, 1462),
(19, 1463),
(19, 1464),
(19, 1465),
(19, 1468),
(19, 1469),
(19, 1470),
(19, 1474),
(19, 1476),
(19, 1477),
(19, 1478),
(19, 1479),
(19, 1480),
(19, 1481),
(19, 1482),
(19, 1483),
(19, 1484),
(19, 1485),
(19, 1486),
(19, 1487),
(19, 1488),
(19, 1489),
(19, 1490),
(19, 1491),
(19, 1492),
(19, 1493),
(19, 1494),
(19, 1495),
(19, 1496),
(19, 1497),
(19, 1499),
(19, 1500),
(19, 1518),
(19, 1519),
(19, 1520),
(19, 1521),
(19, 1522),
(19, 1525),
(19, 1528),
(19, 1531),
(19, 1532),
(19, 1533),
(19, 1536),
(19, 1537),
(19, 1538),
(19, 1539),
(19, 1552),
(19, 1554),
(19, 1555),
(19, 1558),
(19, 1559),
(19, 1564),
(19, 1573),
(19, 1574),
(19, 1575),
(19, 1576),
(19, 1578),
(19, 1579),
(19, 1580),
(19, 1581),
(19, 1582),
(19, 1584),
(19, 1585),
(19, 1586),
(19, 1587),
(19, 1588),
(19, 1589),
(19, 1590),
(19, 1591),
(19, 1592),
(20, 311),
(20, 312),
(20, 313),
(20, 314),
(20, 315),
(20, 319),
(20, 323),
(20, 351),
(20, 355),
(20, 358),
(20, 359),
(20, 360),
(20, 365),
(20, 423),
(20, 535),
(20, 537),
(20, 539),
(20, 546),
(20, 555),
(20, 556),
(20, 562),
(20, 586),
(20, 587),
(20, 588),
(20, 595),
(20, 596),
(20, 597),
(20, 599),
(20, 600),
(20, 603),
(20, 606),
(20, 610),
(20, 611),
(20, 615),
(20, 616),
(20, 617),
(20, 619),
(20, 620),
(20, 621),
(20, 627),
(20, 628),
(20, 639),
(20, 640),
(20, 646),
(20, 648),
(20, 649),
(20, 650),
(20, 661),
(20, 687),
(20, 688),
(20, 691),
(20, 694),
(20, 707),
(20, 710),
(20, 711),
(20, 712),
(20, 714),
(20, 715),
(20, 716),
(20, 717),
(20, 753),
(20, 771),
(20, 772),
(20, 774),
(20, 775),
(20, 776),
(20, 779),
(20, 786),
(20, 806),
(20, 808),
(20, 809),
(20, 811),
(20, 812),
(20, 843),
(20, 844),
(20, 848),
(20, 857),
(20, 872),
(20, 873),
(20, 875),
(20, 878),
(20, 879),
(20, 884),
(20, 891),
(20, 896),
(20, 897),
(20, 898),
(20, 899),
(20, 902),
(20, 903),
(20, 907),
(20, 919),
(20, 926),
(20, 935),
(20, 939),
(20, 944),
(20, 945),
(20, 946),
(20, 947),
(20, 948),
(20, 949),
(20, 950),
(20, 951),
(20, 952),
(20, 953),
(20, 954),
(20, 955),
(20, 956),
(20, 958),
(20, 960),
(20, 962),
(20, 963),
(20, 964),
(20, 965),
(20, 966),
(20, 967),
(20, 969),
(20, 970),
(20, 971),
(20, 972),
(20, 973),
(20, 974),
(20, 993),
(20, 994),
(20, 995),
(20, 1003),
(20, 1005),
(20, 1006),
(20, 1010),
(20, 1011),
(20, 1021),
(20, 1028),
(20, 1029),
(20, 1030),
(20, 1031),
(20, 1032),
(20, 1033),
(20, 1034),
(20, 1035),
(20, 1040),
(20, 1041),
(20, 1047),
(20, 1048),
(20, 1049),
(20, 1050),
(20, 1051),
(20, 1052),
(20, 1089),
(20, 1090),
(20, 1091),
(20, 1103),
(20, 1114),
(20, 1118),
(20, 1123),
(20, 1130),
(20, 1131),
(20, 1132),
(20, 1136),
(20, 1139),
(20, 1140),
(20, 1143),
(20, 1144),
(20, 1145),
(20, 1146),
(20, 1149),
(20, 1150),
(20, 1151),
(20, 1152),
(20, 1153),
(20, 1154),
(20, 1157),
(20, 1159),
(20, 1160),
(20, 1161),
(20, 1162),
(20, 1164),
(20, 1166),
(20, 1167),
(20, 1168),
(20, 1169),
(20, 1175),
(20, 1176),
(20, 1177),
(20, 1180),
(20, 1183),
(20, 1189),
(20, 1191),
(20, 1194),
(20, 1195),
(20, 1197),
(20, 1198),
(20, 1213),
(20, 1216),
(20, 1227),
(20, 1228),
(20, 1230),
(20, 1232),
(20, 1233),
(20, 1247),
(20, 1248),
(20, 1250),
(20, 1251),
(20, 1252),
(20, 1254),
(20, 1255),
(20, 1256),
(20, 1259),
(20, 1261),
(20, 1262),
(20, 1265),
(20, 1266),
(20, 1267),
(20, 1268),
(20, 1269),
(20, 1270),
(20, 1271),
(20, 1272),
(20, 1274),
(20, 1276),
(20, 1280),
(20, 1281),
(20, 1285),
(20, 1286),
(20, 1289),
(20, 1290),
(20, 1293),
(20, 1294),
(20, 1295),
(20, 1296),
(20, 1297),
(20, 1298),
(20, 1299),
(20, 1300),
(20, 1301),
(20, 1302),
(20, 1303),
(20, 1304),
(20, 1305),
(20, 1306),
(20, 1307),
(20, 1309),
(20, 1310),
(20, 1311),
(20, 1312),
(20, 1314),
(20, 1315),
(20, 1316),
(20, 1317),
(20, 1318),
(20, 1319),
(20, 1320),
(20, 1321),
(20, 1322),
(20, 1323),
(20, 1324),
(20, 1325),
(20, 1327),
(20, 1328),
(20, 1329),
(20, 1330),
(20, 1331),
(20, 1332),
(20, 1333),
(20, 1334),
(20, 1335),
(20, 1336),
(20, 1337),
(20, 1338),
(20, 1340),
(20, 1341),
(20, 1343),
(20, 1344),
(20, 1345),
(20, 1346),
(20, 1347),
(20, 1348),
(20, 1349),
(20, 1350),
(20, 1351),
(20, 1352),
(20, 1353),
(20, 1354),
(20, 1355),
(20, 1356),
(20, 1357),
(20, 1358),
(20, 1359),
(20, 1360),
(20, 1361),
(20, 1362),
(20, 1363),
(20, 1364),
(20, 1365),
(20, 1366),
(20, 1367),
(20, 1368),
(20, 1370),
(20, 1371),
(20, 1372),
(20, 1373),
(20, 1374),
(20, 1375),
(20, 1376),
(20, 1377),
(20, 1378),
(20, 1379),
(20, 1381),
(20, 1382),
(20, 1383),
(20, 1384),
(20, 1385),
(20, 1386),
(20, 1388),
(20, 1389),
(20, 1390),
(20, 1391),
(20, 1392),
(20, 1393),
(20, 1395),
(20, 1396),
(20, 1397),
(20, 1398),
(20, 1399),
(20, 1400),
(20, 1401),
(20, 1402),
(20, 1403),
(20, 1404),
(20, 1405),
(20, 1406),
(20, 1407),
(20, 1408),
(20, 1409),
(20, 1410),
(20, 1411),
(20, 1412),
(20, 1413),
(20, 1414),
(20, 1415),
(20, 1416),
(20, 1417),
(20, 1418),
(20, 1419),
(20, 1420),
(20, 1421),
(20, 1422),
(20, 1423),
(20, 1424),
(20, 1425),
(20, 1426),
(20, 1427),
(20, 1428),
(20, 1429),
(20, 1430),
(20, 1431),
(20, 1432),
(20, 1433),
(20, 1434),
(20, 1435),
(20, 1436),
(20, 1437),
(20, 1438),
(20, 1439),
(20, 1440),
(20, 1441),
(20, 1442),
(20, 1443),
(20, 1444),
(20, 1445),
(20, 1446),
(20, 1447),
(20, 1448),
(20, 1449),
(20, 1450),
(20, 1451),
(20, 1452),
(20, 1453),
(20, 1454),
(20, 1455),
(20, 1456),
(20, 1457),
(20, 1458),
(20, 1459),
(20, 1460),
(20, 1461),
(20, 1462),
(20, 1463),
(20, 1464),
(20, 1465),
(20, 1466),
(20, 1467),
(20, 1468),
(20, 1469),
(20, 1470),
(20, 1474),
(20, 1476),
(20, 1477),
(20, 1478),
(20, 1479),
(20, 1480),
(20, 1481),
(20, 1482),
(20, 1483),
(20, 1484),
(20, 1485),
(20, 1486),
(20, 1487),
(20, 1488),
(20, 1489),
(20, 1490),
(20, 1491),
(20, 1492),
(20, 1493),
(20, 1494),
(20, 1495),
(20, 1496),
(20, 1497),
(20, 1499),
(20, 1500),
(20, 1502),
(20, 1503),
(20, 1504),
(20, 1505),
(20, 1506),
(20, 1507),
(20, 1508),
(20, 1509),
(20, 1510),
(20, 1512),
(20, 1513),
(20, 1514),
(20, 1515),
(20, 1516),
(20, 1518),
(20, 1519),
(20, 1520),
(20, 1521),
(20, 1522),
(20, 1523),
(20, 1524),
(20, 1525),
(20, 1526),
(20, 1527),
(20, 1528),
(20, 1529),
(20, 1530),
(20, 1531),
(20, 1532),
(20, 1533),
(20, 1534),
(20, 1535),
(20, 1536),
(20, 1537),
(20, 1538),
(20, 1539),
(20, 1540),
(20, 1541),
(20, 1542),
(20, 1543),
(20, 1544),
(20, 1545),
(20, 1546),
(20, 1547),
(20, 1548),
(20, 1549),
(20, 1550),
(20, 1551),
(20, 1552),
(20, 1553),
(20, 1554),
(20, 1555),
(20, 1556),
(20, 1557),
(20, 1558),
(20, 1559),
(20, 1560),
(20, 1561),
(20, 1562),
(20, 1563),
(20, 1564),
(20, 1565),
(20, 1566),
(20, 1567),
(20, 1568),
(20, 1569),
(20, 1570),
(20, 1571),
(20, 1573),
(20, 1574),
(20, 1575),
(20, 1576),
(20, 1577),
(20, 1578),
(20, 1579),
(20, 1580);
INSERT INTO `race_color` (`id_race`, `id_color`) VALUES
(20, 1581),
(20, 1582),
(20, 1584),
(20, 1585),
(20, 1586),
(20, 1587),
(20, 1588),
(20, 1589),
(20, 1590),
(20, 1591),
(20, 1592),
(20, 1593),
(20, 1594),
(20, 1595),
(20, 1596),
(20, 1597),
(20, 1598),
(20, 1599),
(20, 1600),
(20, 1601),
(20, 1602),
(20, 1603),
(20, 1604),
(20, 1605),
(20, 1606),
(20, 1607),
(20, 1608),
(20, 1609),
(20, 1610),
(20, 1611),
(20, 1612),
(20, 1613),
(20, 1614),
(20, 1615),
(20, 1616),
(20, 1617),
(20, 1618),
(20, 1619),
(20, 1620),
(20, 1621),
(20, 1622),
(20, 1623),
(20, 1624),
(20, 1625),
(20, 1626),
(20, 1627),
(20, 1628),
(20, 1629),
(20, 1630),
(20, 1631),
(20, 1632),
(20, 1633),
(20, 1634),
(20, 1635),
(20, 1636),
(20, 1637),
(20, 1638),
(20, 1639),
(20, 1641),
(20, 1642),
(20, 1643),
(20, 1644),
(20, 1645),
(20, 1646),
(20, 1647),
(20, 1648),
(20, 1649),
(20, 1650),
(20, 1651),
(20, 1652),
(20, 1654),
(20, 1655),
(20, 1656),
(20, 1658),
(20, 1659),
(20, 1660),
(20, 1661),
(20, 1662),
(20, 1663),
(20, 1664),
(20, 1665),
(20, 1666),
(20, 1667),
(20, 1668),
(20, 1669),
(20, 1670),
(20, 1671),
(20, 1672),
(20, 1673),
(20, 1674),
(20, 1675),
(20, 1676),
(22, 311),
(22, 312),
(22, 313),
(22, 314),
(22, 315),
(22, 319),
(22, 323),
(22, 351),
(22, 355),
(22, 358),
(22, 359),
(22, 360),
(22, 365),
(22, 423),
(22, 535),
(22, 537),
(22, 539),
(22, 546),
(22, 555),
(22, 556),
(22, 562),
(22, 610),
(22, 611),
(22, 617),
(22, 620),
(22, 621),
(22, 627),
(22, 628),
(22, 639),
(22, 640),
(22, 648),
(22, 649),
(22, 650),
(22, 661),
(22, 993),
(22, 994),
(22, 995),
(22, 1003),
(22, 1028),
(22, 1029),
(22, 1030),
(22, 1031),
(22, 1032),
(22, 1034),
(22, 1035),
(22, 1103),
(22, 1114),
(22, 1118),
(22, 1130),
(22, 1131),
(22, 1132),
(22, 1139),
(22, 1140),
(22, 1145),
(22, 1146),
(22, 1149),
(22, 1150),
(22, 1152),
(22, 1153),
(22, 1161),
(22, 1162),
(22, 1164),
(22, 1166),
(22, 1175),
(22, 1176),
(22, 1177),
(22, 1180),
(22, 1189),
(22, 1191),
(22, 1194),
(22, 1195),
(22, 1197),
(22, 1198),
(22, 1213),
(22, 1216),
(22, 1227),
(22, 1228),
(22, 1230),
(22, 1232),
(22, 1233),
(22, 1247),
(22, 1248),
(22, 1251),
(22, 1252),
(22, 1254),
(22, 1255),
(22, 1256),
(22, 1259),
(22, 1261),
(22, 1267),
(22, 1268),
(22, 1269),
(22, 1271),
(22, 1272),
(22, 1276),
(22, 1286),
(22, 1289),
(22, 1290),
(22, 1295),
(22, 1296),
(22, 1297),
(22, 1298),
(22, 1299),
(22, 1300),
(22, 1301),
(22, 1302),
(22, 1303),
(22, 1304),
(22, 1305),
(22, 1306),
(22, 1307),
(22, 1309),
(22, 1310),
(22, 1311),
(22, 1312),
(22, 1314),
(22, 1315),
(22, 1316),
(22, 1317),
(22, 1318),
(22, 1319),
(22, 1320),
(22, 1321),
(22, 1322),
(22, 1323),
(22, 1324),
(22, 1325),
(22, 1328),
(22, 1329),
(22, 1330),
(22, 1337),
(22, 1338),
(22, 1343),
(22, 1344),
(22, 1346),
(22, 1347),
(22, 1348),
(22, 1349),
(22, 1350),
(22, 1351),
(22, 1352),
(22, 1353),
(22, 1354),
(22, 1355),
(22, 1356),
(22, 1357),
(22, 1358),
(22, 1359),
(22, 1360),
(22, 1361),
(22, 1362),
(22, 1363),
(22, 1364),
(22, 1365),
(22, 1366),
(22, 1367),
(22, 1368),
(22, 1370),
(22, 1371),
(22, 1372),
(22, 1373),
(22, 1374),
(22, 1375),
(22, 1376),
(22, 1377),
(22, 1378),
(22, 1379),
(22, 1381),
(22, 1382),
(22, 1383),
(22, 1384),
(22, 1385),
(22, 1386),
(22, 1388),
(22, 1389),
(22, 1390),
(22, 1391),
(22, 1392),
(22, 1393),
(22, 1395),
(22, 1396),
(22, 1397),
(22, 1398),
(22, 1399),
(22, 1400),
(22, 1401),
(22, 1402),
(22, 1403),
(22, 1404),
(22, 1405),
(22, 1406),
(22, 1407),
(22, 1408),
(22, 1409),
(22, 1410),
(22, 1411),
(22, 1412),
(22, 1413),
(22, 1414),
(22, 1415),
(22, 1416),
(22, 1417),
(22, 1418),
(22, 1419),
(22, 1420),
(22, 1421),
(22, 1422),
(22, 1423),
(22, 1424),
(22, 1425),
(22, 1426),
(22, 1427),
(22, 1428),
(22, 1429),
(22, 1430),
(22, 1431),
(22, 1432),
(22, 1433),
(22, 1434),
(22, 1435),
(22, 1436),
(22, 1437),
(22, 1438),
(22, 1439),
(22, 1440),
(22, 1441),
(22, 1442),
(22, 1443),
(22, 1444),
(22, 1445),
(22, 1446),
(22, 1447),
(22, 1448),
(22, 1449),
(22, 1450),
(22, 1451),
(22, 1452),
(22, 1453),
(22, 1454),
(22, 1455),
(22, 1456),
(22, 1457),
(22, 1458),
(22, 1459),
(22, 1460),
(22, 1461),
(22, 1462),
(22, 1463),
(22, 1464),
(22, 1465),
(22, 1466),
(22, 1467),
(22, 1468),
(22, 1469),
(22, 1470),
(22, 1474),
(22, 1476),
(22, 1477),
(22, 1478),
(22, 1479),
(22, 1480),
(22, 1481),
(22, 1482),
(22, 1483),
(22, 1484),
(22, 1485),
(22, 1486),
(22, 1487),
(22, 1488),
(22, 1489),
(22, 1490),
(22, 1491),
(22, 1492),
(22, 1493),
(22, 1494),
(22, 1495),
(22, 1496),
(22, 1497),
(22, 1499),
(22, 1500),
(22, 1502),
(22, 1503),
(22, 1504),
(22, 1505),
(22, 1506),
(22, 1507),
(22, 1508),
(22, 1509),
(22, 1510),
(22, 1512),
(22, 1513),
(22, 1514),
(22, 1515),
(22, 1516),
(22, 1518),
(22, 1519),
(22, 1520),
(22, 1521),
(22, 1522),
(22, 1523),
(22, 1524),
(22, 1525),
(22, 1526),
(22, 1527),
(22, 1528),
(22, 1529),
(22, 1530),
(22, 1531),
(22, 1532),
(22, 1533),
(22, 1534),
(22, 1535),
(22, 1536),
(22, 1537),
(22, 1538),
(22, 1539),
(22, 1540),
(22, 1541),
(22, 1542),
(22, 1543),
(22, 1544),
(22, 1545),
(22, 1546),
(22, 1547),
(22, 1548),
(22, 1549),
(22, 1550),
(22, 1551),
(22, 1552),
(22, 1553),
(22, 1554),
(22, 1555),
(22, 1556),
(22, 1557),
(22, 1558),
(22, 1559),
(22, 1560),
(22, 1561),
(22, 1562),
(22, 1563),
(22, 1564),
(22, 1565),
(22, 1566),
(22, 1567),
(22, 1568),
(22, 1569),
(22, 1570),
(22, 1571),
(22, 1573),
(22, 1574),
(22, 1575),
(22, 1576),
(22, 1577),
(22, 1578),
(22, 1579),
(22, 1580),
(22, 1581),
(22, 1582),
(22, 1584),
(22, 1585),
(22, 1586),
(22, 1587),
(22, 1588),
(22, 1589),
(22, 1590),
(22, 1591),
(22, 1592),
(22, 1593),
(22, 1594),
(22, 1595),
(22, 1596),
(22, 1597),
(22, 1598),
(22, 1599),
(22, 1600),
(22, 1601),
(22, 1602),
(22, 1603),
(22, 1604),
(22, 1605),
(22, 1606),
(22, 1607),
(22, 1608),
(22, 1609),
(22, 1610),
(22, 1611),
(22, 1612),
(22, 1613),
(22, 1614),
(22, 1615),
(22, 1616),
(22, 1617),
(22, 1618),
(22, 1619),
(22, 1620),
(22, 1621),
(22, 1622),
(22, 1623),
(22, 1624),
(22, 1625),
(22, 1626),
(22, 1627),
(22, 1628),
(22, 1629),
(22, 1630),
(22, 1631),
(22, 1632),
(22, 1633),
(22, 1634),
(22, 1635),
(22, 1636),
(22, 1637),
(22, 1638),
(22, 1639),
(22, 1641),
(22, 1642),
(22, 1643),
(22, 1644),
(22, 1645),
(22, 1646),
(22, 1647),
(22, 1648),
(22, 1649),
(22, 1650),
(22, 1651),
(22, 1652),
(22, 1654),
(22, 1655),
(22, 1656),
(22, 1658),
(22, 1659),
(22, 1660),
(22, 1661),
(22, 1662),
(22, 1663),
(22, 1664),
(22, 1665),
(22, 1666),
(22, 1667),
(22, 1668),
(22, 1669),
(22, 1670),
(22, 1671),
(22, 1672),
(22, 1673),
(22, 1674),
(22, 1675),
(22, 1676),
(23, 311),
(23, 312),
(23, 313),
(23, 314),
(23, 315),
(23, 319),
(23, 323),
(23, 351),
(23, 355),
(23, 358),
(23, 359),
(23, 360),
(23, 365),
(23, 423),
(23, 535),
(23, 537),
(23, 539),
(23, 546),
(23, 555),
(23, 556),
(23, 562),
(23, 586),
(23, 587),
(23, 588),
(23, 595),
(23, 596),
(23, 597),
(23, 599),
(23, 600),
(23, 603),
(23, 606),
(23, 610),
(23, 611),
(23, 615),
(23, 616),
(23, 617),
(23, 619),
(23, 620),
(23, 621),
(23, 627),
(23, 628),
(23, 639),
(23, 640),
(23, 646),
(23, 648),
(23, 649),
(23, 650),
(23, 661),
(23, 687),
(23, 688),
(23, 691),
(23, 694),
(23, 707),
(23, 710),
(23, 711),
(23, 712),
(23, 714),
(23, 715),
(23, 716),
(23, 717),
(23, 753),
(23, 771),
(23, 772),
(23, 774),
(23, 775),
(23, 776),
(23, 779),
(23, 786),
(23, 806),
(23, 808),
(23, 809),
(23, 811),
(23, 812),
(23, 843),
(23, 844),
(23, 848),
(23, 857),
(23, 872),
(23, 873),
(23, 875),
(23, 878),
(23, 879),
(23, 884),
(23, 891),
(23, 896),
(23, 897),
(23, 898),
(23, 899),
(23, 902),
(23, 903),
(23, 907),
(23, 919),
(23, 926),
(23, 935),
(23, 939),
(23, 944),
(23, 945),
(23, 946),
(23, 947),
(23, 948),
(23, 949),
(23, 950),
(23, 951),
(23, 952),
(23, 953),
(23, 954),
(23, 955),
(23, 956),
(23, 958),
(23, 960),
(23, 962),
(23, 963),
(23, 964),
(23, 965),
(23, 966),
(23, 967),
(23, 969),
(23, 970),
(23, 971),
(23, 972),
(23, 973),
(23, 974),
(23, 993),
(23, 994),
(23, 995),
(23, 1003),
(23, 1005),
(23, 1006),
(23, 1010),
(23, 1011),
(23, 1021),
(23, 1028),
(23, 1029),
(23, 1030),
(23, 1031),
(23, 1032),
(23, 1033),
(23, 1034),
(23, 1035),
(23, 1040),
(23, 1041),
(23, 1047),
(23, 1048),
(23, 1049),
(23, 1050),
(23, 1051),
(23, 1052),
(23, 1089),
(23, 1090),
(23, 1091),
(23, 1103),
(23, 1114),
(23, 1118),
(23, 1123),
(23, 1130),
(23, 1131),
(23, 1132),
(23, 1136),
(23, 1139),
(23, 1140),
(23, 1143),
(23, 1144),
(23, 1145),
(23, 1146),
(23, 1149),
(23, 1150),
(23, 1151),
(23, 1152),
(23, 1153),
(23, 1154),
(23, 1157),
(23, 1159),
(23, 1160),
(23, 1161),
(23, 1162),
(23, 1164),
(23, 1166),
(23, 1167),
(23, 1168),
(23, 1169),
(23, 1175),
(23, 1176),
(23, 1177),
(23, 1180),
(23, 1183),
(23, 1189),
(23, 1191),
(23, 1194),
(23, 1195),
(23, 1197),
(23, 1198),
(23, 1213),
(23, 1216),
(23, 1227),
(23, 1228),
(23, 1230),
(23, 1232),
(23, 1233),
(23, 1247),
(23, 1248),
(23, 1250),
(23, 1251),
(23, 1252),
(23, 1254),
(23, 1255),
(23, 1256),
(23, 1259),
(23, 1261),
(23, 1262),
(23, 1265),
(23, 1266),
(23, 1267),
(23, 1268),
(23, 1269),
(23, 1270),
(23, 1271),
(23, 1272),
(23, 1274),
(23, 1276),
(23, 1280),
(23, 1281),
(23, 1285),
(23, 1286),
(23, 1289),
(23, 1290),
(23, 1293),
(23, 1294),
(23, 1295),
(23, 1296),
(23, 1297),
(23, 1298),
(23, 1299),
(23, 1300),
(23, 1301),
(23, 1302),
(23, 1303),
(23, 1304),
(23, 1305),
(23, 1306),
(23, 1307),
(23, 1309),
(23, 1310),
(23, 1311),
(23, 1312),
(23, 1314),
(23, 1315),
(23, 1316),
(23, 1317),
(23, 1318),
(23, 1319),
(23, 1320),
(23, 1321),
(23, 1322),
(23, 1323),
(23, 1324),
(23, 1325),
(23, 1327),
(23, 1328),
(23, 1329),
(23, 1330),
(23, 1331),
(23, 1332),
(23, 1333),
(23, 1334),
(23, 1335),
(23, 1336),
(23, 1337),
(23, 1338),
(23, 1340),
(23, 1341),
(23, 1343),
(23, 1344),
(23, 1345),
(23, 1346),
(23, 1347),
(23, 1348),
(23, 1349),
(23, 1350),
(23, 1351),
(23, 1352),
(23, 1353),
(23, 1354),
(23, 1355),
(23, 1356),
(23, 1357),
(23, 1358),
(23, 1359),
(23, 1360),
(23, 1361),
(23, 1362),
(23, 1363),
(23, 1364),
(23, 1365),
(23, 1366),
(23, 1367),
(23, 1368),
(23, 1370),
(23, 1371),
(23, 1372),
(23, 1373),
(23, 1374),
(23, 1375),
(23, 1376),
(23, 1377),
(23, 1378),
(23, 1379),
(23, 1381),
(23, 1382),
(23, 1383),
(23, 1384),
(23, 1385),
(23, 1386),
(23, 1388),
(23, 1389),
(23, 1390),
(23, 1391),
(23, 1392),
(23, 1393),
(23, 1395),
(23, 1396),
(23, 1397),
(23, 1398),
(23, 1399),
(23, 1400),
(23, 1401),
(23, 1402),
(23, 1403),
(23, 1404),
(23, 1405),
(23, 1406),
(23, 1407),
(23, 1408),
(23, 1409),
(23, 1410),
(23, 1411),
(23, 1412),
(23, 1413),
(23, 1414),
(23, 1415),
(23, 1416),
(23, 1417),
(23, 1418),
(23, 1419),
(23, 1420),
(23, 1421),
(23, 1422),
(23, 1423),
(23, 1424),
(23, 1425),
(23, 1426),
(23, 1427),
(23, 1428),
(23, 1429),
(23, 1430),
(23, 1431),
(23, 1432),
(23, 1433),
(23, 1434),
(23, 1435),
(23, 1436),
(23, 1437),
(23, 1438),
(23, 1439),
(23, 1440),
(23, 1441),
(23, 1442),
(23, 1443),
(23, 1444),
(23, 1445),
(23, 1446),
(23, 1447),
(23, 1448),
(23, 1449),
(23, 1450),
(23, 1451),
(23, 1452),
(23, 1453),
(23, 1454),
(23, 1455),
(23, 1456),
(23, 1457),
(23, 1458),
(23, 1459),
(23, 1460),
(23, 1461),
(23, 1462),
(23, 1463),
(23, 1464),
(23, 1465),
(23, 1466),
(23, 1467),
(23, 1468),
(23, 1469),
(23, 1470),
(23, 1474),
(23, 1476),
(23, 1477),
(23, 1478),
(23, 1479),
(23, 1480),
(23, 1481),
(23, 1482),
(23, 1483),
(23, 1484),
(23, 1485),
(23, 1486),
(23, 1487),
(23, 1488),
(23, 1489),
(23, 1490),
(23, 1491),
(23, 1492),
(23, 1493),
(23, 1494),
(23, 1495),
(23, 1496),
(23, 1497),
(23, 1499),
(23, 1500),
(23, 1502),
(23, 1503),
(23, 1504),
(23, 1505),
(23, 1506),
(23, 1507),
(23, 1508),
(23, 1509),
(23, 1510),
(23, 1512),
(23, 1513),
(23, 1514),
(23, 1515),
(23, 1516),
(23, 1518),
(23, 1519),
(23, 1520),
(23, 1521),
(23, 1522),
(23, 1523),
(23, 1524),
(23, 1525),
(23, 1526),
(23, 1527),
(23, 1528),
(23, 1529),
(23, 1530),
(23, 1531),
(23, 1532),
(23, 1533),
(23, 1534),
(23, 1535),
(23, 1536),
(23, 1537),
(23, 1538),
(23, 1539),
(23, 1540),
(23, 1541),
(23, 1542),
(23, 1543),
(23, 1544),
(23, 1545),
(23, 1546),
(23, 1547),
(23, 1548),
(23, 1549),
(23, 1550),
(23, 1551),
(23, 1552),
(23, 1553),
(23, 1554),
(23, 1555),
(23, 1556),
(23, 1557),
(23, 1558),
(23, 1559),
(23, 1560),
(23, 1561),
(23, 1562),
(23, 1563),
(23, 1564),
(23, 1565),
(23, 1566),
(23, 1567),
(23, 1568),
(23, 1569),
(23, 1570),
(23, 1571),
(23, 1573),
(23, 1574),
(23, 1575),
(23, 1576),
(23, 1577),
(23, 1578),
(23, 1579),
(23, 1580),
(23, 1581),
(23, 1582),
(23, 1584),
(23, 1585),
(23, 1586),
(23, 1587),
(23, 1588),
(23, 1589),
(23, 1590),
(23, 1591),
(23, 1592),
(23, 1593),
(23, 1594),
(23, 1595),
(23, 1596),
(23, 1597),
(23, 1598),
(23, 1599),
(23, 1600),
(23, 1601),
(23, 1602),
(23, 1603),
(23, 1604),
(23, 1605),
(23, 1606),
(23, 1607),
(23, 1608),
(23, 1609),
(23, 1610),
(23, 1611),
(23, 1612),
(23, 1613),
(23, 1614),
(23, 1615),
(23, 1616),
(23, 1617),
(23, 1618),
(23, 1619),
(23, 1620),
(23, 1621),
(23, 1622),
(23, 1623),
(23, 1624),
(23, 1625),
(23, 1626),
(23, 1627),
(23, 1628),
(23, 1629),
(23, 1630),
(23, 1631),
(23, 1632),
(23, 1633),
(23, 1634),
(23, 1635),
(23, 1636),
(23, 1637),
(23, 1638),
(23, 1639),
(23, 1641),
(23, 1642),
(23, 1643),
(23, 1644),
(23, 1645),
(23, 1646),
(23, 1647),
(23, 1648),
(23, 1649),
(23, 1650),
(23, 1651),
(23, 1652),
(23, 1654),
(23, 1655),
(23, 1656),
(23, 1658),
(23, 1659),
(23, 1660),
(23, 1661),
(23, 1662),
(23, 1663),
(23, 1664),
(23, 1665),
(23, 1666),
(23, 1667),
(23, 1668),
(23, 1669),
(23, 1670),
(23, 1671),
(23, 1672),
(23, 1673),
(23, 1674),
(23, 1675),
(23, 1676),
(24, 311),
(24, 312),
(24, 313),
(24, 314),
(24, 315),
(24, 319),
(24, 323),
(24, 351),
(24, 355),
(24, 358),
(24, 359),
(24, 360),
(24, 365),
(24, 423),
(24, 535),
(24, 537),
(24, 539),
(24, 546),
(24, 555),
(24, 556),
(24, 562),
(24, 586),
(24, 587),
(24, 588),
(24, 595),
(24, 596),
(24, 597),
(24, 599),
(24, 600),
(24, 603),
(24, 606),
(24, 610),
(24, 611),
(24, 615),
(24, 616),
(24, 617),
(24, 619),
(24, 620),
(24, 621),
(24, 627),
(24, 628),
(24, 639),
(24, 640),
(24, 646),
(24, 648),
(24, 649),
(24, 650),
(24, 661),
(24, 687),
(24, 688),
(24, 691),
(24, 694),
(24, 707),
(24, 710),
(24, 711),
(24, 712),
(24, 714),
(24, 715),
(24, 716),
(24, 717),
(24, 753),
(24, 771),
(24, 772),
(24, 774),
(24, 775),
(24, 776),
(24, 779),
(24, 786),
(24, 806),
(24, 808),
(24, 809),
(24, 811),
(24, 812),
(24, 843),
(24, 844),
(24, 848),
(24, 857),
(24, 872),
(24, 873),
(24, 875),
(24, 878),
(24, 879),
(24, 884),
(24, 891),
(24, 896),
(24, 897),
(24, 898),
(24, 899),
(24, 902),
(24, 903),
(24, 907),
(24, 919),
(24, 926),
(24, 935),
(24, 939),
(24, 944),
(24, 945),
(24, 946),
(24, 947),
(24, 948),
(24, 949),
(24, 950),
(24, 951),
(24, 952),
(24, 953),
(24, 954),
(24, 955),
(24, 956),
(24, 958),
(24, 960),
(24, 962),
(24, 963),
(24, 964),
(24, 965),
(24, 966),
(24, 967),
(24, 969),
(24, 970),
(24, 971),
(24, 972),
(24, 973),
(24, 974),
(24, 993),
(24, 994),
(24, 995),
(24, 1003),
(24, 1005),
(24, 1006),
(24, 1010),
(24, 1011),
(24, 1021),
(24, 1028),
(24, 1029),
(24, 1030),
(24, 1031),
(24, 1032),
(24, 1033),
(24, 1034),
(24, 1035),
(24, 1040),
(24, 1041),
(24, 1047),
(24, 1048),
(24, 1049),
(24, 1050),
(24, 1051),
(24, 1052),
(24, 1089),
(24, 1090),
(24, 1091),
(24, 1103),
(24, 1114),
(24, 1118),
(24, 1123),
(24, 1130),
(24, 1131),
(24, 1132),
(24, 1136),
(24, 1139),
(24, 1140),
(24, 1143),
(24, 1144),
(24, 1145),
(24, 1146),
(24, 1149),
(24, 1150),
(24, 1151),
(24, 1152),
(24, 1153),
(24, 1154),
(24, 1157),
(24, 1159),
(24, 1160),
(24, 1161),
(24, 1162),
(24, 1164),
(24, 1166),
(24, 1167),
(24, 1168),
(24, 1169),
(24, 1175),
(24, 1176),
(24, 1177),
(24, 1180),
(24, 1183),
(24, 1189),
(24, 1191),
(24, 1194),
(24, 1195),
(24, 1197),
(24, 1198),
(24, 1213),
(24, 1216),
(24, 1227),
(24, 1228),
(24, 1230),
(24, 1232),
(24, 1233),
(24, 1247),
(24, 1248),
(24, 1250),
(24, 1251),
(24, 1252),
(24, 1254),
(24, 1255),
(24, 1256),
(24, 1259),
(24, 1261),
(24, 1262),
(24, 1265),
(24, 1266),
(24, 1267),
(24, 1268),
(24, 1269),
(24, 1270),
(24, 1271),
(24, 1272),
(24, 1274),
(24, 1276),
(24, 1280),
(24, 1281),
(24, 1285),
(24, 1286),
(24, 1289),
(24, 1290),
(24, 1293),
(24, 1294),
(24, 1295),
(24, 1296),
(24, 1297),
(24, 1298),
(24, 1299),
(24, 1300),
(24, 1301),
(24, 1302),
(24, 1303),
(24, 1304),
(24, 1305),
(24, 1306),
(24, 1307),
(24, 1309),
(24, 1310),
(24, 1311),
(24, 1312),
(24, 1314),
(24, 1315),
(24, 1316),
(24, 1317),
(24, 1318),
(24, 1319),
(24, 1320),
(24, 1321),
(24, 1322),
(24, 1323),
(24, 1324),
(24, 1325),
(24, 1327),
(24, 1328),
(24, 1329),
(24, 1330),
(24, 1331),
(24, 1332),
(24, 1333),
(24, 1334),
(24, 1335),
(24, 1336),
(24, 1337),
(24, 1338),
(24, 1340),
(24, 1341),
(24, 1343),
(24, 1344),
(24, 1345),
(24, 1346),
(24, 1347),
(24, 1348),
(24, 1349),
(24, 1350),
(24, 1351),
(24, 1352),
(24, 1353),
(24, 1354),
(24, 1355),
(24, 1356),
(24, 1357),
(24, 1358),
(24, 1359),
(24, 1360),
(24, 1361),
(24, 1362),
(24, 1363),
(24, 1364),
(24, 1365),
(24, 1366),
(24, 1367),
(24, 1368),
(24, 1370),
(24, 1371),
(24, 1372),
(24, 1373),
(24, 1374),
(24, 1375),
(24, 1376),
(24, 1377),
(24, 1378),
(24, 1379),
(24, 1381),
(24, 1382),
(24, 1383),
(24, 1384),
(24, 1385),
(24, 1386),
(24, 1388),
(24, 1389),
(24, 1390),
(24, 1391),
(24, 1392),
(24, 1393),
(24, 1395),
(24, 1396),
(24, 1397),
(24, 1398),
(24, 1399),
(24, 1400),
(24, 1401),
(24, 1402),
(24, 1403),
(24, 1404),
(24, 1405),
(24, 1406),
(24, 1407),
(24, 1408),
(24, 1409),
(24, 1410),
(24, 1411),
(24, 1412),
(24, 1413),
(24, 1414),
(24, 1415),
(24, 1416),
(24, 1417),
(24, 1418),
(24, 1419),
(24, 1420),
(24, 1421),
(24, 1422),
(24, 1423),
(24, 1424),
(24, 1425),
(24, 1426),
(24, 1427),
(24, 1428),
(24, 1429),
(24, 1430),
(24, 1431),
(24, 1432),
(24, 1433),
(24, 1434),
(24, 1435),
(24, 1436),
(24, 1437),
(24, 1438),
(24, 1439),
(24, 1440),
(24, 1441),
(24, 1442),
(24, 1443),
(24, 1444),
(24, 1445),
(24, 1446),
(24, 1447),
(24, 1448),
(24, 1449),
(24, 1450),
(24, 1451),
(24, 1452),
(24, 1453),
(24, 1454),
(24, 1455),
(24, 1456),
(24, 1457),
(24, 1458),
(24, 1459),
(24, 1460),
(24, 1461),
(24, 1462),
(24, 1463),
(24, 1464),
(24, 1465),
(24, 1466),
(24, 1467),
(24, 1468),
(24, 1469),
(24, 1470),
(24, 1474),
(24, 1476),
(24, 1477),
(24, 1478),
(24, 1479),
(24, 1480),
(24, 1481),
(24, 1482),
(24, 1483),
(24, 1484),
(24, 1485),
(24, 1486),
(24, 1487),
(24, 1488),
(24, 1489),
(24, 1490),
(24, 1491),
(24, 1492),
(24, 1493),
(24, 1494),
(24, 1495),
(24, 1496),
(24, 1497),
(24, 1499),
(24, 1500),
(24, 1502),
(24, 1503),
(24, 1504),
(24, 1505),
(24, 1506),
(24, 1507),
(24, 1508),
(24, 1509),
(24, 1510),
(24, 1512),
(24, 1513),
(24, 1514),
(24, 1515),
(24, 1516),
(24, 1518),
(24, 1519),
(24, 1520),
(24, 1521),
(24, 1522),
(24, 1523),
(24, 1524),
(24, 1525),
(24, 1526),
(24, 1527),
(24, 1528),
(24, 1529),
(24, 1530),
(24, 1531),
(24, 1532),
(24, 1533),
(24, 1534),
(24, 1535),
(24, 1536),
(24, 1537),
(24, 1538),
(24, 1539),
(24, 1540),
(24, 1541),
(24, 1542),
(24, 1543),
(24, 1544),
(24, 1545),
(24, 1546),
(24, 1547),
(24, 1548),
(24, 1549),
(24, 1550),
(24, 1551),
(24, 1552),
(24, 1553),
(24, 1554),
(24, 1555),
(24, 1556),
(24, 1557),
(24, 1558),
(24, 1559),
(24, 1560),
(24, 1561),
(24, 1562),
(24, 1563),
(24, 1564),
(24, 1565),
(24, 1566),
(24, 1567),
(24, 1568),
(24, 1569),
(24, 1570),
(24, 1571),
(24, 1573),
(24, 1574),
(24, 1575),
(24, 1576),
(24, 1577),
(24, 1578),
(24, 1579),
(24, 1580),
(24, 1581),
(24, 1582),
(24, 1584),
(24, 1585),
(24, 1586),
(24, 1587),
(24, 1588),
(24, 1589),
(24, 1590),
(24, 1591),
(24, 1592),
(24, 1593),
(24, 1594),
(24, 1595),
(24, 1596),
(24, 1597),
(24, 1598),
(24, 1599),
(24, 1600),
(24, 1601),
(24, 1602),
(24, 1603),
(24, 1604),
(24, 1605),
(24, 1606),
(24, 1607),
(24, 1608),
(24, 1609),
(24, 1610),
(24, 1611),
(24, 1612),
(24, 1613),
(24, 1614),
(24, 1615),
(24, 1616),
(24, 1617),
(24, 1618),
(24, 1619),
(24, 1620),
(24, 1621),
(24, 1622),
(24, 1623),
(24, 1624),
(24, 1625),
(24, 1626),
(24, 1627),
(24, 1628),
(24, 1629),
(24, 1630),
(24, 1631),
(24, 1632),
(24, 1633),
(24, 1634),
(24, 1635),
(24, 1636),
(24, 1637),
(24, 1638),
(24, 1639),
(24, 1641),
(24, 1642),
(24, 1643),
(24, 1644),
(24, 1645),
(24, 1646),
(24, 1647),
(24, 1648),
(24, 1649),
(24, 1650),
(24, 1651),
(24, 1652),
(24, 1654),
(24, 1655),
(24, 1656),
(24, 1658),
(24, 1659),
(24, 1660),
(24, 1661),
(24, 1662),
(24, 1663),
(24, 1664),
(24, 1665),
(24, 1666),
(24, 1667),
(24, 1668),
(24, 1669),
(24, 1670),
(24, 1671),
(24, 1672),
(24, 1673),
(24, 1674),
(24, 1675),
(24, 1676),
(25, 211),
(25, 212),
(25, 213),
(25, 217),
(25, 225),
(25, 226),
(25, 229),
(25, 284),
(25, 288),
(25, 289),
(25, 306),
(25, 307),
(25, 310),
(25, 498),
(25, 499),
(25, 503),
(25, 508),
(25, 516),
(25, 519),
(25, 524),
(25, 538),
(25, 541),
(25, 542),
(25, 581),
(25, 582),
(25, 584),
(25, 585),
(25, 586),
(25, 587),
(25, 588),
(25, 592),
(25, 595),
(25, 596),
(25, 597),
(25, 599),
(25, 600),
(25, 603),
(25, 606),
(25, 611),
(25, 614),
(25, 615),
(25, 616),
(25, 618),
(25, 619),
(25, 620),
(25, 621),
(25, 624),
(25, 626),
(25, 629),
(25, 636),
(25, 644),
(25, 646),
(25, 660),
(25, 666),
(25, 667),
(25, 668),
(25, 678),
(25, 686),
(25, 687),
(25, 688),
(25, 691),
(25, 694),
(25, 696),
(25, 699),
(25, 700),
(25, 702),
(25, 707),
(25, 710),
(25, 711),
(25, 712),
(25, 714),
(25, 715),
(25, 716),
(25, 717),
(25, 753),
(25, 771),
(25, 772),
(25, 774),
(25, 775),
(25, 776),
(25, 779),
(25, 781),
(25, 782),
(25, 785),
(25, 786),
(25, 787),
(25, 789),
(25, 791),
(25, 792),
(25, 793),
(25, 794),
(25, 795),
(25, 805),
(25, 806),
(25, 807),
(25, 808),
(25, 809),
(25, 811),
(25, 812),
(25, 833),
(25, 835),
(25, 837),
(25, 839),
(25, 840),
(25, 841),
(25, 843),
(25, 844),
(25, 845),
(25, 848),
(25, 851),
(25, 852),
(25, 854),
(25, 857),
(25, 863),
(25, 864),
(25, 865),
(25, 868),
(25, 869),
(25, 870),
(25, 871),
(25, 872),
(25, 873),
(25, 874),
(25, 875),
(25, 878),
(25, 879),
(25, 884),
(25, 886),
(25, 890),
(25, 891),
(25, 892),
(25, 894),
(25, 895),
(25, 896),
(25, 897),
(25, 898),
(25, 899),
(25, 900),
(25, 902),
(25, 903),
(25, 904),
(25, 905),
(25, 907),
(25, 908),
(25, 909),
(25, 913),
(25, 914),
(25, 915),
(25, 916),
(25, 917),
(25, 919),
(25, 921),
(25, 926),
(25, 929),
(25, 930),
(25, 931),
(25, 932),
(25, 933),
(25, 934),
(25, 935),
(25, 936),
(25, 937),
(25, 938),
(25, 939),
(25, 940),
(25, 941),
(25, 943),
(25, 944),
(25, 945),
(25, 946),
(25, 947),
(25, 948),
(25, 949),
(25, 950),
(25, 951),
(25, 952),
(25, 953),
(25, 954),
(25, 955),
(25, 956),
(25, 958),
(25, 959),
(25, 960),
(25, 961),
(25, 962),
(25, 963),
(25, 964),
(25, 965),
(25, 966),
(25, 967),
(25, 969),
(25, 970),
(25, 971),
(25, 972),
(25, 973),
(25, 974),
(25, 976),
(25, 977),
(25, 978),
(25, 979),
(25, 980),
(25, 982),
(25, 983),
(25, 984),
(25, 985),
(25, 986),
(25, 987),
(25, 988),
(25, 989),
(25, 990),
(25, 991),
(25, 992),
(25, 993),
(25, 994),
(25, 995),
(25, 997),
(25, 998),
(25, 999),
(25, 1001),
(25, 1002),
(25, 1003),
(25, 1004),
(25, 1005),
(25, 1006),
(25, 1007),
(25, 1008),
(25, 1009),
(25, 1010),
(25, 1011),
(25, 1012),
(25, 1013),
(25, 1014),
(25, 1015),
(25, 1016),
(25, 1017),
(25, 1018),
(25, 1019),
(25, 1020),
(25, 1021),
(25, 1022),
(25, 1023),
(25, 1024),
(25, 1025),
(25, 1026),
(25, 1028),
(25, 1029),
(25, 1030),
(25, 1031),
(25, 1032),
(25, 1033),
(25, 1034),
(25, 1035),
(25, 1036),
(25, 1037),
(25, 1038),
(25, 1039),
(25, 1040),
(25, 1041),
(25, 1042),
(25, 1043),
(25, 1044),
(25, 1045),
(25, 1046),
(25, 1047),
(25, 1048),
(25, 1049),
(25, 1050),
(25, 1051),
(25, 1052),
(25, 1053),
(25, 1054),
(25, 1055),
(25, 1056),
(25, 1057),
(25, 1058),
(25, 1059),
(25, 1060),
(25, 1061),
(25, 1062),
(25, 1063),
(25, 1064),
(25, 1065),
(25, 1066),
(25, 1067),
(25, 1068),
(25, 1069),
(25, 1070),
(25, 1071),
(25, 1072),
(25, 1073),
(25, 1074),
(25, 1075),
(25, 1076),
(25, 1077),
(25, 1078),
(25, 1079),
(25, 1080),
(25, 1081),
(25, 1082),
(25, 1083),
(25, 1084),
(25, 1086),
(25, 1088),
(25, 1089),
(25, 1090),
(25, 1091),
(25, 1092),
(25, 1093),
(25, 1094),
(25, 1095),
(25, 1096),
(25, 1097),
(25, 1098),
(25, 1099),
(25, 1100),
(25, 1101),
(25, 1102),
(25, 1103),
(25, 1104),
(25, 1105),
(25, 1106),
(25, 1107),
(25, 1108),
(25, 1109),
(25, 1110),
(25, 1111),
(25, 1112),
(25, 1113),
(25, 1114),
(25, 1115),
(25, 1116),
(25, 1117),
(25, 1118),
(25, 1119),
(25, 1120),
(25, 1121),
(25, 1122),
(25, 1123),
(25, 1125),
(25, 1126),
(25, 1127),
(25, 1129),
(25, 1130),
(25, 1131),
(25, 1132),
(25, 1133),
(25, 1134),
(25, 1135),
(25, 1136),
(25, 1137),
(25, 1138),
(25, 1139),
(25, 1140),
(25, 1141),
(25, 1142),
(25, 1143),
(25, 1144),
(25, 1145),
(25, 1146),
(25, 1147),
(25, 1148),
(25, 1149),
(25, 1150),
(25, 1151),
(25, 1152),
(25, 1153),
(25, 1154),
(25, 1156),
(25, 1157),
(25, 1158),
(25, 1159),
(25, 1160),
(25, 1161),
(25, 1162),
(25, 1163),
(25, 1164),
(25, 1165),
(25, 1166),
(25, 1167),
(25, 1168),
(25, 1169),
(25, 1170),
(25, 1171),
(25, 1172),
(25, 1173),
(25, 1174),
(25, 1175),
(25, 1176),
(25, 1177),
(25, 1180),
(25, 1181),
(25, 1182),
(25, 1183),
(25, 1184),
(25, 1185),
(25, 1186),
(25, 1187),
(25, 1188),
(25, 1189),
(25, 1190),
(25, 1191),
(25, 1192),
(25, 1193),
(25, 1194),
(25, 1195),
(25, 1196),
(25, 1197),
(25, 1198),
(25, 1199),
(25, 1200),
(25, 1201),
(25, 1202),
(25, 1203),
(25, 1204),
(25, 1205),
(25, 1206),
(25, 1207),
(25, 1208),
(25, 1209),
(25, 1210),
(25, 1211),
(25, 1212),
(25, 1213),
(25, 1214),
(25, 1215),
(25, 1216),
(25, 1217),
(25, 1218),
(25, 1219),
(25, 1220),
(25, 1221),
(25, 1222),
(25, 1223),
(25, 1224),
(25, 1225),
(25, 1226),
(25, 1227),
(25, 1228),
(25, 1229),
(25, 1230),
(25, 1231),
(25, 1232),
(25, 1233),
(25, 1234),
(25, 1235),
(25, 1236),
(25, 1237),
(25, 1238),
(25, 1239),
(25, 1240),
(25, 1241),
(25, 1242),
(25, 1243),
(25, 1244),
(25, 1245),
(25, 1247),
(25, 1248),
(25, 1249),
(25, 1250),
(25, 1251),
(25, 1252),
(25, 1253),
(25, 1254),
(25, 1255),
(25, 1256),
(25, 1257),
(25, 1258),
(25, 1259),
(25, 1260),
(25, 1261),
(25, 1262),
(25, 1263),
(25, 1264),
(25, 1265),
(25, 1266),
(25, 1267),
(25, 1268),
(25, 1269),
(25, 1270),
(25, 1271),
(25, 1273),
(25, 1274),
(25, 1275),
(25, 1278),
(25, 1279),
(25, 1280),
(25, 1281),
(25, 1282),
(25, 1283),
(25, 1284),
(25, 1285),
(25, 1286),
(25, 1289),
(25, 1290),
(25, 1291),
(25, 1292),
(25, 1293),
(25, 1294),
(25, 1295),
(25, 1296),
(25, 1297),
(25, 1298),
(25, 1299),
(25, 1300),
(25, 1301),
(25, 1302),
(25, 1303),
(25, 1304),
(25, 1305),
(25, 1306),
(25, 1307),
(25, 1308),
(25, 1309),
(25, 1311),
(25, 1312),
(25, 1313),
(25, 1314),
(25, 1316),
(25, 1317),
(25, 1318),
(25, 1319),
(25, 1320),
(25, 1321),
(25, 1322),
(25, 1323),
(25, 1324),
(25, 1325),
(25, 1326),
(25, 1327),
(25, 1328),
(25, 1329),
(25, 1330),
(25, 1331),
(25, 1332),
(25, 1333),
(25, 1334),
(25, 1335),
(25, 1336),
(25, 1337),
(25, 1338),
(25, 1339),
(25, 1340),
(25, 1341),
(25, 1342),
(25, 1345),
(25, 1346),
(25, 1347),
(25, 1348),
(25, 1349),
(25, 1351),
(25, 1352),
(25, 1353),
(25, 1354),
(25, 1355),
(25, 1356),
(25, 1357),
(25, 1358),
(25, 1359),
(25, 1360),
(25, 1361),
(25, 1363),
(25, 1364),
(25, 1366),
(25, 1367),
(25, 1368),
(25, 1370),
(25, 1371),
(25, 1372),
(25, 1373),
(25, 1374),
(25, 1375),
(25, 1376),
(25, 1377),
(25, 1378),
(25, 1379),
(25, 1380),
(25, 1381),
(25, 1382),
(25, 1383),
(25, 1384),
(25, 1385),
(25, 1386),
(25, 1387),
(25, 1389),
(25, 1390),
(25, 1391),
(25, 1392),
(25, 1393),
(25, 1394),
(25, 1395),
(25, 1396),
(25, 1397),
(25, 1398),
(25, 1399),
(25, 1400),
(25, 1401),
(25, 1402),
(25, 1403),
(25, 1404),
(25, 1405),
(25, 1406),
(25, 1407),
(25, 1408),
(25, 1409),
(25, 1410),
(25, 1411),
(25, 1412),
(25, 1413),
(25, 1414),
(25, 1415),
(25, 1416),
(25, 1417),
(25, 1418),
(25, 1419),
(25, 1420),
(25, 1421),
(25, 1422),
(25, 1423),
(25, 1424),
(25, 1425),
(25, 1426),
(25, 1427),
(25, 1428),
(25, 1429),
(25, 1430),
(25, 1431),
(25, 1432),
(25, 1433),
(25, 1434),
(25, 1435),
(25, 1436),
(25, 1437),
(25, 1438),
(25, 1439),
(25, 1440),
(25, 1441),
(25, 1442),
(25, 1443),
(25, 1444),
(25, 1445),
(25, 1446),
(25, 1447),
(25, 1448),
(25, 1449),
(25, 1450),
(25, 1451),
(25, 1452),
(25, 1453),
(25, 1454),
(25, 1455),
(25, 1456),
(25, 1457),
(25, 1458),
(25, 1459),
(25, 1461),
(25, 1462),
(25, 1463),
(25, 1464),
(25, 1466),
(25, 1467),
(25, 1468),
(25, 1469),
(25, 1470),
(25, 1477),
(25, 1478),
(25, 1479),
(25, 1480),
(25, 1481),
(25, 1482),
(25, 1484),
(25, 1485),
(25, 1486),
(25, 1487),
(25, 1488),
(25, 1489),
(25, 1490),
(25, 1491),
(25, 1492),
(25, 1493),
(25, 1494),
(25, 1495),
(25, 1496),
(25, 1497),
(25, 1499),
(25, 1500),
(25, 1502),
(25, 1503),
(25, 1504),
(25, 1505),
(25, 1506),
(25, 1507),
(25, 1508),
(25, 1509),
(25, 1510),
(25, 1512),
(25, 1513),
(25, 1514),
(25, 1515),
(25, 1516),
(25, 1518),
(25, 1519),
(25, 1520),
(25, 1521),
(25, 1522),
(25, 1523),
(25, 1524),
(25, 1525),
(25, 1526),
(25, 1527),
(25, 1528),
(25, 1529),
(25, 1530),
(25, 1531),
(25, 1532),
(25, 1533),
(25, 1534),
(25, 1535),
(25, 1536),
(25, 1537),
(25, 1538),
(25, 1539),
(25, 1540),
(25, 1541),
(25, 1542),
(25, 1543),
(25, 1544),
(25, 1545),
(25, 1546),
(25, 1547),
(25, 1548),
(25, 1549),
(25, 1550),
(25, 1551),
(25, 1552),
(25, 1553),
(25, 1554),
(25, 1555),
(25, 1556),
(25, 1557),
(25, 1558),
(25, 1559),
(25, 1560),
(25, 1561),
(25, 1562),
(25, 1563),
(25, 1564),
(25, 1565),
(25, 1566),
(25, 1567),
(25, 1568),
(25, 1569),
(25, 1570),
(25, 1571),
(25, 1573),
(25, 1574),
(25, 1575),
(25, 1576),
(25, 1577),
(25, 1578),
(25, 1579),
(25, 1580),
(25, 1581),
(25, 1582),
(25, 1584),
(25, 1585),
(25, 1586),
(25, 1587),
(25, 1588),
(25, 1589),
(25, 1590),
(25, 1591),
(25, 1592),
(25, 1593),
(25, 1594),
(25, 1595),
(25, 1596),
(25, 1597),
(25, 1598),
(25, 1599),
(25, 1600),
(25, 1601),
(25, 1602),
(25, 1603),
(25, 1604),
(25, 1605),
(25, 1606),
(25, 1607),
(25, 1608),
(25, 1609),
(25, 1610),
(25, 1611),
(25, 1612),
(25, 1613),
(25, 1614),
(25, 1615),
(25, 1616),
(25, 1617),
(25, 1618),
(25, 1619),
(25, 1620),
(25, 1621),
(25, 1622),
(25, 1623),
(25, 1624),
(25, 1625),
(25, 1626),
(25, 1627),
(25, 1628),
(25, 1629),
(25, 1630),
(25, 1631),
(25, 1632),
(25, 1633),
(25, 1634),
(25, 1635),
(25, 1636),
(25, 1637),
(25, 1638),
(25, 1639),
(25, 1641),
(25, 1642),
(25, 1643),
(25, 1644),
(25, 1645),
(25, 1646),
(25, 1647),
(25, 1648),
(25, 1649),
(25, 1650),
(25, 1651),
(25, 1652),
(25, 1653),
(25, 1654),
(25, 1655),
(25, 1656),
(25, 1657),
(25, 1658),
(25, 1659),
(25, 1660),
(25, 1661),
(25, 1662),
(25, 1663),
(25, 1664),
(25, 1665),
(25, 1666),
(25, 1667),
(25, 1668),
(25, 1669),
(25, 1670),
(25, 1671),
(25, 1672),
(25, 1673),
(25, 1674),
(25, 1675),
(25, 1676),
(26, 842),
(26, 846),
(26, 847),
(26, 859),
(26, 901),
(26, 925),
(26, 942),
(26, 944),
(26, 947),
(27, 421),
(27, 422),
(27, 427),
(27, 428),
(27, 442),
(27, 443),
(27, 452),
(27, 458),
(27, 459),
(27, 479),
(27, 530),
(27, 559),
(27, 560),
(27, 565),
(27, 566),
(27, 571),
(27, 576),
(27, 577),
(27, 583),
(27, 590),
(27, 593),
(27, 594),
(27, 597),
(27, 598),
(27, 599),
(27, 600),
(27, 603),
(27, 606),
(27, 615),
(27, 616),
(27, 619),
(27, 646),
(27, 686),
(27, 687),
(27, 688),
(27, 691),
(27, 694),
(27, 696),
(27, 707),
(27, 710),
(27, 711),
(27, 712),
(27, 714),
(27, 715),
(27, 717),
(27, 753),
(27, 772),
(27, 775),
(27, 776),
(27, 779),
(27, 786),
(27, 809),
(27, 811),
(27, 812),
(27, 843),
(27, 844),
(27, 878),
(27, 879),
(27, 897),
(27, 898),
(27, 899),
(27, 902),
(27, 903),
(27, 906),
(27, 907),
(27, 918),
(27, 919),
(27, 922),
(27, 923),
(27, 925),
(27, 926),
(27, 927),
(27, 935),
(27, 938),
(27, 939),
(27, 940),
(27, 941),
(27, 942),
(27, 943),
(27, 946),
(27, 949),
(27, 950),
(27, 951),
(27, 952),
(27, 953),
(27, 954),
(27, 955),
(27, 956),
(27, 957),
(27, 958),
(27, 963),
(27, 965),
(27, 966),
(27, 967),
(27, 969),
(27, 970),
(27, 971),
(27, 972),
(27, 973),
(27, 976),
(27, 991),
(27, 992),
(27, 993),
(27, 994),
(27, 995),
(27, 997),
(27, 998),
(27, 999),
(27, 1001),
(27, 1002),
(27, 1004),
(27, 1005),
(27, 1006),
(27, 1007),
(27, 1008),
(27, 1009),
(27, 1010),
(27, 1011),
(27, 1014),
(27, 1015),
(27, 1016),
(27, 1017),
(27, 1018),
(27, 1019),
(27, 1020),
(27, 1021),
(27, 1022),
(27, 1023),
(27, 1024),
(27, 1025),
(27, 1026),
(27, 1028),
(27, 1029),
(27, 1031),
(27, 1033),
(27, 1038),
(27, 1039),
(27, 1040),
(27, 1041),
(27, 1044),
(27, 1045),
(27, 1047),
(27, 1048),
(27, 1049),
(27, 1050),
(27, 1051),
(27, 1052),
(27, 1054),
(27, 1055),
(27, 1057),
(27, 1058),
(27, 1059),
(27, 1060),
(27, 1061),
(27, 1062),
(27, 1063),
(27, 1064),
(27, 1066),
(27, 1067),
(27, 1068),
(27, 1069),
(27, 1070),
(27, 1071),
(27, 1072),
(27, 1073),
(27, 1074),
(27, 1075),
(27, 1076),
(27, 1077),
(27, 1078),
(27, 1079),
(27, 1080),
(27, 1081),
(27, 1082),
(27, 1086),
(27, 1089),
(27, 1090),
(27, 1091),
(27, 1095),
(27, 1100),
(27, 1101),
(27, 1102),
(27, 1103),
(27, 1104),
(27, 1105),
(27, 1106),
(27, 1107),
(27, 1108),
(27, 1109),
(27, 1112),
(27, 1115),
(27, 1118),
(27, 1119),
(27, 1120),
(27, 1122),
(27, 1123),
(27, 1124),
(27, 1126),
(27, 1127),
(27, 1130),
(27, 1131),
(27, 1132),
(27, 1133),
(27, 1134),
(27, 1135),
(27, 1136),
(27, 1137),
(27, 1138),
(27, 1140),
(27, 1141),
(27, 1142),
(27, 1143),
(27, 1145),
(27, 1147),
(27, 1148),
(27, 1149),
(27, 1150),
(27, 1151),
(27, 1152),
(27, 1153),
(27, 1154),
(27, 1156),
(27, 1157),
(27, 1158),
(27, 1159),
(27, 1160),
(27, 1163),
(27, 1165),
(27, 1167),
(27, 1168),
(27, 1175),
(27, 1176),
(27, 1177),
(27, 1180),
(27, 1181),
(27, 1182),
(27, 1183),
(27, 1184),
(27, 1185),
(27, 1186),
(27, 1188),
(27, 1189),
(27, 1192),
(27, 1193),
(27, 1194),
(27, 1195),
(27, 1197),
(27, 1198),
(27, 1199),
(27, 1200),
(27, 1201),
(27, 1202),
(27, 1203),
(27, 1204),
(27, 1205),
(27, 1206),
(27, 1207),
(27, 1208),
(27, 1209),
(27, 1210),
(27, 1211),
(27, 1212),
(27, 1214),
(27, 1217),
(27, 1219),
(27, 1223),
(27, 1224),
(27, 1226),
(27, 1227),
(27, 1229),
(27, 1231),
(27, 1232),
(27, 1233),
(27, 1234),
(27, 1235),
(27, 1236),
(27, 1237),
(27, 1238),
(27, 1239),
(27, 1241),
(27, 1242),
(27, 1243),
(27, 1245),
(27, 1247),
(27, 1248),
(27, 1251),
(27, 1253),
(27, 1254),
(27, 1255),
(27, 1256),
(27, 1257),
(27, 1258),
(27, 1259),
(27, 1260),
(27, 1262),
(27, 1263),
(27, 1264),
(27, 1265),
(27, 1266),
(27, 1267),
(27, 1268),
(27, 1269),
(27, 1270),
(27, 1272),
(27, 1274),
(27, 1275),
(27, 1276),
(27, 1278),
(27, 1279),
(27, 1280),
(27, 1281),
(27, 1282),
(27, 1283),
(27, 1285),
(27, 1286),
(27, 1289),
(27, 1290),
(27, 1291),
(27, 1294),
(27, 1295),
(27, 1296),
(27, 1297),
(27, 1298),
(27, 1299),
(27, 1300),
(27, 1301),
(27, 1302),
(27, 1303),
(27, 1304),
(27, 1305),
(27, 1307),
(27, 1309),
(27, 1310),
(27, 1311),
(27, 1312),
(27, 1313),
(27, 1315),
(27, 1317),
(27, 1318),
(27, 1320),
(27, 1321),
(27, 1323),
(27, 1328),
(27, 1329),
(27, 1337),
(27, 1338),
(27, 1340),
(27, 1341),
(27, 1343),
(27, 1344),
(27, 1345),
(27, 1346),
(27, 1347),
(27, 1348),
(27, 1350),
(27, 1351),
(27, 1352),
(27, 1353),
(27, 1354),
(27, 1355),
(27, 1357),
(27, 1358),
(27, 1364),
(27, 1365),
(27, 1366),
(27, 1367),
(27, 1368),
(27, 1369),
(27, 1371),
(27, 1372),
(27, 1373),
(27, 1375),
(27, 1376),
(27, 1378),
(27, 1379),
(27, 1380),
(27, 1382),
(27, 1383),
(27, 1384),
(27, 1385),
(27, 1387),
(27, 1389),
(27, 1390),
(27, 1391),
(27, 1392),
(27, 1394),
(27, 1395),
(27, 1396),
(27, 1397),
(27, 1398),
(27, 1399),
(27, 1400),
(27, 1401),
(27, 1402),
(27, 1403),
(27, 1404),
(27, 1405),
(27, 1406),
(27, 1407),
(27, 1408),
(27, 1409),
(27, 1410),
(27, 1411),
(27, 1412),
(27, 1413),
(27, 1414),
(27, 1415),
(27, 1416),
(27, 1417),
(27, 1418),
(27, 1419),
(27, 1420),
(27, 1421),
(27, 1422),
(27, 1423),
(27, 1424),
(27, 1425),
(27, 1426),
(27, 1427),
(27, 1428),
(27, 1429),
(27, 1430),
(27, 1431),
(27, 1432),
(27, 1433),
(27, 1434),
(27, 1435),
(27, 1436),
(27, 1437),
(27, 1438),
(27, 1439),
(27, 1440),
(27, 1441),
(27, 1442),
(27, 1443),
(27, 1444),
(27, 1445),
(27, 1446),
(27, 1447),
(27, 1448),
(27, 1449),
(27, 1450),
(27, 1451),
(27, 1452),
(27, 1453),
(27, 1454),
(27, 1455),
(27, 1456),
(27, 1457),
(27, 1458),
(27, 1459),
(27, 1460),
(27, 1461),
(27, 1462),
(27, 1463),
(27, 1464),
(27, 1465),
(27, 1466),
(27, 1467),
(27, 1468),
(27, 1469),
(27, 1470),
(27, 1471),
(27, 1472),
(27, 1473),
(27, 1474),
(27, 1476),
(27, 1477),
(27, 1478),
(27, 1479),
(27, 1480),
(27, 1481),
(27, 1482),
(27, 1483),
(27, 1484),
(27, 1485),
(27, 1486),
(27, 1487),
(27, 1488),
(27, 1489),
(27, 1490),
(27, 1491),
(27, 1492),
(27, 1493),
(27, 1494),
(27, 1495),
(27, 1496),
(27, 1497),
(27, 1498),
(27, 1499),
(27, 1500),
(27, 1501),
(27, 1502),
(27, 1503),
(27, 1504),
(27, 1505),
(27, 1506),
(27, 1507),
(27, 1508),
(27, 1509),
(27, 1510),
(27, 1511),
(27, 1512),
(27, 1513),
(27, 1514),
(27, 1515),
(27, 1516),
(27, 1517),
(27, 1518),
(27, 1519),
(27, 1520),
(27, 1521),
(27, 1522),
(27, 1523),
(27, 1524),
(27, 1525),
(27, 1526),
(27, 1527),
(27, 1528),
(27, 1529),
(27, 1530),
(27, 1531),
(27, 1532),
(27, 1533),
(27, 1534),
(27, 1535),
(27, 1536),
(27, 1537),
(27, 1538),
(27, 1539),
(27, 1540),
(27, 1541),
(27, 1542),
(27, 1543),
(27, 1544),
(27, 1545),
(27, 1546),
(27, 1547),
(27, 1548),
(27, 1549),
(27, 1550),
(27, 1551),
(27, 1552),
(27, 1553),
(27, 1554),
(27, 1555),
(27, 1556),
(27, 1557),
(27, 1558),
(27, 1559),
(27, 1560),
(27, 1561),
(27, 1562),
(27, 1563),
(27, 1564),
(27, 1565),
(27, 1566),
(27, 1567),
(27, 1568),
(27, 1569),
(27, 1570),
(27, 1571),
(27, 1572),
(27, 1573),
(27, 1574),
(27, 1575),
(27, 1576),
(27, 1577),
(27, 1578),
(27, 1579),
(27, 1580),
(27, 1581),
(27, 1582),
(27, 1583),
(27, 1584),
(27, 1585),
(27, 1586),
(27, 1587),
(27, 1588),
(27, 1589),
(27, 1590),
(27, 1591),
(27, 1592),
(27, 1593),
(27, 1594),
(27, 1595),
(27, 1596),
(27, 1597),
(27, 1598),
(27, 1599),
(27, 1600),
(27, 1601),
(27, 1602),
(27, 1603),
(27, 1604),
(27, 1605),
(27, 1606),
(27, 1607),
(27, 1608),
(27, 1609),
(27, 1610),
(27, 1611),
(27, 1612),
(27, 1613),
(27, 1614),
(27, 1615),
(27, 1616),
(27, 1617),
(27, 1618),
(27, 1619),
(27, 1620),
(27, 1621),
(27, 1622),
(27, 1623),
(27, 1624),
(27, 1625),
(27, 1626),
(27, 1627),
(27, 1628),
(27, 1629),
(27, 1630),
(27, 1631),
(27, 1632),
(27, 1633),
(27, 1634),
(27, 1635),
(27, 1636),
(27, 1637),
(27, 1638),
(27, 1639),
(27, 1640),
(27, 1641),
(27, 1642),
(27, 1643),
(27, 1644),
(27, 1645),
(27, 1646),
(27, 1647),
(27, 1648),
(27, 1649),
(27, 1650),
(27, 1651),
(27, 1652),
(27, 1653),
(27, 1654),
(27, 1655),
(27, 1656),
(27, 1657),
(27, 1658),
(27, 1659),
(27, 1660),
(27, 1661),
(27, 1662),
(27, 1663),
(27, 1664),
(27, 1665),
(27, 1666),
(27, 1667),
(27, 1668),
(27, 1669),
(27, 1670),
(27, 1671),
(27, 1672),
(27, 1673),
(27, 1674),
(27, 1675),
(27, 1676);

-- --------------------------------------------------------

--
-- Table structure for table `race_culture`
--

CREATE TABLE IF NOT EXISTS `race_culture` (
  `id_race` int(3) unsigned NOT NULL,
  `id_culture` int(3) unsigned NOT NULL,
  `rare` tinyint(1) DEFAULT NULL,
  KEY `id_race` (`id_race`),
  KEY `id_culture` (`id_culture`),
  KEY `rare` (`rare`)
) ENGINE=MyISAM DEFAULT CHARSET=utf8;

--
-- Dumping data for table `race_culture`
--

INSERT INTO `race_culture` (`id_race`, `id_culture`, `rare`) VALUES
(1, 1, 0),
(1, 2, 0),
(1, 3, 0),
(1, 4, 0),
(1, 5, 0),
(1, 6, 0),
(1, 7, 0),
(1, 8, 0),
(1, 25, 0),
(1, 26, 0),
(1, 27, 0),
(1, 10, 1),
(1, 12, 1),
(1, 16, 1),
(1, 11, 1),
(1, 9, 1),
(25, 10, 0),
(25, 11, 0),
(25, 12, 0),
(25, 13, 0),
(25, 14, 0),
(25, 15, 0),
(25, 25, 0),
(25, 26, 0),
(25, 27, 0),
(25, 1, 1),
(25, 6, 1),
(25, 7, 1),
(25, 9, 1),
(2, 16, 0),
(2, 18, 0),
(2, 17, 0),
(2, 1, 1),
(2, 2, 1),
(2, 3, 1),
(2, 4, 1),
(2, 5, 1),
(2, 26, 1),
(2, 12, 1),
(2, 27, 1),
(3, 28, 0),
(3, 29, 0),
(3, 50, 1),
(3, 51, 1),
(3, 4, 1),
(3, 5, 1),
(3, 16, 1),
(3, 17, 1),
(3, 18, 1),
(3, 30, 1),
(4, 30, 0),
(4, 50, 1),
(4, 51, 1),
(4, 4, 1),
(4, 5, 1),
(4, 16, 1),
(4, 17, 1),
(4, 28, 1),
(5, 31, 0),
(5, 52, 1),
(5, 53, 1),
(5, 10, 1),
(6, 19, 0),
(6, 21, 0),
(6, 23, 0),
(6, 20, 0),
(6, 26, 0),
(6, 27, 0),
(6, 24, 1),
(6, 6, 1),
(6, 7, 1),
(6, 22, 1),
(6, 10, 1),
(7, 22, 0),
(7, 55, 0),
(7, 57, 0),
(7, 26, 0),
(7, 27, 0),
(7, 6, 1),
(7, 7, 1),
(7, 10, 1),
(7, 56, 1),
(7, 24, 1),
(7, 12, 1),
(7, 58, 1),
(26, 31, 0),
(6, 12, 1),
(27, 24, 0),
(27, 19, 1),
(27, 23, 1),
(27, 22, 1),
(27, 26, 1),
(27, 27, 1),
(27, 6, 1),
(27, 7, 1),
(27, 10, 1),
(27, 12, 1),
(27, 54, 1),
(8, 32, 0),
(8, 34, 0),
(8, 33, 0),
(8, 35, 1),
(8, 3, 1),
(8, 4, 1),
(8, 1, 1),
(8, 2, 1),
(8, 30, 1),
(8, 5, 1),
(8, 6, 1),
(8, 7, 1),
(9, 35, 0),
(9, 32, 1),
(9, 34, 1),
(9, 33, 1),
(9, 50, 1),
(9, 2, 1),
(9, 30, 1),
(9, 5, 1),
(10, 36, 0),
(10, 32, 1),
(10, 34, 1),
(10, 33, 1),
(10, 18, 1),
(10, 17, 1),
(10, 28, 1),
(10, 30, 1),
(10, 16, 1),
(11, 33, 0),
(11, 1, 0),
(11, 2, 0),
(11, 3, 0),
(11, 6, 0),
(11, 7, 0),
(11, 5, 0),
(11, 28, 0),
(11, 30, 0),
(11, 35, 1),
(11, 36, 1),
(11, 32, 1),
(11, 10, 1),
(11, 16, 1),
(11, 4, 1),
(11, 18, 1),
(11, 17, 1),
(13, 38, 0),
(13, 37, 1),
(13, 40, 1),
(13, 1, 1),
(13, 2, 1),
(13, 6, 1),
(13, 7, 1),
(13, 16, 1),
(13, 3, 1),
(13, 12, 1),
(13, 5, 1),
(14, 39, 0),
(14, 37, 1),
(14, 40, 1),
(14, 1, 1),
(14, 2, 1),
(14, 6, 1),
(14, 7, 1),
(14, 16, 1),
(14, 3, 1),
(14, 12, 1),
(14, 5, 1),
(12, 37, 0),
(12, 38, 1),
(12, 40, 1),
(12, 39, 1),
(12, 1, 1),
(12, 2, 1),
(12, 6, 1),
(12, 7, 1),
(12, 16, 1),
(12, 3, 1),
(12, 12, 1),
(12, 5, 1),
(16, 41, 0),
(17, 42, 0),
(17, 43, 0),
(17, 44, 0),
(17, 3, 1),
(17, 59, 1),
(17, 26, 1),
(17, 5, 1),
(17, 16, 1),
(18, 43, 0),
(18, 44, 1),
(18, 5, 1),
(18, 3, 1),
(18, 60, 1),
(18, 17, 1),
(17, 60, 1),
(19, 45, 0),
(19, 46, 0),
(19, 47, 0),
(19, 60, 0),
(19, 5, 1),
(19, 2, 1),
(19, 3, 1),
(19, 42, 1),
(19, 43, 1),
(20, 49, 0),
(20, 48, 0),
(20, 26, 1),
(20, 25, 1),
(22, 49, 0),
(23, 49, 0),
(23, 48, 0),
(24, 49, 0),
(24, 48, 0),
(15, 40, 0),
(15, 37, 1),
(15, 38, 1),
(15, 39, 1),
(15, 1, 1),
(15, 2, 1),
(15, 6, 1),
(15, 7, 1),
(15, 12, 1),
(13, 39, 1),
(14, 38, 1),
(24, 26, 1),
(24, 25, 1),
(23, 25, 1),
(23, 26, 1);

-- --------------------------------------------------------

--
-- Table structure for table `region`
--

CREATE TABLE IF NOT EXISTS `region` (
  `id` int(3) unsigned NOT NULL AUTO_INCREMENT,
  `name` varchar(50) NOT NULL,
  `id_category` int(3) unsigned NOT NULL,
  `picturePath` varchar(30) NOT NULL,
  `picturePathAlt` varchar(30) NOT NULL,
  PRIMARY KEY (`id`),
  KEY `name` (`name`),
  KEY `id_group` (`id_category`)
) ENGINE=MyISAM  DEFAULT CHARSET=utf8 AUTO_INCREMENT=15 ;

--
-- Dumping data for table `region`
--

INSERT INTO `region` (`id`, `name`, `id_category`, `picturePath`, `picturePathAlt`) VALUES
(1, 'Grimmfrostoede', 13, 'geo/region_1.png', ''),
(2, 'Totenmoor', 10, 'geo/region_2.png', ''),
(3, 'Bornwald', 11, 'geo/region_3.png', ''),
(4, 'Grüne Ebene', 9, 'geo/region_4.png', ''),
(5, 'Brinasker Marschen', 10, 'geo/region_5.png', ''),
(6, 'Orkland', 9, 'geo/region_6.png', ''),
(7, 'Nebelmoor', 10, 'geo/region_7.png', ''),
(8, 'Messergrassteppe', 9, 'geo/region_8.png', ''),
(9, 'Breitenau', 9, 'geo/region_9.png', ''),
(10, 'Goldene Au', 9, 'geo/region_10.png', ''),
(11, 'Mhanadistan', 9, 'geo/region_11.png', ''),
(12, 'Gorische Wüste', 13, 'geo/region_12.png', ''),
(13, 'Khôm-Wüste', 13, 'geo/region_13.png', ''),
(14, 'Echsensümpfe', 10, 'geo/region_14.png', '');

-- --------------------------------------------------------

--
-- Table structure for table `region_color`
--

CREATE TABLE IF NOT EXISTS `region_color` (
  `id_region` int(3) unsigned NOT NULL,
  `id_color` int(3) unsigned NOT NULL,
  KEY `id_region` (`id_region`),
  KEY `id_color` (`id_color`)
) ENGINE=MyISAM DEFAULT CHARSET=utf8;

--
-- Dumping data for table `region_color`
--

INSERT INTO `region_color` (`id_region`, `id_color`) VALUES
(1, 6),
(1, 26),
(2, 261),
(3, 306),
(3, 307),
(3, 308),
(3, 309),
(3, 310),
(3, 317),
(3, 321),
(3, 322),
(3, 325),
(3, 333),
(3, 340),
(3, 343),
(3, 349),
(3, 364),
(3, 370),
(3, 371),
(3, 385),
(3, 412),
(3, 419),
(3, 420),
(3, 426),
(3, 435),
(3, 436),
(3, 448),
(4, 256),
(4, 257),
(4, 258),
(4, 260),
(4, 282),
(4, 283),
(4, 287),
(4, 321),
(4, 322),
(4, 325),
(4, 326),
(4, 340),
(4, 343),
(4, 348),
(4, 364),
(4, 370),
(4, 371),
(4, 390),
(4, 400),
(4, 412),
(4, 419),
(4, 420),
(5, 172),
(5, 191),
(5, 216),
(5, 219),
(5, 220),
(5, 223),
(5, 268),
(5, 270),
(5, 273),
(5, 276),
(5, 291),
(5, 292),
(5, 352),
(5, 356),
(5, 361),
(5, 362),
(5, 366),
(5, 367),
(5, 368),
(5, 369),
(5, 372),
(5, 373),
(5, 377),
(5, 380),
(5, 382),
(5, 383),
(5, 384),
(5, 387),
(5, 388),
(5, 403),
(5, 415),
(5, 430),
(5, 440),
(6, 314),
(6, 315),
(6, 319),
(6, 320),
(6, 323),
(6, 358),
(6, 359),
(6, 360),
(6, 423),
(6, 429),
(6, 446),
(6, 453),
(6, 460),
(6, 462),
(6, 470),
(6, 475),
(6, 476),
(6, 495),
(6, 501),
(6, 505),
(6, 509),
(6, 535),
(6, 539),
(6, 556),
(6, 562),
(6, 563),
(6, 574),
(6, 575),
(6, 579),
(6, 607),
(6, 627),
(6, 638),
(6, 639),
(6, 648),
(6, 649),
(6, 673),
(6, 679),
(6, 681),
(7, 538),
(7, 540),
(7, 541),
(7, 547),
(8, 725),
(8, 726),
(8, 736),
(8, 737),
(8, 739),
(8, 745),
(8, 760),
(9, 773),
(9, 778),
(9, 788),
(9, 793),
(9, 795),
(9, 796),
(9, 798),
(9, 804),
(10, 856),
(10, 858),
(10, 881),
(10, 882),
(10, 883),
(10, 890),
(10, 894),
(10, 909),
(10, 911),
(10, 914),
(10, 916),
(10, 917),
(10, 921),
(10, 959),
(10, 961),
(10, 990),
(11, 1053),
(11, 1054),
(11, 1055),
(11, 1068),
(11, 1074),
(11, 1075),
(11, 1076),
(11, 1077),
(11, 1078),
(11, 1103),
(11, 1114),
(11, 1121),
(11, 1125),
(11, 1129),
(12, 1126),
(12, 1128),
(13, 1092),
(13, 1093),
(13, 1094),
(13, 1096),
(13, 1097),
(13, 1098),
(13, 1099),
(13, 1110),
(13, 1113),
(13, 1116),
(13, 1171),
(13, 1172),
(13, 1173),
(13, 1196),
(13, 1220),
(13, 1221),
(13, 1222),
(13, 1225),
(13, 1244),
(13, 1308),
(13, 1326),
(13, 1331),
(13, 1332),
(13, 1333),
(13, 1339),
(14, 1359),
(14, 1360),
(14, 1361),
(14, 1362),
(14, 1367),
(14, 1376),
(14, 1381),
(14, 1416),
(14, 1434),
(14, 1445),
(14, 1454),
(14, 1456),
(14, 1457);

-- --------------------------------------------------------

--
-- Table structure for table `region_content`
--

CREATE TABLE IF NOT EXISTS `region_content` (
  `id` int(11) NOT NULL AUTO_INCREMENT,
  `id_region` int(11) NOT NULL,
  `title` varchar(50) NOT NULL,
  `content` varchar(500) NOT NULL,
  `time` int(11) DEFAULT NULL,
  `overwrite` int(1) NOT NULL DEFAULT '1' COMMENT '1: nur akuteller eintrag',
  PRIMARY KEY (`id`),
  KEY `id_region` (`id_region`)
) ENGINE=MyISAM DEFAULT CHARSET=utf8 AUTO_INCREMENT=1 ;

-- --------------------------------------------------------

--
-- Table structure for table `water`
--

CREATE TABLE IF NOT EXISTS `water` (
  `id` int(3) unsigned NOT NULL AUTO_INCREMENT,
  `name` varchar(50) NOT NULL,
  `id_category` int(3) unsigned NOT NULL,
  `picturePath` varchar(30) NOT NULL,
  `picturePathAlt` varchar(30) NOT NULL,
  `picturePathSel` varchar(30) NOT NULL,
  `hierarchy` int(3) NOT NULL DEFAULT '0',
  PRIMARY KEY (`id`),
  KEY `name` (`name`),
  KEY `id_group` (`id_category`),
  KEY `hierarchy` (`hierarchy`)
) ENGINE=MyISAM  DEFAULT CHARSET=utf8 AUTO_INCREMENT=36 ;

--
-- Dumping data for table `water`
--

INSERT INTO `water` (`id`, `name`, `id_category`, `picturePath`, `picturePathAlt`, `picturePathSel`, `hierarchy`) VALUES
(1, 'Ifirns Ozean', 8, 'geo/water_1.png', '', '', 0),
(2, 'Golf von Riva', 8, 'geo/water_2.png', '', '', 1),
(3, 'Firunsstrasse', 8, 'geo/water_3.png', '', '', 1),
(4, 'Bernsteinbucht', 8, 'geo/water_4.png', '', '', 1),
(5, 'Brecheisbucht', 8, 'geo/water_5.png', '', '', 1),
(6, 'Swafnirsrast', 8, 'geo/water_6.png', '', '', 1),
(7, 'Freydirsbank', 8, 'geo/water_7.png', '', '', 1),
(8, 'Golf von Prem', 8, 'geo/water_8.png', '', '', 1),
(9, 'Meer der sieben Winde', 8, 'geo/water_9.png', '', '', 0),
(10, 'Zyklopensee', 8, 'geo/water_10.png', '', '', 1),
(11, 'Askanisches Meer', 8, 'geo/water_11.png', '', '', 1),
(12, 'Goldene Bucht', 8, 'geo/water_12.png', '', '', 1),
(13, 'Perlenmeer', 8, 'geo/water_13.png', '', '', 0),
(14, 'Selem-Grund', 8, 'geo/water_14.png', '', '', 1),
(15, 'Strasse von Sylla', 8, 'geo/water_15.png', '', '', 1),
(16, 'Alemitische Bucht', 8, 'geo/water_16.png', '', '', 1),
(17, 'Südmeer', 8, 'geo/water_17.png', '', '', 0),
(18, 'Charyptik', 8, 'geo/water_18.png', '', '', 1),
(19, 'Kaucatan', 8, 'geo/water_19.png', '', '', 1),
(20, 'Golf von Tuzak', 8, 'geo/water_20.png', '', '', 1),
(21, 'Maraskan Sund', 8, 'geo/water_21.png', '', '', 1),
(22, 'Golf von Perricum', 8, 'geo/water_22.png', '', '', 1),
(23, 'Tobrische See', 8, 'geo/water_23.png', '', '', 1),
(24, 'Festumer Bucht', 8, 'geo/water_24.png', '', '', 2),
(25, 'Flammberger Bucht', 8, 'geo/water_25.png', '', '', 2),
(26, 'Der blaue See', 7, 'geo/water_26.png', '', '', 0),
(27, 'Alavi-See', 7, 'geo/water_27.png', '', '', 0),
(28, 'Neunaugen-See', 7, 'geo/water_28.png', '', '', 0),
(29, 'Ysli-See', 7, 'geo/water_29.png', '', '', 0),
(30, 'Ochsenwasser', 7, 'geo/water_30.png', '', '', 0),
(31, 'Angbarer-See', 7, 'geo/water_31.png', '', '', 0),
(32, 'Thuransee', 7, 'geo/water_32.png', '', '', 0),
(33, 'Brack', 7, 'geo/water_33.png', '', '', 0),
(34, 'Loch Harodrôl', 7, 'geo/water_34.png', '', '', 0),
(35, 'Ciehanebi-Salzsee', 7, 'geo/water_35.png', '', '', 0);

-- --------------------------------------------------------

--
-- Table structure for table `water_color`
--

CREATE TABLE IF NOT EXISTS `water_color` (
  `id_water` int(3) unsigned NOT NULL,
  `id_color` int(3) unsigned NOT NULL,
  KEY `id_water` (`id_water`),
  KEY `id_color` (`id_color`)
) ENGINE=MyISAM DEFAULT CHARSET=utf8;

--
-- Dumping data for table `water_color`
--

INSERT INTO `water_color` (`id_water`, `id_color`) VALUES
(1, 1),
(1, 2),
(1, 4),
(1, 5),
(1, 7),
(1, 8),
(1, 9),
(1, 10),
(1, 12),
(1, 14),
(1, 18),
(1, 19),
(1, 20),
(1, 21),
(1, 24),
(1, 31),
(1, 36),
(1, 37),
(1, 40),
(1, 41),
(1, 42),
(1, 47),
(1, 49),
(1, 55),
(1, 60),
(1, 64),
(1, 66),
(1, 67),
(1, 68),
(1, 72),
(1, 82),
(1, 96),
(1, 97),
(1, 98),
(1, 100),
(1, 102),
(1, 107),
(1, 111),
(1, 114),
(1, 116),
(1, 117),
(1, 118),
(1, 122),
(1, 126),
(1, 127),
(1, 134),
(1, 139),
(1, 140),
(1, 141),
(1, 143),
(1, 144),
(1, 145),
(1, 149),
(1, 150),
(1, 155),
(1, 157),
(1, 160),
(1, 166),
(1, 168),
(1, 176),
(1, 177),
(1, 186),
(1, 192),
(1, 210),
(1, 221),
(1, 290),
(1, 329),
(1, 402),
(2, 42),
(2, 47),
(2, 55),
(2, 66),
(2, 67),
(2, 96),
(2, 100),
(2, 102),
(2, 111),
(2, 118),
(2, 122),
(2, 134),
(2, 144),
(2, 168),
(2, 177),
(2, 192),
(2, 210),
(2, 221),
(3, 8),
(3, 9),
(3, 12),
(3, 14),
(4, 18),
(4, 19),
(4, 20),
(4, 31),
(4, 60),
(4, 64),
(4, 68),
(4, 72),
(5, 4),
(5, 7),
(5, 10),
(5, 24),
(5, 36),
(5, 37),
(5, 40),
(5, 41),
(5, 49),
(5, 107),
(6, 149),
(6, 150),
(6, 290),
(6, 329),
(6, 402),
(7, 143),
(7, 145),
(7, 176),
(7, 186),
(8, 651),
(8, 655),
(8, 689),
(8, 692),
(8, 709),
(8, 746),
(8, 752),
(9, 93),
(9, 94),
(9, 105),
(9, 108),
(9, 112),
(9, 113),
(9, 128),
(9, 133),
(9, 135),
(9, 136),
(9, 156),
(9, 169),
(9, 171),
(9, 175),
(9, 185),
(9, 187),
(9, 189),
(9, 194),
(9, 195),
(9, 265),
(9, 267),
(9, 338),
(9, 409),
(9, 444),
(9, 484),
(9, 521),
(9, 522),
(9, 543),
(9, 551),
(9, 557),
(9, 561),
(9, 651),
(9, 655),
(9, 689),
(9, 692),
(9, 709),
(9, 746),
(9, 752),
(9, 802),
(9, 813),
(9, 814),
(9, 817),
(9, 877),
(9, 880),
(9, 910),
(9, 912),
(9, 928),
(9, 1080),
(9, 1081),
(9, 1086),
(9, 1101),
(9, 1115),
(9, 1147),
(9, 1155),
(9, 1156),
(9, 1158),
(9, 1179),
(9, 1199),
(9, 1206),
(9, 1210),
(9, 1211),
(9, 1212),
(9, 1217),
(9, 1223),
(9, 1229),
(9, 1234),
(9, 1235),
(9, 1238),
(9, 1241),
(9, 1243),
(9, 1246),
(9, 1253),
(9, 1258),
(9, 1272),
(9, 1275),
(9, 1279),
(9, 1283),
(9, 1288),
(9, 1289),
(9, 1295),
(9, 1296),
(9, 1297),
(9, 1301),
(9, 1302),
(9, 1315),
(9, 1350),
(9, 1357),
(9, 1358),
(9, 1463),
(9, 1466),
(9, 1469),
(9, 1471),
(9, 1472),
(10, 1179),
(10, 1199),
(10, 1206),
(10, 1210),
(10, 1211),
(10, 1212),
(10, 1217),
(10, 1223),
(10, 1229),
(10, 1234),
(10, 1235),
(10, 1238),
(10, 1241),
(10, 1243),
(10, 1246),
(10, 1253),
(10, 1258),
(10, 1272),
(10, 1275),
(10, 1279),
(10, 1283),
(10, 1289),
(10, 1295),
(10, 1296),
(10, 1297),
(10, 1301),
(10, 1302),
(11, 1288),
(11, 1315),
(11, 1350),
(11, 1357),
(11, 1358),
(11, 1463),
(11, 1466),
(11, 1469),
(11, 1472),
(12, 1496),
(12, 1497),
(12, 1498),
(12, 1500),
(12, 1518),
(12, 1531),
(13, 427),
(13, 428),
(13, 442),
(13, 459),
(13, 479),
(13, 559),
(13, 560),
(13, 566),
(13, 577),
(13, 583),
(13, 594),
(13, 598),
(13, 600),
(13, 606),
(13, 616),
(13, 646),
(13, 707),
(13, 712),
(13, 753),
(13, 776),
(13, 779),
(13, 812),
(13, 843),
(13, 878),
(13, 902),
(13, 903),
(13, 906),
(13, 907),
(13, 919),
(13, 922),
(13, 923),
(13, 926),
(13, 927),
(13, 939),
(13, 942),
(13, 952),
(13, 955),
(13, 956),
(13, 957),
(13, 971),
(13, 993),
(13, 995),
(13, 1021),
(13, 1028),
(13, 1052),
(13, 1091),
(13, 1118),
(13, 1123),
(13, 1124),
(13, 1131),
(13, 1136),
(13, 1160),
(13, 1177),
(13, 1180),
(13, 1232),
(13, 1247),
(13, 1248),
(13, 1255),
(13, 1256),
(13, 1262),
(13, 1267),
(13, 1268),
(13, 1285),
(13, 1305),
(13, 1320),
(13, 1323),
(13, 1345),
(13, 1346),
(13, 1348),
(13, 1351),
(13, 1368),
(13, 1369),
(13, 1372),
(13, 1373),
(13, 1430),
(13, 1431),
(13, 1432),
(13, 1439),
(13, 1440),
(13, 1441),
(13, 1447),
(13, 1448),
(13, 1449),
(13, 1450),
(13, 1452),
(13, 1455),
(13, 1458),
(13, 1470),
(13, 1485),
(13, 1496),
(13, 1497),
(13, 1498),
(13, 1500),
(13, 1502),
(13, 1505),
(13, 1508),
(13, 1511),
(13, 1512),
(13, 1515),
(13, 1516),
(13, 1518),
(13, 1520),
(13, 1523),
(13, 1526),
(13, 1531),
(13, 1535),
(13, 1541),
(13, 1556),
(13, 1565),
(13, 1566),
(13, 1567),
(13, 1593),
(13, 1597),
(13, 1599),
(13, 1601),
(13, 1603),
(13, 1605),
(13, 1611),
(13, 1612),
(13, 1617),
(13, 1619),
(13, 1624),
(13, 1627),
(13, 1628),
(13, 1631),
(13, 1634),
(13, 1639),
(13, 1640),
(13, 1643),
(13, 1647),
(13, 1648),
(13, 1658),
(13, 1662),
(13, 1663),
(13, 1668),
(13, 1673),
(14, 1368),
(14, 1369),
(14, 1372),
(14, 1430),
(14, 1431),
(14, 1432),
(14, 1439),
(14, 1440),
(14, 1441),
(14, 1447),
(14, 1448),
(14, 1449),
(14, 1450),
(14, 1452),
(14, 1455),
(14, 1458),
(15, 1517),
(15, 1522),
(15, 1533),
(15, 1540),
(15, 1553),
(16, 1580),
(16, 1583),
(16, 1586),
(16, 1588),
(16, 1589),
(16, 1591),
(17, 1473),
(17, 1475),
(17, 1489),
(17, 1490),
(17, 1501),
(17, 1507),
(17, 1517),
(17, 1522),
(17, 1527),
(17, 1533),
(17, 1540),
(17, 1543),
(17, 1544),
(17, 1553),
(17, 1557),
(17, 1564),
(17, 1570),
(17, 1572),
(17, 1577),
(17, 1578),
(17, 1580),
(17, 1583),
(17, 1586),
(17, 1588),
(17, 1589),
(17, 1591),
(17, 1592),
(17, 1595),
(17, 1609),
(17, 1610),
(17, 1614),
(17, 1616),
(17, 1623),
(17, 1635),
(17, 1637),
(17, 1646),
(17, 1651),
(17, 1652),
(17, 1653),
(17, 1656),
(17, 1660),
(17, 1666),
(17, 1670),
(17, 1671),
(17, 1672),
(17, 1676),
(18, 1501),
(18, 1507),
(18, 1527),
(18, 1543),
(18, 1544),
(18, 1557),
(18, 1570),
(18, 1595),
(18, 1609),
(18, 1614),
(18, 1623),
(18, 1635),
(18, 1646),
(18, 1651),
(18, 1652),
(18, 1653),
(18, 1666),
(18, 1671),
(18, 1672),
(18, 1676),
(19, 1511),
(19, 1512),
(19, 1515),
(19, 1516),
(19, 1523),
(19, 1556),
(19, 1565),
(19, 1566),
(19, 1567),
(19, 1593),
(19, 1597),
(19, 1599),
(19, 1601),
(19, 1603),
(19, 1605),
(19, 1611),
(19, 1612),
(19, 1617),
(19, 1619),
(19, 1624),
(19, 1627),
(19, 1628),
(19, 1631),
(19, 1634),
(19, 1639),
(19, 1640),
(19, 1643),
(19, 1647),
(19, 1648),
(19, 1658),
(19, 1662),
(19, 1663),
(19, 1668),
(19, 1673),
(20, 1123),
(20, 1124),
(20, 1131),
(20, 1136),
(20, 1160),
(20, 1180),
(20, 1232),
(20, 1305),
(21, 926),
(21, 927),
(21, 957),
(21, 993),
(21, 1021),
(21, 1028),
(21, 1052),
(21, 1091),
(22, 902),
(22, 903),
(22, 906),
(22, 922),
(22, 939),
(22, 942),
(22, 952),
(22, 955),
(22, 956),
(22, 971),
(23, 427),
(23, 428),
(23, 442),
(23, 459),
(23, 479),
(23, 559),
(23, 560),
(23, 566),
(23, 577),
(23, 583),
(23, 594),
(23, 598),
(23, 600),
(23, 606),
(23, 616),
(23, 646),
(23, 707),
(23, 712),
(23, 753),
(23, 776),
(23, 779),
(23, 812),
(23, 843),
(23, 878),
(23, 907),
(23, 957),
(23, 995),
(24, 559),
(24, 566),
(24, 577),
(24, 583),
(24, 594),
(24, 600),
(24, 606),
(24, 616),
(24, 646),
(24, 707),
(24, 712),
(25, 427),
(25, 428),
(25, 442),
(25, 459),
(26, 84),
(26, 89),
(27, 142),
(28, 526),
(28, 542),
(28, 547),
(29, 759),
(30, 850),
(31, 876),
(32, 783),
(33, 291),
(33, 292),
(34, 1325),
(34, 1329),
(35, 1244);

-- --------------------------------------------------------

--
-- Table structure for table `water_content`
--

CREATE TABLE IF NOT EXISTS `water_content` (
  `id` int(11) NOT NULL AUTO_INCREMENT,
  `id_water` int(11) NOT NULL,
  `title` varchar(50) NOT NULL,
  `content` varchar(500) NOT NULL,
  `time` int(11) DEFAULT NULL,
  `overwrite` int(1) NOT NULL DEFAULT '1' COMMENT '1: nur akuteller eintrag',
  PRIMARY KEY (`id`),
  KEY `id_water` (`id_water`)
) ENGINE=MyISAM DEFAULT CHARSET=utf8 AUTO_INCREMENT=1 ;

/*!40101 SET CHARACTER_SET_CLIENT=@OLD_CHARACTER_SET_CLIENT */;
/*!40101 SET CHARACTER_SET_RESULTS=@OLD_CHARACTER_SET_RESULTS */;
/*!40101 SET COLLATION_CONNECTION=@OLD_COLLATION_CONNECTION */;
